세트,school_id,학교명,지역,시정_확인필요,돌봄_확인필요,학교알리미_학교페이지,2-가_공시페이지,2-가_첨부,15-라_공시페이지,15-라_첨부,확인_4교시끝,확인_점심,확인_점심위치(4교시앞/뒤),확인_5교시끝,확인_돌봄기본종료,확인_돌봄연장종료,확인_출처(파일/쪽),확인일,확인자,메모
pilot,B000001882,서울신도초등학교,서울특별시,2-가 문서에서 시정표를 찾지 못함(요약본이거나 표가 이미지일 수 있음),15-라 계획에 1학년 오후돌봄 종료 시각이 없음 (방과후·돌봄 변경사항 심의안과 2025 결과보고서뿐),https://www.schoolinfo.go.kr/ei/ss/Pneiss_b01_s0.do?SHL_IDF_CD=23ae0dca-4322-4deb-9a3a-aa11e11f453c,https://www.schoolinfo.go.kr/ei/pp/Pneipp_b14_s0p.do?GS_HANGMOK_CD=14&GS_HANGMOK_NO=2-%EA%B0%80&GS_HANGMOK_NM=%ED%95%99%EA%B5%90%EA%B5%90%EC%9C%A1%EA%B3%BC%EC%A0%95+%ED%8E%B8%EC%84%B1%E3%86%8D%EC%9A%B4%EC%98%81+%EB%B0%8F+%ED%8F%89%EA%B0%80%EC%97%90+%EA%B4%80%ED%95%9C+%EC%82%AC%ED%95%AD&GS_BURYU_CD=JG100&JG_BURYU_CD=JG020&JG_HANGMOK_CD=05&JG_GUBUN=1&JG_YEAR2=2026&HG_NM=%EC%84%9C%EC%9A%B8%EC%8B%A0%EB%8F%84%EC%B4%88%EB%93%B1%ED%95%99%EA%B5%90&SHL_IDF_CD=23ae0dca-4322-4deb-9a3a-aa11e11f453c&GS_TYPE=Y&JG_YEAR=2026&SORT=BR&CHOSEN_JG_YEAR=2026&PRE_JG_YEAR=2026&LOAD_TYPE=single,2026학년도 신도초 학교교육과정 편성 운영 평가 계획.hwp / 2026학년도 신도초 연간 학사 일정.hwp,https://www.schoolinfo.go.kr/ei/pp/Pneipp_b73_s0p.do?GS_HANGMOK_CD=73&GS_HANGMOK_NO=15-%EB%9D%BC&GS_HANGMOK_NM=%EB%B0%A9%EA%B3%BC%ED%9B%84%ED%95%99%EA%B5%90+%EC%9A%B4%EC%98%81+%EA%B3%84%ED%9A%8D+%EB%B0%8F+%EC%9A%B4%EC%98%81%E3%86%8D%EC%A7%80%EC%9B%90%ED%98%84%ED%99%A9&GS_BURYU_CD=JG130&JG_BURYU_CD=JG150&JG_HANGMOK_CD=59&JG_GUBUN=1&JG_YEAR2=2026&HG_NM=%EC%84%9C%EC%9A%B8%EC%8B%A0%EB%8F%84%EC%B4%88%EB%93%B1%ED%95%99%EA%B5%90&SHL_IDF_CD=23ae0dca-4322-4deb-9a3a-aa11e11f453c&GS_TYPE=Y&JG_YEAR=2026&SORT=BR&CHOSEN_JG_YEAR=2026&PRE_JG_YEAR=2026&LOAD_TYPE=single,신도초_25학년도_늘봄학교_운영결과보고서_최종.hwp / (학운위 추가)2026학년도 방과후돌봄 운영계획 변경사항 및 확정강사료 심의(안).hwp / 방과후학교 과목별 운영 현황.xlsx,,,,,,,,,,
pilot,B000002151,서울거여초등학교,서울특별시,2-가 문서에서 시정표를 찾지 못함(요약본이거나 표가 이미지일 수 있음),15-라 계획에 1학년 오후돌봄 종료 시각이 없음 (방과후 계획과 2025 늘봄 계획뿐),https://www.schoolinfo.go.kr/ei/ss/Pneiss_b01_s0.do?SHL_IDF_CD=627d0709-424c-49e8-a5b6-1eb2389bf6d8,https://www.schoolinfo.go.kr/ei/pp/Pneipp_b14_s0p.do?GS_HANGMOK_CD=14&GS_HANGMOK_NO=2-%EA%B0%80&GS_HANGMOK_NM=%ED%95%99%EA%B5%90%EA%B5%90%EC%9C%A1%EA%B3%BC%EC%A0%95+%ED%8E%B8%EC%84%B1%E3%86%8D%EC%9A%B4%EC%98%81+%EB%B0%8F+%ED%8F%89%EA%B0%80%EC%97%90+%EA%B4%80%ED%95%9C+%EC%82%AC%ED%95%AD&GS_BURYU_CD=JG100&JG_BURYU_CD=JG020&JG_HANGMOK_CD=05&JG_GUBUN=1&JG_YEAR2=2026&HG_NM=%EC%84%9C%EC%9A%B8%EA%B1%B0%EC%97%AC%EC%B4%88%EB%93%B1%ED%95%99%EA%B5%90&SHL_IDF_CD=627d0709-424c-49e8-a5b6-1eb2389bf6d8&GS_TYPE=Y&JG_YEAR=2026&SORT=BR&CHOSEN_JG_YEAR=2026&PRE_JG_YEAR=2026&LOAD_TYPE=single,(정보공시)2026 서울거여초등학교 학년별 현장체험학습 운영 계획.hwp / (정보공시)2026학년도 서울거여초등학교 연간학사일정.hwpx / (정보공시)2026학년도 서울거여초등학교 학교교육과정 편성?운영?평가 계획.hwpx,https://www.schoolinfo.go.kr/ei/pp/Pneipp_b73_s0p.do?GS_HANGMOK_CD=73&GS_HANGMOK_NO=15-%EB%9D%BC&GS_HANGMOK_NM=%EB%B0%A9%EA%B3%BC%ED%9B%84%ED%95%99%EA%B5%90+%EC%9A%B4%EC%98%81+%EA%B3%84%ED%9A%8D+%EB%B0%8F+%EC%9A%B4%EC%98%81%E3%86%8D%EC%A7%80%EC%9B%90%ED%98%84%ED%99%A9&GS_BURYU_CD=JG130&JG_BURYU_CD=JG150&JG_HANGMOK_CD=59&JG_GUBUN=1&JG_YEAR2=2026&HG_NM=%EC%84%9C%EC%9A%B8%EA%B1%B0%EC%97%AC%EC%B4%88%EB%93%B1%ED%95%99%EA%B5%90&SHL_IDF_CD=627d0709-424c-49e8-a5b6-1eb2389bf6d8&GS_TYPE=Y&JG_YEAR=2026&SORT=BR&CHOSEN_JG_YEAR=2026&PRE_JG_YEAR=2026&LOAD_TYPE=single,(거여초)2026학년도 방과후 운영계획(안).hwp / (거여초)2025학년도 늘봄학교 운영 계획안.hwp,,,,,,,,,,
pilot,B000002186,서울신은초등학교,서울특별시,2-가 문서에서 시정표를 찾지 못함(요약본이거나 표가 이미지일 수 있음),,https://www.schoolinfo.go.kr/ei/ss/Pneiss_b01_s0.do?SHL_IDF_CD=8f7b4f41-3ece-4a02-bd9d-20a96d8915d6,https://www.schoolinfo.go.kr/ei/pp/Pneipp_b14_s0p.do?GS_HANGMOK_CD=14&GS_HANGMOK_NO=2-%EA%B0%80&GS_HANGMOK_NM=%ED%95%99%EA%B5%90%EA%B5%90%EC%9C%A1%EA%B3%BC%EC%A0%95+%ED%8E%B8%EC%84%B1%E3%86%8D%EC%9A%B4%EC%98%81+%EB%B0%8F+%ED%8F%89%EA%B0%80%EC%97%90+%EA%B4%80%ED%95%9C+%EC%82%AC%ED%95%AD&GS_BURYU_CD=JG100&JG_BURYU_CD=JG020&JG_HANGMOK_CD=05&JG_GUBUN=1&JG_YEAR2=2026&HG_NM=%EC%84%9C%EC%9A%B8%EC%8B%A0%EC%9D%80%EC%B4%88%EB%93%B1%ED%95%99%EA%B5%90&SHL_IDF_CD=8f7b4f41-3ece-4a02-bd9d-20a96d8915d6&GS_TYPE=Y&JG_YEAR=2026&SORT=BR&CHOSEN_JG_YEAR=2026&PRE_JG_YEAR=2026&LOAD_TYPE=single,2026학년도 신은초 학교교육과정 편성·운영·평가 계획.pdf / 2026학년도 신은초 연간학사일정.pdf,https://www.schoolinfo.go.kr/ei/pp/Pneipp_b73_s0p.do?GS_HANGMOK_CD=73&GS_HANGMOK_NO=15-%EB%9D%BC&GS_HANGMOK_NM=%EB%B0%A9%EA%B3%BC%ED%9B%84%ED%95%99%EA%B5%90+%EC%9A%B4%EC%98%81+%EA%B3%84%ED%9A%8D+%EB%B0%8F+%EC%9A%B4%EC%98%81%E3%86%8D%EC%A7%80%EC%9B%90%ED%98%84%ED%99%A9&GS_BURYU_CD=JG130&JG_BURYU_CD=JG150&JG_HANGMOK_CD=59&JG_GUBUN=1&JG_YEAR2=2026&HG_NM=%EC%84%9C%EC%9A%B8%EC%8B%A0%EC%9D%80%EC%B4%88%EB%93%B1%ED%95%99%EA%B5%90&SHL_IDF_CD=8f7b4f41-3ece-4a02-bd9d-20a96d8915d6&GS_TYPE=Y&JG_YEAR=2026&SORT=BR&CHOSEN_JG_YEAR=2026&PRE_JG_YEAR=2026&LOAD_TYPE=single,2026학년도 초등돌봄교실 운영계획(안).hwp / 2026학년도 신은초 맞춤형교실&amp;amp;방과후교실(위탁+민참) 프로그램 연간운영계획.hwp,,,,,,,,,,
pilot,B000002327,서울신우초등학교,서울특별시,2-가 문서에서 시정표를 찾지 못함(요약본이거나 표가 이미지일 수 있음),,https://www.schoolinfo.go.kr/ei/ss/Pneiss_b01_s0.do?SHL_IDF_CD=05f28bf4-9f9f-4006-903c-06592b6d88d3,https://www.schoolinfo.go.kr/ei/pp/Pneipp_b14_s0p.do?GS_HANGMOK_CD=14&GS_HANGMOK_NO=2-%EA%B0%80&GS_HANGMOK_NM=%ED%95%99%EA%B5%90%EA%B5%90%EC%9C%A1%EA%B3%BC%EC%A0%95+%ED%8E%B8%EC%84%B1%E3%86%8D%EC%9A%B4%EC%98%81+%EB%B0%8F+%ED%8F%89%EA%B0%80%EC%97%90+%EA%B4%80%ED%95%9C+%EC%82%AC%ED%95%AD&GS_BURYU_CD=JG100&JG_BURYU_CD=JG020&JG_HANGMOK_CD=05&JG_GUBUN=1&JG_YEAR2=2026&HG_NM=%EC%84%9C%EC%9A%B8%EC%8B%A0%EC%9A%B0%EC%B4%88%EB%93%B1%ED%95%99%EA%B5%90&SHL_IDF_CD=05f28bf4-9f9f-4006-903c-06592b6d88d3&GS_TYPE=Y&JG_YEAR=2026&SORT=BR&CHOSEN_JG_YEAR=2026&PRE_JG_YEAR=2026&LOAD_TYPE=single,2026학년도 서울신우초 학교교육과정 편성·운영·평가 계획.hwp / 2026학년도 서울신우초 연간학사일정.hwp,https://www.schoolinfo.go.kr/ei/pp/Pneipp_b73_s0p.do?GS_HANGMOK_CD=73&GS_HANGMOK_NO=15-%EB%9D%BC&GS_HANGMOK_NM=%EB%B0%A9%EA%B3%BC%ED%9B%84%ED%95%99%EA%B5%90+%EC%9A%B4%EC%98%81+%EA%B3%84%ED%9A%8D+%EB%B0%8F+%EC%9A%B4%EC%98%81%E3%86%8D%EC%A7%80%EC%9B%90%ED%98%84%ED%99%A9&GS_BURYU_CD=JG130&JG_BURYU_CD=JG150&JG_HANGMOK_CD=59&JG_GUBUN=1&JG_YEAR2=2026&HG_NM=%EC%84%9C%EC%9A%B8%EC%8B%A0%EC%9A%B0%EC%B4%88%EB%93%B1%ED%95%99%EA%B5%90&SHL_IDF_CD=05f28bf4-9f9f-4006-903c-06592b6d88d3&GS_TYPE=Y&JG_YEAR=2026&SORT=BR&CHOSEN_JG_YEAR=2026&PRE_JG_YEAR=2026&LOAD_TYPE=single,2026학년도 돌봄교실 운영 계획 및 안전관리 계획(정보공시).hwp / 2026 방과후맞춤형 교실 연간 운영계획(정보공시).hwp,,,,,,,,,,
pilot,B000002329,서울조원초등학교,서울특별시,,15-라 계획에 1학년 오후돌봄 종료 시각이 없음 (방과후 및 맞춤형 계획뿐),https://www.schoolinfo.go.kr/ei/ss/Pneiss_b01_s0.do?SHL_IDF_CD=78c7d968-dc3c-491c-b21f-348d2d0ac78b,https://www.schoolinfo.go.kr/ei/pp/Pneipp_b14_s0p.do?GS_HANGMOK_CD=14&GS_HANGMOK_NO=2-%EA%B0%80&GS_HANGMOK_NM=%ED%95%99%EA%B5%90%EA%B5%90%EC%9C%A1%EA%B3%BC%EC%A0%95+%ED%8E%B8%EC%84%B1%E3%86%8D%EC%9A%B4%EC%98%81+%EB%B0%8F+%ED%8F%89%EA%B0%80%EC%97%90+%EA%B4%80%ED%95%9C+%EC%82%AC%ED%95%AD&GS_BURYU_CD=JG100&JG_BURYU_CD=JG020&JG_HANGMOK_CD=05&JG_GUBUN=1&JG_YEAR2=2026&HG_NM=%EC%84%9C%EC%9A%B8%EC%A1%B0%EC%9B%90%EC%B4%88%EB%93%B1%ED%95%99%EA%B5%90&SHL_IDF_CD=78c7d968-dc3c-491c-b21f-348d2d0ac78b&GS_TYPE=Y&JG_YEAR=2026&SORT=BR&CHOSEN_JG_YEAR=2026&PRE_JG_YEAR=2026&LOAD_TYPE=single,(4월정보공시)연간학사일정.pdf / (4월정보공시)2026학년도 조원초 학교교육과정 편성·운영·평가 계획.pdf,https://www.schoolinfo.go.kr/ei/pp/Pneipp_b73_s0p.do?GS_HANGMOK_CD=73&GS_HANGMOK_NO=15-%EB%9D%BC&GS_HANGMOK_NM=%EB%B0%A9%EA%B3%BC%ED%9B%84%ED%95%99%EA%B5%90+%EC%9A%B4%EC%98%81+%EA%B3%84%ED%9A%8D+%EB%B0%8F+%EC%9A%B4%EC%98%81%E3%86%8D%EC%A7%80%EC%9B%90%ED%98%84%ED%99%A9&GS_BURYU_CD=JG130&JG_BURYU_CD=JG150&JG_HANGMOK_CD=59&JG_GUBUN=1&JG_YEAR2=2026&HG_NM=%EC%84%9C%EC%9A%B8%EC%A1%B0%EC%9B%90%EC%B4%88%EB%93%B1%ED%95%99%EA%B5%90&SHL_IDF_CD=78c7d968-dc3c-491c-b21f-348d2d0ac78b&GS_TYPE=Y&JG_YEAR=2026&SORT=BR&CHOSEN_JG_YEAR=2026&PRE_JG_YEAR=2026&LOAD_TYPE=single,(학운위) 2026학년도 방과후 및 맞춤형 프로그램  운영 계획(안).hwp,,,,,,,,,,
pilot,B000002346,서울신성초등학교,서울특별시,2-가 문서에서 시정표를 찾지 못함(요약본이거나 표가 이미지일 수 있음),,https://www.schoolinfo.go.kr/ei/ss/Pneiss_b01_s0.do?SHL_IDF_CD=ef38708f-95a0-4b9b-9a99-4cfdbd301e28,https://www.schoolinfo.go.kr/ei/pp/Pneipp_b14_s0p.do?GS_HANGMOK_CD=14&GS_HANGMOK_NO=2-%EA%B0%80&GS_HANGMOK_NM=%ED%95%99%EA%B5%90%EA%B5%90%EC%9C%A1%EA%B3%BC%EC%A0%95+%ED%8E%B8%EC%84%B1%E3%86%8D%EC%9A%B4%EC%98%81+%EB%B0%8F+%ED%8F%89%EA%B0%80%EC%97%90+%EA%B4%80%ED%95%9C+%EC%82%AC%ED%95%AD&GS_BURYU_CD=JG100&JG_BURYU_CD=JG020&JG_HANGMOK_CD=05&JG_GUBUN=1&JG_YEAR2=2026&HG_NM=%EC%84%9C%EC%9A%B8%EC%8B%A0%EC%84%B1%EC%B4%88%EB%93%B1%ED%95%99%EA%B5%90&SHL_IDF_CD=ef38708f-95a0-4b9b-9a99-4cfdbd301e28&GS_TYPE=Y&JG_YEAR=2026&SORT=BR&CHOSEN_JG_YEAR=2026&PRE_JG_YEAR=2026&LOAD_TYPE=single,2026학년도 신성초 학교교육과정 편성운영평가계획.pdf,https://www.schoolinfo.go.kr/ei/pp/Pneipp_b73_s0p.do?GS_HANGMOK_CD=73&GS_HANGMOK_NO=15-%EB%9D%BC&GS_HANGMOK_NM=%EB%B0%A9%EA%B3%BC%ED%9B%84%ED%95%99%EA%B5%90+%EC%9A%B4%EC%98%81+%EA%B3%84%ED%9A%8D+%EB%B0%8F+%EC%9A%B4%EC%98%81%E3%86%8D%EC%A7%80%EC%9B%90%ED%98%84%ED%99%A9&GS_BURYU_CD=JG130&JG_BURYU_CD=JG150&JG_HANGMOK_CD=59&JG_GUBUN=1&JG_YEAR2=2026&HG_NM=%EC%84%9C%EC%9A%B8%EC%8B%A0%EC%84%B1%EC%B4%88%EB%93%B1%ED%95%99%EA%B5%90&SHL_IDF_CD=ef38708f-95a0-4b9b-9a99-4cfdbd301e28&GS_TYPE=Y&JG_YEAR=2026&SORT=BR&CHOSEN_JG_YEAR=2026&PRE_JG_YEAR=2026&LOAD_TYPE=single,신성초_방과후학교 지원 현황.xlsx / 신성초_방과후학교 운영 현황.xlsx / 2026학년도 신성초 초등돌봄교실 운영 계획.hwp / 2026학년도 신성초 방과후학교 프로그램 운영 계획.hwp,,,,,,,,,,
pilot,B000002498,부산진초등학교,부산광역시,2-가 문서에서 시정표를 찾지 못함(요약본이거나 표가 이미지일 수 있음),,https://www.schoolinfo.go.kr/ei/ss/Pneiss_b01_s0.do?SHL_IDF_CD=0af5fa2b-ccdd-453a-be59-33b1de9d85a9,https://www.schoolinfo.go.kr/ei/pp/Pneipp_b14_s0p.do?GS_HANGMOK_CD=14&GS_HANGMOK_NO=2-%EA%B0%80&GS_HANGMOK_NM=%ED%95%99%EA%B5%90%EA%B5%90%EC%9C%A1%EA%B3%BC%EC%A0%95+%ED%8E%B8%EC%84%B1%E3%86%8D%EC%9A%B4%EC%98%81+%EB%B0%8F+%ED%8F%89%EA%B0%80%EC%97%90+%EA%B4%80%ED%95%9C+%EC%82%AC%ED%95%AD&GS_BURYU_CD=JG100&JG_BURYU_CD=JG020&JG_HANGMOK_CD=05&JG_GUBUN=1&JG_YEAR2=2026&HG_NM=%EB%B6%80%EC%82%B0%EC%A7%84%EC%B4%88%EB%93%B1%ED%95%99%EA%B5%90&SHL_IDF_CD=0af5fa2b-ccdd-453a-be59-33b1de9d85a9&GS_TYPE=Y&JG_YEAR=2026&SORT=BR&CHOSEN_JG_YEAR=2026&PRE_JG_YEAR=2026&LOAD_TYPE=single,2026학년도 부산진초 학교교육과정 편성·운영 및 평가계획.hwpx,https://www.schoolinfo.go.kr/ei/pp/Pneipp_b73_s0p.do?GS_HANGMOK_CD=73&GS_HANGMOK_NO=15-%EB%9D%BC&GS_HANGMOK_NM=%EB%B0%A9%EA%B3%BC%ED%9B%84%ED%95%99%EA%B5%90+%EC%9A%B4%EC%98%81+%EA%B3%84%ED%9A%8D+%EB%B0%8F+%EC%9A%B4%EC%98%81%E3%86%8D%EC%A7%80%EC%9B%90%ED%98%84%ED%99%A9&GS_BURYU_CD=JG130&JG_BURYU_CD=JG150&JG_HANGMOK_CD=59&JG_GUBUN=1&JG_YEAR2=2026&HG_NM=%EB%B6%80%EC%82%B0%EC%A7%84%EC%B4%88%EB%93%B1%ED%95%99%EA%B5%90&SHL_IDF_CD=0af5fa2b-ccdd-453a-be59-33b1de9d85a9&GS_TYPE=Y&JG_YEAR=2026&SORT=BR&CHOSEN_JG_YEAR=2026&PRE_JG_YEAR=2026&LOAD_TYPE=single,2026학년도 방과후·돌봄 운영 계획서_(5.7.).hwp,,,,,,,,,,
pilot,B000002512,당감초등학교,부산광역시,2-가 문서에서 시정표를 찾지 못함(요약본이거나 표가 이미지일 수 있음),,https://www.schoolinfo.go.kr/ei/ss/Pneiss_b01_s0.do?SHL_IDF_CD=8ed19d99-6964-449c-8988-d99a3c25bf7d,https://www.schoolinfo.go.kr/ei/pp/Pneipp_b14_s0p.do?GS_HANGMOK_CD=14&GS_HANGMOK_NO=2-%EA%B0%80&GS_HANGMOK_NM=%ED%95%99%EA%B5%90%EA%B5%90%EC%9C%A1%EA%B3%BC%EC%A0%95+%ED%8E%B8%EC%84%B1%E3%86%8D%EC%9A%B4%EC%98%81+%EB%B0%8F+%ED%8F%89%EA%B0%80%EC%97%90+%EA%B4%80%ED%95%9C+%EC%82%AC%ED%95%AD&GS_BURYU_CD=JG100&JG_BURYU_CD=JG020&JG_HANGMOK_CD=05&JG_GUBUN=1&JG_YEAR2=2026&HG_NM=%EB%8B%B9%EA%B0%90%EC%B4%88%EB%93%B1%ED%95%99%EA%B5%90&SHL_IDF_CD=8ed19d99-6964-449c-8988-d99a3c25bf7d&GS_TYPE=Y&JG_YEAR=2026&SORT=BR&CHOSEN_JG_YEAR=2026&PRE_JG_YEAR=2026&LOAD_TYPE=single,2026학년도 당감초 연간학사일정.hwpx / 2026학년도 당감초 학교교육과정 편성운영평가 계획.hwpx,https://www.schoolinfo.go.kr/ei/pp/Pneipp_b73_s0p.do?GS_HANGMOK_CD=73&GS_HANGMOK_NO=15-%EB%9D%BC&GS_HANGMOK_NM=%EB%B0%A9%EA%B3%BC%ED%9B%84%ED%95%99%EA%B5%90+%EC%9A%B4%EC%98%81+%EA%B3%84%ED%9A%8D+%EB%B0%8F+%EC%9A%B4%EC%98%81%E3%86%8D%EC%A7%80%EC%9B%90%ED%98%84%ED%99%A9&GS_BURYU_CD=JG130&JG_BURYU_CD=JG150&JG_HANGMOK_CD=59&JG_GUBUN=1&JG_YEAR2=2026&HG_NM=%EB%8B%B9%EA%B0%90%EC%B4%88%EB%93%B1%ED%95%99%EA%B5%90&SHL_IDF_CD=8ed19d99-6964-449c-8988-d99a3c25bf7d&GS_TYPE=Y&JG_YEAR=2026&SORT=BR&CHOSEN_JG_YEAR=2026&PRE_JG_YEAR=2026&LOAD_TYPE=single,★2026학년도 당감초등학교 방과후돌봄 운영계획(2차)-제출용.hwpx,,,,,,,,,,
pilot,B000002558,안락초등학교,부산광역시,2-가 문서에서 시정표를 찾지 못함(요약본이거나 표가 이미지일 수 있음),,https://www.schoolinfo.go.kr/ei/ss/Pneiss_b01_s0.do?SHL_IDF_CD=cf711939-f673-4afd-ad91-0af5064899c2,https://www.schoolinfo.go.kr/ei/pp/Pneipp_b14_s0p.do?GS_HANGMOK_CD=14&GS_HANGMOK_NO=2-%EA%B0%80&GS_HANGMOK_NM=%ED%95%99%EA%B5%90%EA%B5%90%EC%9C%A1%EA%B3%BC%EC%A0%95+%ED%8E%B8%EC%84%B1%E3%86%8D%EC%9A%B4%EC%98%81+%EB%B0%8F+%ED%8F%89%EA%B0%80%EC%97%90+%EA%B4%80%ED%95%9C+%EC%82%AC%ED%95%AD&GS_BURYU_CD=JG100&JG_BURYU_CD=JG020&JG_HANGMOK_CD=05&JG_GUBUN=1&JG_YEAR2=2026&HG_NM=%EC%95%88%EB%9D%BD%EC%B4%88%EB%93%B1%ED%95%99%EA%B5%90&SHL_IDF_CD=cf711939-f673-4afd-ad91-0af5064899c2&GS_TYPE=Y&JG_YEAR=2026&SORT=BR&CHOSEN_JG_YEAR=2026&PRE_JG_YEAR=2026&LOAD_TYPE=single,"2026학년도 안락초 학교교육과정 편성, 운영, 평가 계획.hwp / 2026학년도 안락초 연간학사일정.hwp",https://www.schoolinfo.go.kr/ei/pp/Pneipp_b73_s0p.do?GS_HANGMOK_CD=73&GS_HANGMOK_NO=15-%EB%9D%BC&GS_HANGMOK_NM=%EB%B0%A9%EA%B3%BC%ED%9B%84%ED%95%99%EA%B5%90+%EC%9A%B4%EC%98%81+%EA%B3%84%ED%9A%8D+%EB%B0%8F+%EC%9A%B4%EC%98%81%E3%86%8D%EC%A7%80%EC%9B%90%ED%98%84%ED%99%A9&GS_BURYU_CD=JG130&JG_BURYU_CD=JG150&JG_HANGMOK_CD=59&JG_GUBUN=1&JG_YEAR2=2026&HG_NM=%EC%95%88%EB%9D%BD%EC%B4%88%EB%93%B1%ED%95%99%EA%B5%90&SHL_IDF_CD=cf711939-f673-4afd-ad91-0af5064899c2&GS_TYPE=Y&JG_YEAR=2026&SORT=BR&CHOSEN_JG_YEAR=2026&PRE_JG_YEAR=2026&LOAD_TYPE=single,2026학년도 안락초 방과후·돌봄 운영 계획(2차 수정).hwp,,,,,,,,,,
pilot,B000002573,부곡초등학교,부산광역시,2-가 문서에서 시정표를 찾지 못함(요약본이거나 표가 이미지일 수 있음),,https://www.schoolinfo.go.kr/ei/ss/Pneiss_b01_s0.do?SHL_IDF_CD=4919b03b-5ae6-4cd7-89bf-cdc6c041d433,https://www.schoolinfo.go.kr/ei/pp/Pneipp_b14_s0p.do?GS_HANGMOK_CD=14&GS_HANGMOK_NO=2-%EA%B0%80&GS_HANGMOK_NM=%ED%95%99%EA%B5%90%EA%B5%90%EC%9C%A1%EA%B3%BC%EC%A0%95+%ED%8E%B8%EC%84%B1%E3%86%8D%EC%9A%B4%EC%98%81+%EB%B0%8F+%ED%8F%89%EA%B0%80%EC%97%90+%EA%B4%80%ED%95%9C+%EC%82%AC%ED%95%AD&GS_BURYU_CD=JG100&JG_BURYU_CD=JG020&JG_HANGMOK_CD=05&JG_GUBUN=1&JG_YEAR2=2026&HG_NM=%EB%B6%80%EA%B3%A1%EC%B4%88%EB%93%B1%ED%95%99%EA%B5%90&SHL_IDF_CD=4919b03b-5ae6-4cd7-89bf-cdc6c041d433&GS_TYPE=Y&JG_YEAR=2026&SORT=BR&CHOSEN_JG_YEAR=2026&PRE_JG_YEAR=2026&LOAD_TYPE=single,2026학년도 부곡초 학교교육과정 편성?운영?평가 계획.pdf,https://www.schoolinfo.go.kr/ei/pp/Pneipp_b73_s0p.do?GS_HANGMOK_CD=73&GS_HANGMOK_NO=15-%EB%9D%BC&GS_HANGMOK_NM=%EB%B0%A9%EA%B3%BC%ED%9B%84%ED%95%99%EA%B5%90+%EC%9A%B4%EC%98%81+%EA%B3%84%ED%9A%8D+%EB%B0%8F+%EC%9A%B4%EC%98%81%E3%86%8D%EC%A7%80%EC%9B%90%ED%98%84%ED%99%A9&GS_BURYU_CD=JG130&JG_BURYU_CD=JG150&JG_HANGMOK_CD=59&JG_GUBUN=1&JG_YEAR2=2026&HG_NM=%EB%B6%80%EA%B3%A1%EC%B4%88%EB%93%B1%ED%95%99%EA%B5%90&SHL_IDF_CD=4919b03b-5ae6-4cd7-89bf-cdc6c041d433&GS_TYPE=Y&JG_YEAR=2026&SORT=BR&CHOSEN_JG_YEAR=2026&PRE_JG_YEAR=2026&LOAD_TYPE=single,2026학년도 방과후·돌봄 운영 계획.hwp,,,,,,,,,,
pilot,B000002597,연일초등학교,부산광역시,2-가 문서에서 시정표를 찾지 못함(요약본이거나 표가 이미지일 수 있음),,https://www.schoolinfo.go.kr/ei/ss/Pneiss_b01_s0.do?SHL_IDF_CD=9393cf8a-8f1b-471e-b390-eadc7d62911f,https://www.schoolinfo.go.kr/ei/pp/Pneipp_b14_s0p.do?GS_HANGMOK_CD=14&GS_HANGMOK_NO=2-%EA%B0%80&GS_HANGMOK_NM=%ED%95%99%EA%B5%90%EA%B5%90%EC%9C%A1%EA%B3%BC%EC%A0%95+%ED%8E%B8%EC%84%B1%E3%86%8D%EC%9A%B4%EC%98%81+%EB%B0%8F+%ED%8F%89%EA%B0%80%EC%97%90+%EA%B4%80%ED%95%9C+%EC%82%AC%ED%95%AD&GS_BURYU_CD=JG100&JG_BURYU_CD=JG020&JG_HANGMOK_CD=05&JG_GUBUN=1&JG_YEAR2=2026&HG_NM=%EC%97%B0%EC%9D%BC%EC%B4%88%EB%93%B1%ED%95%99%EA%B5%90&SHL_IDF_CD=9393cf8a-8f1b-471e-b390-eadc7d62911f&GS_TYPE=Y&JG_YEAR=2026&SORT=BR&CHOSEN_JG_YEAR=2026&PRE_JG_YEAR=2026&LOAD_TYPE=single,2026 연간학사일정(연일초).hwp / 2026 학교교육과정 편성 운영 및 평가 계획(연일초).hwp,https://www.schoolinfo.go.kr/ei/pp/Pneipp_b73_s0p.do?GS_HANGMOK_CD=73&GS_HANGMOK_NO=15-%EB%9D%BC&GS_HANGMOK_NM=%EB%B0%A9%EA%B3%BC%ED%9B%84%ED%95%99%EA%B5%90+%EC%9A%B4%EC%98%81+%EA%B3%84%ED%9A%8D+%EB%B0%8F+%EC%9A%B4%EC%98%81%E3%86%8D%EC%A7%80%EC%9B%90%ED%98%84%ED%99%A9&GS_BURYU_CD=JG130&JG_BURYU_CD=JG150&JG_HANGMOK_CD=59&JG_GUBUN=1&JG_YEAR2=2026&HG_NM=%EC%97%B0%EC%9D%BC%EC%B4%88%EB%93%B1%ED%95%99%EA%B5%90&SHL_IDF_CD=9393cf8a-8f1b-471e-b390-eadc7d62911f&GS_TYPE=Y&JG_YEAR=2026&SORT=BR&CHOSEN_JG_YEAR=2026&PRE_JG_YEAR=2026&LOAD_TYPE=single,2026학년도 연일초 방과후.돌봄 운영 계획서(연일초).hwp,,,,,,,,,,
pilot,B000002957,인천공항초등학교,인천광역시,2-가 문서에서 시정표를 찾지 못함(요약본이거나 표가 이미지일 수 있음),,https://www.schoolinfo.go.kr/ei/ss/Pneiss_b01_s0.do?SHL_IDF_CD=0f28ece4-c287-4389-8a16-5ff813ff382e,https://www.schoolinfo.go.kr/ei/pp/Pneipp_b14_s0p.do?GS_HANGMOK_CD=14&GS_HANGMOK_NO=2-%EA%B0%80&GS_HANGMOK_NM=%ED%95%99%EA%B5%90%EA%B5%90%EC%9C%A1%EA%B3%BC%EC%A0%95+%ED%8E%B8%EC%84%B1%E3%86%8D%EC%9A%B4%EC%98%81+%EB%B0%8F+%ED%8F%89%EA%B0%80%EC%97%90+%EA%B4%80%ED%95%9C+%EC%82%AC%ED%95%AD&GS_BURYU_CD=JG100&JG_BURYU_CD=JG020&JG_HANGMOK_CD=05&JG_GUBUN=1&JG_YEAR2=2026&HG_NM=%EC%9D%B8%EC%B2%9C%EA%B3%B5%ED%95%AD%EC%B4%88%EB%93%B1%ED%95%99%EA%B5%90&SHL_IDF_CD=0f28ece4-c287-4389-8a16-5ff813ff382e&GS_TYPE=Y&JG_YEAR=2026&SORT=BR&CHOSEN_JG_YEAR=2026&PRE_JG_YEAR=2026&LOAD_TYPE=single,2026학년도 인천공항초 학교교육과정 운영계획(학사일정).hwp / 2026학년도 인천공항초등학교 학교교육계획.hwp / 2026학년도 인천공항초 현장체험학습 운영계획.hwp,https://www.schoolinfo.go.kr/ei/pp/Pneipp_b73_s0p.do?GS_HANGMOK_CD=73&GS_HANGMOK_NO=15-%EB%9D%BC&GS_HANGMOK_NM=%EB%B0%A9%EA%B3%BC%ED%9B%84%ED%95%99%EA%B5%90+%EC%9A%B4%EC%98%81+%EA%B3%84%ED%9A%8D+%EB%B0%8F+%EC%9A%B4%EC%98%81%E3%86%8D%EC%A7%80%EC%9B%90%ED%98%84%ED%99%A9&GS_BURYU_CD=JG130&JG_BURYU_CD=JG150&JG_HANGMOK_CD=59&JG_GUBUN=1&JG_YEAR2=2026&HG_NM=%EC%9D%B8%EC%B2%9C%EA%B3%B5%ED%95%AD%EC%B4%88%EB%93%B1%ED%95%99%EA%B5%90&SHL_IDF_CD=0f28ece4-c287-4389-8a16-5ff813ff382e&GS_TYPE=Y&JG_YEAR=2026&SORT=BR&CHOSEN_JG_YEAR=2026&PRE_JG_YEAR=2026&LOAD_TYPE=single,2026학년도 공항초 초등 방과후·돌봄(늘봄학교) 운영 계획.pdf,,,,,,,,,,
pilot,B000003015,인천구산초등학교,인천광역시,2-가 문서에서 시정표를 찾지 못함(요약본이거나 표가 이미지일 수 있음),,https://www.schoolinfo.go.kr/ei/ss/Pneiss_b01_s0.do?SHL_IDF_CD=169f87bc-49a1-457f-85ba-052ac64f0e48,https://www.schoolinfo.go.kr/ei/pp/Pneipp_b14_s0p.do?GS_HANGMOK_CD=14&GS_HANGMOK_NO=2-%EA%B0%80&GS_HANGMOK_NM=%ED%95%99%EA%B5%90%EA%B5%90%EC%9C%A1%EA%B3%BC%EC%A0%95+%ED%8E%B8%EC%84%B1%E3%86%8D%EC%9A%B4%EC%98%81+%EB%B0%8F+%ED%8F%89%EA%B0%80%EC%97%90+%EA%B4%80%ED%95%9C+%EC%82%AC%ED%95%AD&GS_BURYU_CD=JG100&JG_BURYU_CD=JG020&JG_HANGMOK_CD=05&JG_GUBUN=1&JG_YEAR2=2026&HG_NM=%EC%9D%B8%EC%B2%9C%EA%B5%AC%EC%82%B0%EC%B4%88%EB%93%B1%ED%95%99%EA%B5%90&SHL_IDF_CD=169f87bc-49a1-457f-85ba-052ac64f0e48&GS_TYPE=Y&JG_YEAR=2026&SORT=BR&CHOSEN_JG_YEAR=2026&PRE_JG_YEAR=2026&LOAD_TYPE=single,2026학년도 구산초 연간학사일정.pdf / 2026학년도 구산초 학교교육과정 편성 운영 및 평가 계획.pdf,https://www.schoolinfo.go.kr/ei/pp/Pneipp_b73_s0p.do?GS_HANGMOK_CD=73&GS_HANGMOK_NO=15-%EB%9D%BC&GS_HANGMOK_NM=%EB%B0%A9%EA%B3%BC%ED%9B%84%ED%95%99%EA%B5%90+%EC%9A%B4%EC%98%81+%EA%B3%84%ED%9A%8D+%EB%B0%8F+%EC%9A%B4%EC%98%81%E3%86%8D%EC%A7%80%EC%9B%90%ED%98%84%ED%99%A9&GS_BURYU_CD=JG130&JG_BURYU_CD=JG150&JG_HANGMOK_CD=59&JG_GUBUN=1&JG_YEAR2=2026&HG_NM=%EC%9D%B8%EC%B2%9C%EA%B5%AC%EC%82%B0%EC%B4%88%EB%93%B1%ED%95%99%EA%B5%90&SHL_IDF_CD=169f87bc-49a1-457f-85ba-052ac64f0e48&GS_TYPE=Y&JG_YEAR=2026&SORT=BR&CHOSEN_JG_YEAR=2026&PRE_JG_YEAR=2026&LOAD_TYPE=single,2026학년도 구산초 초등돌봄교실 운영 계획.hwp / 2026학년도 인천구산초등학교 방과후학교 운영 계획.hwp,,,,,,,,,,
pilot,B000003095,인천구월초등학교,인천광역시,2-가 문서에서 시정표를 찾지 못함(요약본이거나 표가 이미지일 수 있음),15-라 계획에 1학년 오후돌봄 종료 시각이 없음 (늘봄 프로그램 계획뿐),https://www.schoolinfo.go.kr/ei/ss/Pneiss_b01_s0.do?SHL_IDF_CD=8b778086-4fdb-4506-810a-df0085367d72,https://www.schoolinfo.go.kr/ei/pp/Pneipp_b14_s0p.do?GS_HANGMOK_CD=14&GS_HANGMOK_NO=2-%EA%B0%80&GS_HANGMOK_NM=%ED%95%99%EA%B5%90%EA%B5%90%EC%9C%A1%EA%B3%BC%EC%A0%95+%ED%8E%B8%EC%84%B1%E3%86%8D%EC%9A%B4%EC%98%81+%EB%B0%8F+%ED%8F%89%EA%B0%80%EC%97%90+%EA%B4%80%ED%95%9C+%EC%82%AC%ED%95%AD&GS_BURYU_CD=JG100&JG_BURYU_CD=JG020&JG_HANGMOK_CD=05&JG_GUBUN=1&JG_YEAR2=2026&HG_NM=%EC%9D%B8%EC%B2%9C%EA%B5%AC%EC%9B%94%EC%B4%88%EB%93%B1%ED%95%99%EA%B5%90&SHL_IDF_CD=8b778086-4fdb-4506-810a-df0085367d72&GS_TYPE=Y&JG_YEAR=2026&SORT=BR&CHOSEN_JG_YEAR=2026&PRE_JG_YEAR=2026&LOAD_TYPE=single,2026 구월초 학교교육과정 편성·운영·평가계획.hwp / 2026 연간 학사 일정.hwp,https://www.schoolinfo.go.kr/ei/pp/Pneipp_b73_s0p.do?GS_HANGMOK_CD=73&GS_HANGMOK_NO=15-%EB%9D%BC&GS_HANGMOK_NM=%EB%B0%A9%EA%B3%BC%ED%9B%84%ED%95%99%EA%B5%90+%EC%9A%B4%EC%98%81+%EA%B3%84%ED%9A%8D+%EB%B0%8F+%EC%9A%B4%EC%98%81%E3%86%8D%EC%A7%80%EC%9B%90%ED%98%84%ED%99%A9&GS_BURYU_CD=JG130&JG_BURYU_CD=JG150&JG_HANGMOK_CD=59&JG_GUBUN=1&JG_YEAR2=2026&HG_NM=%EC%9D%B8%EC%B2%9C%EA%B5%AC%EC%9B%94%EC%B4%88%EB%93%B1%ED%95%99%EA%B5%90&SHL_IDF_CD=8b778086-4fdb-4506-810a-df0085367d72&GS_TYPE=Y&JG_YEAR=2026&SORT=BR&CHOSEN_JG_YEAR=2026&PRE_JG_YEAR=2026&LOAD_TYPE=single,2026학년도 구월초 초등 방과후·돌봄 운영계획.hwp,,,,,,,,,,
pilot,B000003109,인천효성초등학교,인천광역시,시정표 제목만 있고 표 글자가 없음(이미지 표 가능),,https://www.schoolinfo.go.kr/ei/ss/Pneiss_b01_s0.do?SHL_IDF_CD=9138c798-1e8a-4887-9340-f7273cb268bd,https://www.schoolinfo.go.kr/ei/pp/Pneipp_b14_s0p.do?GS_HANGMOK_CD=14&GS_HANGMOK_NO=2-%EA%B0%80&GS_HANGMOK_NM=%ED%95%99%EA%B5%90%EA%B5%90%EC%9C%A1%EA%B3%BC%EC%A0%95+%ED%8E%B8%EC%84%B1%E3%86%8D%EC%9A%B4%EC%98%81+%EB%B0%8F+%ED%8F%89%EA%B0%80%EC%97%90+%EA%B4%80%ED%95%9C+%EC%82%AC%ED%95%AD&GS_BURYU_CD=JG100&JG_BURYU_CD=JG020&JG_HANGMOK_CD=05&JG_GUBUN=1&JG_YEAR2=2026&HG_NM=%EC%9D%B8%EC%B2%9C%ED%9A%A8%EC%84%B1%EC%B4%88%EB%93%B1%ED%95%99%EA%B5%90&SHL_IDF_CD=9138c798-1e8a-4887-9340-f7273cb268bd&GS_TYPE=Y&JG_YEAR=2026&SORT=BR&CHOSEN_JG_YEAR=2026&PRE_JG_YEAR=2026&LOAD_TYPE=single,"붙임2. 2026학년도 인천효성초등학교 연간학사일정.hwp / 붙임1. 2026학년도 인천효성초등학교 학교교육과정 편성,운영,평가,계획.pdf",https://www.schoolinfo.go.kr/ei/pp/Pneipp_b73_s0p.do?GS_HANGMOK_CD=73&GS_HANGMOK_NO=15-%EB%9D%BC&GS_HANGMOK_NM=%EB%B0%A9%EA%B3%BC%ED%9B%84%ED%95%99%EA%B5%90+%EC%9A%B4%EC%98%81+%EA%B3%84%ED%9A%8D+%EB%B0%8F+%EC%9A%B4%EC%98%81%E3%86%8D%EC%A7%80%EC%9B%90%ED%98%84%ED%99%A9&GS_BURYU_CD=JG130&JG_BURYU_CD=JG150&JG_HANGMOK_CD=59&JG_GUBUN=1&JG_YEAR2=2026&HG_NM=%EC%9D%B8%EC%B2%9C%ED%9A%A8%EC%84%B1%EC%B4%88%EB%93%B1%ED%95%99%EA%B5%90&SHL_IDF_CD=9138c798-1e8a-4887-9340-f7273cb268bd&GS_TYPE=Y&JG_YEAR=2026&SORT=BR&CHOSEN_JG_YEAR=2026&PRE_JG_YEAR=2026&LOAD_TYPE=single,"2025학년도 인천효성초등학교 선택형돌봄프로그램 운영계획(초등돌봄교실, 늘품꿈터).hwp / 2025학년도 인천효성초등학교 방과후학교 운영계획(아침늘봄, 맞춤형, 방과후학교).hwpx / 2026학년도 인천효성초등학교 초등 방과후.돌봄 운영계획.hwpx",,,,,,,,,,
pilot,B000003155,인천목향초등학교,인천광역시,2-가 문서에서 시정표를 찾지 못함(요약본이거나 표가 이미지일 수 있음),,https://www.schoolinfo.go.kr/ei/ss/Pneiss_b01_s0.do?SHL_IDF_CD=0c8dbf89-89a7-4a1a-a72b-b3b0d29c1b39,https://www.schoolinfo.go.kr/ei/pp/Pneipp_b14_s0p.do?GS_HANGMOK_CD=14&GS_HANGMOK_NO=2-%EA%B0%80&GS_HANGMOK_NM=%ED%95%99%EA%B5%90%EA%B5%90%EC%9C%A1%EA%B3%BC%EC%A0%95+%ED%8E%B8%EC%84%B1%E3%86%8D%EC%9A%B4%EC%98%81+%EB%B0%8F+%ED%8F%89%EA%B0%80%EC%97%90+%EA%B4%80%ED%95%9C+%EC%82%AC%ED%95%AD&GS_BURYU_CD=JG100&JG_BURYU_CD=JG020&JG_HANGMOK_CD=05&JG_GUBUN=1&JG_YEAR2=2026&HG_NM=%EC%9D%B8%EC%B2%9C%EB%AA%A9%ED%96%A5%EC%B4%88%EB%93%B1%ED%95%99%EA%B5%90&SHL_IDF_CD=0c8dbf89-89a7-4a1a-a72b-b3b0d29c1b39&GS_TYPE=Y&JG_YEAR=2026&SORT=BR&CHOSEN_JG_YEAR=2026&PRE_JG_YEAR=2026&LOAD_TYPE=single,인천목향초등학교 학사일정.hwpx / 인천목향초등학교 학교교육과정 편성·운영·평가 계획.hwpx,https://www.schoolinfo.go.kr/ei/pp/Pneipp_b73_s0p.do?GS_HANGMOK_CD=73&GS_HANGMOK_NO=15-%EB%9D%BC&GS_HANGMOK_NM=%EB%B0%A9%EA%B3%BC%ED%9B%84%ED%95%99%EA%B5%90+%EC%9A%B4%EC%98%81+%EA%B3%84%ED%9A%8D+%EB%B0%8F+%EC%9A%B4%EC%98%81%E3%86%8D%EC%A7%80%EC%9B%90%ED%98%84%ED%99%A9&GS_BURYU_CD=JG130&JG_BURYU_CD=JG150&JG_HANGMOK_CD=59&JG_GUBUN=1&JG_YEAR2=2026&HG_NM=%EC%9D%B8%EC%B2%9C%EB%AA%A9%ED%96%A5%EC%B4%88%EB%93%B1%ED%95%99%EA%B5%90&SHL_IDF_CD=0c8dbf89-89a7-4a1a-a72b-b3b0d29c1b39&GS_TYPE=Y&JG_YEAR=2026&SORT=BR&CHOSEN_JG_YEAR=2026&PRE_JG_YEAR=2026&LOAD_TYPE=single,인천목향초 2026학년도 초등 방과후.돌봄 운영 계획서_탑재용.hwpx,,,,,,,,,,
pilot,B000003738,초림초등학교,경기도,,15-라 계획에 1학년 오후돌봄 종료 시각이 없음 (공시 첨부의 '주중 12시~16시 30분'은 방과후 프로그램 운영 시간. 돌봄 시간 없음),https://www.schoolinfo.go.kr/ei/ss/Pneiss_b01_s0.do?SHL_IDF_CD=5701381d-8913-4237-85e6-0c9605a86c01,https://www.schoolinfo.go.kr/ei/pp/Pneipp_b14_s0p.do?GS_HANGMOK_CD=14&GS_HANGMOK_NO=2-%EA%B0%80&GS_HANGMOK_NM=%ED%95%99%EA%B5%90%EA%B5%90%EC%9C%A1%EA%B3%BC%EC%A0%95+%ED%8E%B8%EC%84%B1%E3%86%8D%EC%9A%B4%EC%98%81+%EB%B0%8F+%ED%8F%89%EA%B0%80%EC%97%90+%EA%B4%80%ED%95%9C+%EC%82%AC%ED%95%AD&GS_BURYU_CD=JG100&JG_BURYU_CD=JG020&JG_HANGMOK_CD=05&JG_GUBUN=1&JG_YEAR2=2026&HG_NM=%EC%B4%88%EB%A6%BC%EC%B4%88%EB%93%B1%ED%95%99%EA%B5%90&SHL_IDF_CD=5701381d-8913-4237-85e6-0c9605a86c01&GS_TYPE=Y&JG_YEAR=2026&SORT=BR&CHOSEN_JG_YEAR=2026&PRE_JG_YEAR=2026&LOAD_TYPE=single,2026학년도 초림초등학교 학교교육과정.hwp,https://www.schoolinfo.go.kr/ei/pp/Pneipp_b73_s0p.do?GS_HANGMOK_CD=73&GS_HANGMOK_NO=15-%EB%9D%BC&GS_HANGMOK_NM=%EB%B0%A9%EA%B3%BC%ED%9B%84%ED%95%99%EA%B5%90+%EC%9A%B4%EC%98%81+%EA%B3%84%ED%9A%8D+%EB%B0%8F+%EC%9A%B4%EC%98%81%E3%86%8D%EC%A7%80%EC%9B%90%ED%98%84%ED%99%A9&GS_BURYU_CD=JG130&JG_BURYU_CD=JG150&JG_HANGMOK_CD=59&JG_GUBUN=1&JG_YEAR2=2026&HG_NM=%EC%B4%88%EB%A6%BC%EC%B4%88%EB%93%B1%ED%95%99%EA%B5%90&SHL_IDF_CD=5701381d-8913-4237-85e6-0c9605a86c01&GS_TYPE=Y&JG_YEAR=2026&SORT=BR&CHOSEN_JG_YEAR=2026&PRE_JG_YEAR=2026&LOAD_TYPE=single,2026학년도 초림초 방과후돌봄 운영 계획.pdf,,,,,,,,,,
pilot,B000003740,안말초등학교,경기도,,"15-라 계획에 1학년 오후돌봄 종료 시각이 없음 (늘봄 프로그램 계획뿐, 돌봄 시간 없음)",https://www.schoolinfo.go.kr/ei/ss/Pneiss_b01_s0.do?SHL_IDF_CD=9432be23-2555-4cf6-b5cb-db39328bb87b,https://www.schoolinfo.go.kr/ei/pp/Pneipp_b14_s0p.do?GS_HANGMOK_CD=14&GS_HANGMOK_NO=2-%EA%B0%80&GS_HANGMOK_NM=%ED%95%99%EA%B5%90%EA%B5%90%EC%9C%A1%EA%B3%BC%EC%A0%95+%ED%8E%B8%EC%84%B1%E3%86%8D%EC%9A%B4%EC%98%81+%EB%B0%8F+%ED%8F%89%EA%B0%80%EC%97%90+%EA%B4%80%ED%95%9C+%EC%82%AC%ED%95%AD&GS_BURYU_CD=JG100&JG_BURYU_CD=JG020&JG_HANGMOK_CD=05&JG_GUBUN=1&JG_YEAR2=2026&HG_NM=%EC%95%88%EB%A7%90%EC%B4%88%EB%93%B1%ED%95%99%EA%B5%90&SHL_IDF_CD=9432be23-2555-4cf6-b5cb-db39328bb87b&GS_TYPE=Y&JG_YEAR=2026&SORT=BR&CHOSEN_JG_YEAR=2026&PRE_JG_YEAR=2026&LOAD_TYPE=single,★2026학년도 3학년 학교자율시간 운영 계획(안말초)(정보공시용).hwpx / ★2026학년도 안말초 학교 교육과정(정보공시용).hwp,https://www.schoolinfo.go.kr/ei/pp/Pneipp_b73_s0p.do?GS_HANGMOK_CD=73&GS_HANGMOK_NO=15-%EB%9D%BC&GS_HANGMOK_NM=%EB%B0%A9%EA%B3%BC%ED%9B%84%ED%95%99%EA%B5%90+%EC%9A%B4%EC%98%81+%EA%B3%84%ED%9A%8D+%EB%B0%8F+%EC%9A%B4%EC%98%81%E3%86%8D%EC%A7%80%EC%9B%90%ED%98%84%ED%99%A9&GS_BURYU_CD=JG130&JG_BURYU_CD=JG150&JG_HANGMOK_CD=59&JG_GUBUN=1&JG_YEAR2=2026&HG_NM=%EC%95%88%EB%A7%90%EC%B4%88%EB%93%B1%ED%95%99%EA%B5%90&SHL_IDF_CD=9432be23-2555-4cf6-b5cb-db39328bb87b&GS_TYPE=Y&JG_YEAR=2026&SORT=BR&CHOSEN_JG_YEAR=2026&PRE_JG_YEAR=2026&LOAD_TYPE=single,2026학년도 방과후학교 운영계획.pdf,,,,,,,,,,
pilot,B000003742,성남송현초등학교,경기도,2-가 문서에서 시정표를 찾지 못함(요약본이거나 표가 이미지일 수 있음),15-라 계획에 1학년 오후돌봄 종료 시각이 없음 (공시 첨부가 방과후학교 계획뿐),https://www.schoolinfo.go.kr/ei/ss/Pneiss_b01_s0.do?SHL_IDF_CD=82068094-4a43-43ff-bf09-8f704e7e945a,https://www.schoolinfo.go.kr/ei/pp/Pneipp_b14_s0p.do?GS_HANGMOK_CD=14&GS_HANGMOK_NO=2-%EA%B0%80&GS_HANGMOK_NM=%ED%95%99%EA%B5%90%EA%B5%90%EC%9C%A1%EA%B3%BC%EC%A0%95+%ED%8E%B8%EC%84%B1%E3%86%8D%EC%9A%B4%EC%98%81+%EB%B0%8F+%ED%8F%89%EA%B0%80%EC%97%90+%EA%B4%80%ED%95%9C+%EC%82%AC%ED%95%AD&GS_BURYU_CD=JG100&JG_BURYU_CD=JG020&JG_HANGMOK_CD=05&JG_GUBUN=1&JG_YEAR2=2026&HG_NM=%EC%84%B1%EB%82%A8%EC%86%A1%ED%98%84%EC%B4%88%EB%93%B1%ED%95%99%EA%B5%90&SHL_IDF_CD=82068094-4a43-43ff-bf09-8f704e7e945a&GS_TYPE=Y&JG_YEAR=2026&SORT=BR&CHOSEN_JG_YEAR=2026&PRE_JG_YEAR=2026&LOAD_TYPE=single,2026학년도 성남송현초등학교 연간학사일정.hwp / 정보공시2-가. 학교교육과정 편성·운영 및 평가에 관한 사항.pdf,https://www.schoolinfo.go.kr/ei/pp/Pneipp_b73_s0p.do?GS_HANGMOK_CD=73&GS_HANGMOK_NO=15-%EB%9D%BC&GS_HANGMOK_NM=%EB%B0%A9%EA%B3%BC%ED%9B%84%ED%95%99%EA%B5%90+%EC%9A%B4%EC%98%81+%EA%B3%84%ED%9A%8D+%EB%B0%8F+%EC%9A%B4%EC%98%81%E3%86%8D%EC%A7%80%EC%9B%90%ED%98%84%ED%99%A9&GS_BURYU_CD=JG130&JG_BURYU_CD=JG150&JG_HANGMOK_CD=59&JG_GUBUN=1&JG_YEAR2=2026&HG_NM=%EC%84%B1%EB%82%A8%EC%86%A1%ED%98%84%EC%B4%88%EB%93%B1%ED%95%99%EA%B5%90&SHL_IDF_CD=82068094-4a43-43ff-bf09-8f704e7e945a&GS_TYPE=Y&JG_YEAR=2026&SORT=BR&CHOSEN_JG_YEAR=2026&PRE_JG_YEAR=2026&LOAD_TYPE=single,2026?성남송현초 방과후학교?운영?계획.hwp,,,,,,,,,,
pilot,B000003744,판교초등학교,경기도,,15-라 계획에 1학년 오후돌봄 종료 시각이 없음 (공시 첨부가 방과후 프로그램 계획뿐),https://www.schoolinfo.go.kr/ei/ss/Pneiss_b01_s0.do?SHL_IDF_CD=d585ea24-79d4-42f1-8335-24bcd76595a0,https://www.schoolinfo.go.kr/ei/pp/Pneipp_b14_s0p.do?GS_HANGMOK_CD=14&GS_HANGMOK_NO=2-%EA%B0%80&GS_HANGMOK_NM=%ED%95%99%EA%B5%90%EA%B5%90%EC%9C%A1%EA%B3%BC%EC%A0%95+%ED%8E%B8%EC%84%B1%E3%86%8D%EC%9A%B4%EC%98%81+%EB%B0%8F+%ED%8F%89%EA%B0%80%EC%97%90+%EA%B4%80%ED%95%9C+%EC%82%AC%ED%95%AD&GS_BURYU_CD=JG100&JG_BURYU_CD=JG020&JG_HANGMOK_CD=05&JG_GUBUN=1&JG_YEAR2=2026&HG_NM=%ED%8C%90%EA%B5%90%EC%B4%88%EB%93%B1%ED%95%99%EA%B5%90&SHL_IDF_CD=d585ea24-79d4-42f1-8335-24bcd76595a0&GS_TYPE=Y&JG_YEAR=2026&SORT=BR&CHOSEN_JG_YEAR=2026&PRE_JG_YEAR=2026&LOAD_TYPE=single,학교교육과정 편성운영 및 평가(판교초).hwpx,https://www.schoolinfo.go.kr/ei/pp/Pneipp_b73_s0p.do?GS_HANGMOK_CD=73&GS_HANGMOK_NO=15-%EB%9D%BC&GS_HANGMOK_NM=%EB%B0%A9%EA%B3%BC%ED%9B%84%ED%95%99%EA%B5%90+%EC%9A%B4%EC%98%81+%EA%B3%84%ED%9A%8D+%EB%B0%8F+%EC%9A%B4%EC%98%81%E3%86%8D%EC%A7%80%EC%9B%90%ED%98%84%ED%99%A9&GS_BURYU_CD=JG130&JG_BURYU_CD=JG150&JG_HANGMOK_CD=59&JG_GUBUN=1&JG_YEAR2=2026&HG_NM=%ED%8C%90%EA%B5%90%EC%B4%88%EB%93%B1%ED%95%99%EA%B5%90&SHL_IDF_CD=d585ea24-79d4-42f1-8335-24bcd76595a0&GS_TYPE=Y&JG_YEAR=2026&SORT=BR&CHOSEN_JG_YEAR=2026&PRE_JG_YEAR=2026&LOAD_TYPE=single,2026학년도 판교초 방과후 프로그램 운영 계획.hwp,,,,,,,,,,
pilot,B000003746,신백현초등학교,경기도,2-가 문서에서 시정표를 찾지 못함(요약본이거나 표가 이미지일 수 있음),,https://www.schoolinfo.go.kr/ei/ss/Pneiss_b01_s0.do?SHL_IDF_CD=326772f5-02d5-4925-9d27-a3c0f5847bcf,https://www.schoolinfo.go.kr/ei/pp/Pneipp_b14_s0p.do?GS_HANGMOK_CD=14&GS_HANGMOK_NO=2-%EA%B0%80&GS_HANGMOK_NM=%ED%95%99%EA%B5%90%EA%B5%90%EC%9C%A1%EA%B3%BC%EC%A0%95+%ED%8E%B8%EC%84%B1%E3%86%8D%EC%9A%B4%EC%98%81+%EB%B0%8F+%ED%8F%89%EA%B0%80%EC%97%90+%EA%B4%80%ED%95%9C+%EC%82%AC%ED%95%AD&GS_BURYU_CD=JG100&JG_BURYU_CD=JG020&JG_HANGMOK_CD=05&JG_GUBUN=1&JG_YEAR2=2026&HG_NM=%EC%8B%A0%EB%B0%B1%ED%98%84%EC%B4%88%EB%93%B1%ED%95%99%EA%B5%90&SHL_IDF_CD=326772f5-02d5-4925-9d27-a3c0f5847bcf&GS_TYPE=Y&JG_YEAR=2026&SORT=BR&CHOSEN_JG_YEAR=2026&PRE_JG_YEAR=2026&LOAD_TYPE=single,2026학년도 신백현초 학사일정.pdf / 2026학년도 신백현초 학교교육과정 편성운영평가계획.hwp,https://www.schoolinfo.go.kr/ei/pp/Pneipp_b73_s0p.do?GS_HANGMOK_CD=73&GS_HANGMOK_NO=15-%EB%9D%BC&GS_HANGMOK_NM=%EB%B0%A9%EA%B3%BC%ED%9B%84%ED%95%99%EA%B5%90+%EC%9A%B4%EC%98%81+%EA%B3%84%ED%9A%8D+%EB%B0%8F+%EC%9A%B4%EC%98%81%E3%86%8D%EC%A7%80%EC%9B%90%ED%98%84%ED%99%A9&GS_BURYU_CD=JG130&JG_BURYU_CD=JG150&JG_HANGMOK_CD=59&JG_GUBUN=1&JG_YEAR2=2026&HG_NM=%EC%8B%A0%EB%B0%B1%ED%98%84%EC%B4%88%EB%93%B1%ED%95%99%EA%B5%90&SHL_IDF_CD=326772f5-02d5-4925-9d27-a3c0f5847bcf&GS_TYPE=Y&JG_YEAR=2026&SORT=BR&CHOSEN_JG_YEAR=2026&PRE_JG_YEAR=2026&LOAD_TYPE=single,2026 신백현초 방과후·돌봄 통합 운영 계획 계획(환불 규정 개정).hwp,,,,,,,,,,
pilot,B000003750,오리초등학교,경기도,,15-라 계획에 1학년 오후돌봄 종료 시각이 없음 (돌봄 인력은 있으나 운영 시간 없음),https://www.schoolinfo.go.kr/ei/ss/Pneiss_b01_s0.do?SHL_IDF_CD=4d201fe7-9c19-4f95-883f-6e9512e4c875,https://www.schoolinfo.go.kr/ei/pp/Pneipp_b14_s0p.do?GS_HANGMOK_CD=14&GS_HANGMOK_NO=2-%EA%B0%80&GS_HANGMOK_NM=%ED%95%99%EA%B5%90%EA%B5%90%EC%9C%A1%EA%B3%BC%EC%A0%95+%ED%8E%B8%EC%84%B1%E3%86%8D%EC%9A%B4%EC%98%81+%EB%B0%8F+%ED%8F%89%EA%B0%80%EC%97%90+%EA%B4%80%ED%95%9C+%EC%82%AC%ED%95%AD&GS_BURYU_CD=JG100&JG_BURYU_CD=JG020&JG_HANGMOK_CD=05&JG_GUBUN=1&JG_YEAR2=2026&HG_NM=%EC%98%A4%EB%A6%AC%EC%B4%88%EB%93%B1%ED%95%99%EA%B5%90&SHL_IDF_CD=4d201fe7-9c19-4f95-883f-6e9512e4c875&GS_TYPE=Y&JG_YEAR=2026&SORT=BR&CHOSEN_JG_YEAR=2026&PRE_JG_YEAR=2026&LOAD_TYPE=single,2026 안전한 현장체험학습 운영 계획.pdf / 2026학년도 연간주요학사일정 및 행사(4.10.수정).pdf / 2026 오리초 학교 교육과정.pdf,https://www.schoolinfo.go.kr/ei/pp/Pneipp_b73_s0p.do?GS_HANGMOK_CD=73&GS_HANGMOK_NO=15-%EB%9D%BC&GS_HANGMOK_NM=%EB%B0%A9%EA%B3%BC%ED%9B%84%ED%95%99%EA%B5%90+%EC%9A%B4%EC%98%81+%EA%B3%84%ED%9A%8D+%EB%B0%8F+%EC%9A%B4%EC%98%81%E3%86%8D%EC%A7%80%EC%9B%90%ED%98%84%ED%99%A9&GS_BURYU_CD=JG130&JG_BURYU_CD=JG150&JG_HANGMOK_CD=59&JG_GUBUN=1&JG_YEAR2=2026&HG_NM=%EC%98%A4%EB%A6%AC%EC%B4%88%EB%93%B1%ED%95%99%EA%B5%90&SHL_IDF_CD=4d201fe7-9c19-4f95-883f-6e9512e4c875&GS_TYPE=Y&JG_YEAR=2026&SORT=BR&CHOSEN_JG_YEAR=2026&PRE_JG_YEAR=2026&LOAD_TYPE=single,2026학년도 오리초 방과후돌봄 운영 계획(안)(2.13.).hwpx,,,,,,,,,,
pilot,B000003752,불곡초등학교,경기도,2-가 문서에서 시정표를 찾지 못함(요약본이거나 표가 이미지일 수 있음),,https://www.schoolinfo.go.kr/ei/ss/Pneiss_b01_s0.do?SHL_IDF_CD=27c56c22-c20f-4dc5-af24-9648bce71e0f,https://www.schoolinfo.go.kr/ei/pp/Pneipp_b14_s0p.do?GS_HANGMOK_CD=14&GS_HANGMOK_NO=2-%EA%B0%80&GS_HANGMOK_NM=%ED%95%99%EA%B5%90%EA%B5%90%EC%9C%A1%EA%B3%BC%EC%A0%95+%ED%8E%B8%EC%84%B1%E3%86%8D%EC%9A%B4%EC%98%81+%EB%B0%8F+%ED%8F%89%EA%B0%80%EC%97%90+%EA%B4%80%ED%95%9C+%EC%82%AC%ED%95%AD&GS_BURYU_CD=JG100&JG_BURYU_CD=JG020&JG_HANGMOK_CD=05&JG_GUBUN=1&JG_YEAR2=2026&HG_NM=%EB%B6%88%EA%B3%A1%EC%B4%88%EB%93%B1%ED%95%99%EA%B5%90&SHL_IDF_CD=27c56c22-c20f-4dc5-af24-9648bce71e0f&GS_TYPE=Y&JG_YEAR=2026&SORT=BR&CHOSEN_JG_YEAR=2026&PRE_JG_YEAR=2026&LOAD_TYPE=single,2026학년도 불곡초 연간학사일정.hwpx / 2026학년도 불곡초 학교교육과정 편성·운영·평가 계획.hwp,https://www.schoolinfo.go.kr/ei/pp/Pneipp_b73_s0p.do?GS_HANGMOK_CD=73&GS_HANGMOK_NO=15-%EB%9D%BC&GS_HANGMOK_NM=%EB%B0%A9%EA%B3%BC%ED%9B%84%ED%95%99%EA%B5%90+%EC%9A%B4%EC%98%81+%EA%B3%84%ED%9A%8D+%EB%B0%8F+%EC%9A%B4%EC%98%81%E3%86%8D%EC%A7%80%EC%9B%90%ED%98%84%ED%99%A9&GS_BURYU_CD=JG130&JG_BURYU_CD=JG150&JG_HANGMOK_CD=59&JG_GUBUN=1&JG_YEAR2=2026&HG_NM=%EB%B6%88%EA%B3%A1%EC%B4%88%EB%93%B1%ED%95%99%EA%B5%90&SHL_IDF_CD=27c56c22-c20f-4dc5-af24-9648bce71e0f&GS_TYPE=Y&JG_YEAR=2026&SORT=BR&CHOSEN_JG_YEAR=2026&PRE_JG_YEAR=2026&LOAD_TYPE=single,2026학년도 불곡초 방과후·돌봄 운영 계획.pdf,,,,,,,,,,
pilot,B000003753,성남매송초등학교,경기도,2-가 문서에서 시정표를 찾지 못함(요약본이거나 표가 이미지일 수 있음),,https://www.schoolinfo.go.kr/ei/ss/Pneiss_b01_s0.do?SHL_IDF_CD=11ecb1c6-9b7a-44cf-a803-57de3deb506b,https://www.schoolinfo.go.kr/ei/pp/Pneipp_b14_s0p.do?GS_HANGMOK_CD=14&GS_HANGMOK_NO=2-%EA%B0%80&GS_HANGMOK_NM=%ED%95%99%EA%B5%90%EA%B5%90%EC%9C%A1%EA%B3%BC%EC%A0%95+%ED%8E%B8%EC%84%B1%E3%86%8D%EC%9A%B4%EC%98%81+%EB%B0%8F+%ED%8F%89%EA%B0%80%EC%97%90+%EA%B4%80%ED%95%9C+%EC%82%AC%ED%95%AD&GS_BURYU_CD=JG100&JG_BURYU_CD=JG020&JG_HANGMOK_CD=05&JG_GUBUN=1&JG_YEAR2=2026&HG_NM=%EC%84%B1%EB%82%A8%EB%A7%A4%EC%86%A1%EC%B4%88%EB%93%B1%ED%95%99%EA%B5%90&SHL_IDF_CD=11ecb1c6-9b7a-44cf-a803-57de3deb506b&GS_TYPE=Y&JG_YEAR=2026&SORT=BR&CHOSEN_JG_YEAR=2026&PRE_JG_YEAR=2026&LOAD_TYPE=single,2026년 성남매송초 학사 일정.pdf / 2026학년도 성남매송초 학교교육과정 편성 운영 및 평가 사항.pdf,https://www.schoolinfo.go.kr/ei/pp/Pneipp_b73_s0p.do?GS_HANGMOK_CD=73&GS_HANGMOK_NO=15-%EB%9D%BC&GS_HANGMOK_NM=%EB%B0%A9%EA%B3%BC%ED%9B%84%ED%95%99%EA%B5%90+%EC%9A%B4%EC%98%81+%EA%B3%84%ED%9A%8D+%EB%B0%8F+%EC%9A%B4%EC%98%81%E3%86%8D%EC%A7%80%EC%9B%90%ED%98%84%ED%99%A9&GS_BURYU_CD=JG130&JG_BURYU_CD=JG150&JG_HANGMOK_CD=59&JG_GUBUN=1&JG_YEAR2=2026&HG_NM=%EC%84%B1%EB%82%A8%EB%A7%A4%EC%86%A1%EC%B4%88%EB%93%B1%ED%95%99%EA%B5%90&SHL_IDF_CD=11ecb1c6-9b7a-44cf-a803-57de3deb506b&GS_TYPE=Y&JG_YEAR=2026&SORT=BR&CHOSEN_JG_YEAR=2026&PRE_JG_YEAR=2026&LOAD_TYPE=single,2026학년도 성남매송초 방과후돌봄 운영 계획.hwpx / 26.1. 2026.성남매송초 초등돌봄교실 운영계획.hwp,,,,,,,,,,
pilot,B000003754,성남미금초등학교,경기도,2-가 문서에서 시정표를 찾지 못함(요약본이거나 표가 이미지일 수 있음),,https://www.schoolinfo.go.kr/ei/ss/Pneiss_b01_s0.do?SHL_IDF_CD=f426bd95-6d71-48c3-9198-7882cf678aa0,https://www.schoolinfo.go.kr/ei/pp/Pneipp_b14_s0p.do?GS_HANGMOK_CD=14&GS_HANGMOK_NO=2-%EA%B0%80&GS_HANGMOK_NM=%ED%95%99%EA%B5%90%EA%B5%90%EC%9C%A1%EA%B3%BC%EC%A0%95+%ED%8E%B8%EC%84%B1%E3%86%8D%EC%9A%B4%EC%98%81+%EB%B0%8F+%ED%8F%89%EA%B0%80%EC%97%90+%EA%B4%80%ED%95%9C+%EC%82%AC%ED%95%AD&GS_BURYU_CD=JG100&JG_BURYU_CD=JG020&JG_HANGMOK_CD=05&JG_GUBUN=1&JG_YEAR2=2026&HG_NM=%EC%84%B1%EB%82%A8%EB%AF%B8%EA%B8%88%EC%B4%88%EB%93%B1%ED%95%99%EA%B5%90&SHL_IDF_CD=f426bd95-6d71-48c3-9198-7882cf678aa0&GS_TYPE=Y&JG_YEAR=2026&SORT=BR&CHOSEN_JG_YEAR=2026&PRE_JG_YEAR=2026&LOAD_TYPE=single,2026학년도 성남미금초 연간학사일정.hwpx / 2026학년도 성남미금초 학교교육과정 편성·운영·평가 계획.hwpx,https://www.schoolinfo.go.kr/ei/pp/Pneipp_b73_s0p.do?GS_HANGMOK_CD=73&GS_HANGMOK_NO=15-%EB%9D%BC&GS_HANGMOK_NM=%EB%B0%A9%EA%B3%BC%ED%9B%84%ED%95%99%EA%B5%90+%EC%9A%B4%EC%98%81+%EA%B3%84%ED%9A%8D+%EB%B0%8F+%EC%9A%B4%EC%98%81%E3%86%8D%EC%A7%80%EC%9B%90%ED%98%84%ED%99%A9&GS_BURYU_CD=JG130&JG_BURYU_CD=JG150&JG_HANGMOK_CD=59&JG_GUBUN=1&JG_YEAR2=2026&HG_NM=%EC%84%B1%EB%82%A8%EB%AF%B8%EA%B8%88%EC%B4%88%EB%93%B1%ED%95%99%EA%B5%90&SHL_IDF_CD=f426bd95-6d71-48c3-9198-7882cf678aa0&GS_TYPE=Y&JG_YEAR=2026&SORT=BR&CHOSEN_JG_YEAR=2026&PRE_JG_YEAR=2026&LOAD_TYPE=single,2025 성남미금초 돌봄교실 주간학습안내(8월 4주).hwp / 2025 성남미금초 돌봄교실 주간학습안내(5월 3주).hwp / 2025 성남미금초 돌봄교실 주간학습안내(3월1주).hwp / 2026학년도 1분기 수익자 방과후 교육 징수명단.xls / [가정통신문]2025학년도 늘봄학교 1~4분기 선택형교육(수익자 부담) 정산서 공개_(2.19).hwp / 2026학년도성남미금초 돌봄교실 운영 계획_.hwp / 2026학년도 성남미금초 방과후돌봄학교 통합 운영 계획(안)_.hwp,,,,,,,,,,
pilot,B000003765,한솔초등학교,경기도,2-가 문서에서 시정표를 찾지 못함(요약본이거나 표가 이미지일 수 있음),,https://www.schoolinfo.go.kr/ei/ss/Pneiss_b01_s0.do?SHL_IDF_CD=cb00456b-4dfa-4f0e-aa76-26a2afea6247,https://www.schoolinfo.go.kr/ei/pp/Pneipp_b14_s0p.do?GS_HANGMOK_CD=14&GS_HANGMOK_NO=2-%EA%B0%80&GS_HANGMOK_NM=%ED%95%99%EA%B5%90%EA%B5%90%EC%9C%A1%EA%B3%BC%EC%A0%95+%ED%8E%B8%EC%84%B1%E3%86%8D%EC%9A%B4%EC%98%81+%EB%B0%8F+%ED%8F%89%EA%B0%80%EC%97%90+%EA%B4%80%ED%95%9C+%EC%82%AC%ED%95%AD&GS_BURYU_CD=JG100&JG_BURYU_CD=JG020&JG_HANGMOK_CD=05&JG_GUBUN=1&JG_YEAR2=2026&HG_NM=%ED%95%9C%EC%86%94%EC%B4%88%EB%93%B1%ED%95%99%EA%B5%90&SHL_IDF_CD=cb00456b-4dfa-4f0e-aa76-26a2afea6247&GS_TYPE=Y&JG_YEAR=2026&SORT=BR&CHOSEN_JG_YEAR=2026&PRE_JG_YEAR=2026&LOAD_TYPE=single,2026학년도 한솔초 연간학사일정.pdf / 2026학년도 한솔초 학교교육과정 편성 운영 평가 계획.pdf,https://www.schoolinfo.go.kr/ei/pp/Pneipp_b73_s0p.do?GS_HANGMOK_CD=73&GS_HANGMOK_NO=15-%EB%9D%BC&GS_HANGMOK_NM=%EB%B0%A9%EA%B3%BC%ED%9B%84%ED%95%99%EA%B5%90+%EC%9A%B4%EC%98%81+%EA%B3%84%ED%9A%8D+%EB%B0%8F+%EC%9A%B4%EC%98%81%E3%86%8D%EC%A7%80%EC%9B%90%ED%98%84%ED%99%A9&GS_BURYU_CD=JG130&JG_BURYU_CD=JG150&JG_HANGMOK_CD=59&JG_GUBUN=1&JG_YEAR2=2026&HG_NM=%ED%95%9C%EC%86%94%EC%B4%88%EB%93%B1%ED%95%99%EA%B5%90&SHL_IDF_CD=cb00456b-4dfa-4f0e-aa76-26a2afea6247&GS_TYPE=Y&JG_YEAR=2026&SORT=BR&CHOSEN_JG_YEAR=2026&PRE_JG_YEAR=2026&LOAD_TYPE=single,2026학년도 한솔초 선택형돌봄 운영 계획.hwp / 2026학년도 방과후학교 운영계획(한솔초).hwpx,,,,,,,,,,
pilot,B000006457,소라초등학교소라남분교장,전라남도,2-가 첨부 없음,15-라 계획에 1학년 오후돌봄 종료 시각이 없음 (방과후학교 계획뿐),https://www.schoolinfo.go.kr/ei/ss/Pneiss_b01_s0.do?SHL_IDF_CD=556cf7c5-dc4d-41e1-ba0e-0c6b4ca79cb1,https://www.schoolinfo.go.kr/ei/pp/Pneipp_b14_s0p.do?GS_HANGMOK_CD=14&GS_HANGMOK_NO=2-%EA%B0%80&GS_HANGMOK_NM=%ED%95%99%EA%B5%90%EA%B5%90%EC%9C%A1%EA%B3%BC%EC%A0%95+%ED%8E%B8%EC%84%B1%E3%86%8D%EC%9A%B4%EC%98%81+%EB%B0%8F+%ED%8F%89%EA%B0%80%EC%97%90+%EA%B4%80%ED%95%9C+%EC%82%AC%ED%95%AD&GS_BURYU_CD=JG100&JG_BURYU_CD=JG020&JG_HANGMOK_CD=05&JG_GUBUN=1&JG_YEAR2=2026&HG_NM=%EC%86%8C%EB%9D%BC%EC%B4%88%EB%93%B1%ED%95%99%EA%B5%90%EC%86%8C%EB%9D%BC%EB%82%A8%EB%B6%84%EA%B5%90%EC%9E%A5&SHL_IDF_CD=556cf7c5-dc4d-41e1-ba0e-0c6b4ca79cb1&GS_TYPE=Y&JG_YEAR=2026&SORT=BR&CHOSEN_JG_YEAR=2026&PRE_JG_YEAR=2026&LOAD_TYPE=single,,https://www.schoolinfo.go.kr/ei/pp/Pneipp_b73_s0p.do?GS_HANGMOK_CD=73&GS_HANGMOK_NO=15-%EB%9D%BC&GS_HANGMOK_NM=%EB%B0%A9%EA%B3%BC%ED%9B%84%ED%95%99%EA%B5%90+%EC%9A%B4%EC%98%81+%EA%B3%84%ED%9A%8D+%EB%B0%8F+%EC%9A%B4%EC%98%81%E3%86%8D%EC%A7%80%EC%9B%90%ED%98%84%ED%99%A9&GS_BURYU_CD=JG130&JG_BURYU_CD=JG150&JG_HANGMOK_CD=59&JG_GUBUN=1&JG_YEAR2=2026&HG_NM=%EC%86%8C%EB%9D%BC%EC%B4%88%EB%93%B1%ED%95%99%EA%B5%90%EC%86%8C%EB%9D%BC%EB%82%A8%EB%B6%84%EA%B5%90%EC%9E%A5&SHL_IDF_CD=556cf7c5-dc4d-41e1-ba0e-0c6b4ca79cb1&GS_TYPE=Y&JG_YEAR=2026&SORT=BR&CHOSEN_JG_YEAR=2026&PRE_JG_YEAR=2026&LOAD_TYPE=single,2026학년도 소라초 방과후학교 운영 계획.pdf,,,,,,,,,,
pilot,B000006702,마량초등학교,전라남도,요일 학교 확인: 수(5교시) — 1학년 4·5교시가 아닌 날이거나 NEIS 교시 수가 불확실,,https://www.schoolinfo.go.kr/ei/ss/Pneiss_b01_s0.do?SHL_IDF_CD=83935eb0-bacd-4265-bae6-fd0b9d2e3246,https://www.schoolinfo.go.kr/ei/pp/Pneipp_b14_s0p.do?GS_HANGMOK_CD=14&GS_HANGMOK_NO=2-%EA%B0%80&GS_HANGMOK_NM=%ED%95%99%EA%B5%90%EA%B5%90%EC%9C%A1%EA%B3%BC%EC%A0%95+%ED%8E%B8%EC%84%B1%E3%86%8D%EC%9A%B4%EC%98%81+%EB%B0%8F+%ED%8F%89%EA%B0%80%EC%97%90+%EA%B4%80%ED%95%9C+%EC%82%AC%ED%95%AD&GS_BURYU_CD=JG100&JG_BURYU_CD=JG020&JG_HANGMOK_CD=05&JG_GUBUN=1&JG_YEAR2=2026&HG_NM=%EB%A7%88%EB%9F%89%EC%B4%88%EB%93%B1%ED%95%99%EA%B5%90&SHL_IDF_CD=83935eb0-bacd-4265-bae6-fd0b9d2e3246&GS_TYPE=Y&JG_YEAR=2026&SORT=BR&CHOSEN_JG_YEAR=2026&PRE_JG_YEAR=2026&LOAD_TYPE=single,2026.마량초 학교교육과정 편성운영평가 계획.hwp / 2026.마량초 연간학사일정.hwp,https://www.schoolinfo.go.kr/ei/pp/Pneipp_b73_s0p.do?GS_HANGMOK_CD=73&GS_HANGMOK_NO=15-%EB%9D%BC&GS_HANGMOK_NM=%EB%B0%A9%EA%B3%BC%ED%9B%84%ED%95%99%EA%B5%90+%EC%9A%B4%EC%98%81+%EA%B3%84%ED%9A%8D+%EB%B0%8F+%EC%9A%B4%EC%98%81%E3%86%8D%EC%A7%80%EC%9B%90%ED%98%84%ED%99%A9&GS_BURYU_CD=JG130&JG_BURYU_CD=JG150&JG_HANGMOK_CD=59&JG_GUBUN=1&JG_YEAR2=2026&HG_NM=%EB%A7%88%EB%9F%89%EC%B4%88%EB%93%B1%ED%95%99%EA%B5%90&SHL_IDF_CD=83935eb0-bacd-4265-bae6-fd0b9d2e3246&GS_TYPE=Y&JG_YEAR=2026&SORT=BR&CHOSEN_JG_YEAR=2026&PRE_JG_YEAR=2026&LOAD_TYPE=single,2026. 돌봄교실 운영계획.hwp / 2026.방과후학교 운영계획.hwp,,,,,,,,,,
pilot,B000006749,일로동초등학교,전라남도,,15-라 계획에 1학년 오후돌봄 종료 시각이 없음 (방과후학교 계획뿐),https://www.schoolinfo.go.kr/ei/ss/Pneiss_b01_s0.do?SHL_IDF_CD=53aaf5ac-d513-4c2e-a7b5-e51e4b2f6321,https://www.schoolinfo.go.kr/ei/pp/Pneipp_b14_s0p.do?GS_HANGMOK_CD=14&GS_HANGMOK_NO=2-%EA%B0%80&GS_HANGMOK_NM=%ED%95%99%EA%B5%90%EA%B5%90%EC%9C%A1%EA%B3%BC%EC%A0%95+%ED%8E%B8%EC%84%B1%E3%86%8D%EC%9A%B4%EC%98%81+%EB%B0%8F+%ED%8F%89%EA%B0%80%EC%97%90+%EA%B4%80%ED%95%9C+%EC%82%AC%ED%95%AD&GS_BURYU_CD=JG100&JG_BURYU_CD=JG020&JG_HANGMOK_CD=05&JG_GUBUN=1&JG_YEAR2=2026&HG_NM=%EC%9D%BC%EB%A1%9C%EB%8F%99%EC%B4%88%EB%93%B1%ED%95%99%EA%B5%90&SHL_IDF_CD=53aaf5ac-d513-4c2e-a7b5-e51e4b2f6321&GS_TYPE=Y&JG_YEAR=2026&SORT=BR&CHOSEN_JG_YEAR=2026&PRE_JG_YEAR=2026&LOAD_TYPE=single,2026. 일로동초 학교교육계획.pdf,https://www.schoolinfo.go.kr/ei/pp/Pneipp_b73_s0p.do?GS_HANGMOK_CD=73&GS_HANGMOK_NO=15-%EB%9D%BC&GS_HANGMOK_NM=%EB%B0%A9%EA%B3%BC%ED%9B%84%ED%95%99%EA%B5%90+%EC%9A%B4%EC%98%81+%EA%B3%84%ED%9A%8D+%EB%B0%8F+%EC%9A%B4%EC%98%81%E3%86%8D%EC%A7%80%EC%9B%90%ED%98%84%ED%99%A9&GS_BURYU_CD=JG130&JG_BURYU_CD=JG150&JG_HANGMOK_CD=59&JG_GUBUN=1&JG_YEAR2=2026&HG_NM=%EC%9D%BC%EB%A1%9C%EB%8F%99%EC%B4%88%EB%93%B1%ED%95%99%EA%B5%90&SHL_IDF_CD=53aaf5ac-d513-4c2e-a7b5-e51e4b2f6321&GS_TYPE=Y&JG_YEAR=2026&SORT=BR&CHOSEN_JG_YEAR=2026&PRE_JG_YEAR=2026&LOAD_TYPE=single,2026. 일로동초등학교 방과후학교 운영계획.hwp,,,,,,,,,,
pilot,B000006780,영광중앙초등학교,전라남도,,15-라 계획에 1학년 오후돌봄 종료 시각이 없음 (공시 첨부가 방과후학교 계획뿐),https://www.schoolinfo.go.kr/ei/ss/Pneiss_b01_s0.do?SHL_IDF_CD=3da613ba-8389-4814-891e-1a7bbca8e4fc,https://www.schoolinfo.go.kr/ei/pp/Pneipp_b14_s0p.do?GS_HANGMOK_CD=14&GS_HANGMOK_NO=2-%EA%B0%80&GS_HANGMOK_NM=%ED%95%99%EA%B5%90%EA%B5%90%EC%9C%A1%EA%B3%BC%EC%A0%95+%ED%8E%B8%EC%84%B1%E3%86%8D%EC%9A%B4%EC%98%81+%EB%B0%8F+%ED%8F%89%EA%B0%80%EC%97%90+%EA%B4%80%ED%95%9C+%EC%82%AC%ED%95%AD&GS_BURYU_CD=JG100&JG_BURYU_CD=JG020&JG_HANGMOK_CD=05&JG_GUBUN=1&JG_YEAR2=2026&HG_NM=%EC%98%81%EA%B4%91%EC%A4%91%EC%95%99%EC%B4%88%EB%93%B1%ED%95%99%EA%B5%90&SHL_IDF_CD=3da613ba-8389-4814-891e-1a7bbca8e4fc&GS_TYPE=Y&JG_YEAR=2026&SORT=BR&CHOSEN_JG_YEAR=2026&PRE_JG_YEAR=2026&LOAD_TYPE=single,2026학년도 연간학사일정.hwp / 학교교육과정 편성.운영.평가 계획.hwp,https://www.schoolinfo.go.kr/ei/pp/Pneipp_b73_s0p.do?GS_HANGMOK_CD=73&GS_HANGMOK_NO=15-%EB%9D%BC&GS_HANGMOK_NM=%EB%B0%A9%EA%B3%BC%ED%9B%84%ED%95%99%EA%B5%90+%EC%9A%B4%EC%98%81+%EA%B3%84%ED%9A%8D+%EB%B0%8F+%EC%9A%B4%EC%98%81%E3%86%8D%EC%A7%80%EC%9B%90%ED%98%84%ED%99%A9&GS_BURYU_CD=JG130&JG_BURYU_CD=JG150&JG_HANGMOK_CD=59&JG_GUBUN=1&JG_YEAR2=2026&HG_NM=%EC%98%81%EA%B4%91%EC%A4%91%EC%95%99%EC%B4%88%EB%93%B1%ED%95%99%EA%B5%90&SHL_IDF_CD=3da613ba-8389-4814-891e-1a7bbca8e4fc&GS_TYPE=Y&JG_YEAR=2026&SORT=BR&CHOSEN_JG_YEAR=2026&PRE_JG_YEAR=2026&LOAD_TYPE=single,2026학년도 방과후학교 운영계획.hwp,,,,,,,,,,
pilot,B000006819,청산초등학교,전라남도,"요일 학교 확인: 월(?교시), 화(?교시), 수(?교시), 목(?교시), 금(?교시) — 1학년 4·5교시가 아닌 날이거나 NEIS 교시 수가 불확실",,https://www.schoolinfo.go.kr/ei/ss/Pneiss_b01_s0.do?SHL_IDF_CD=7d99ede9-8855-4205-80d4-859f7f6018e5,https://www.schoolinfo.go.kr/ei/pp/Pneipp_b14_s0p.do?GS_HANGMOK_CD=14&GS_HANGMOK_NO=2-%EA%B0%80&GS_HANGMOK_NM=%ED%95%99%EA%B5%90%EA%B5%90%EC%9C%A1%EA%B3%BC%EC%A0%95+%ED%8E%B8%EC%84%B1%E3%86%8D%EC%9A%B4%EC%98%81+%EB%B0%8F+%ED%8F%89%EA%B0%80%EC%97%90+%EA%B4%80%ED%95%9C+%EC%82%AC%ED%95%AD&GS_BURYU_CD=JG100&JG_BURYU_CD=JG020&JG_HANGMOK_CD=05&JG_GUBUN=1&JG_YEAR2=2026&HG_NM=%EC%B2%AD%EC%82%B0%EC%B4%88%EB%93%B1%ED%95%99%EA%B5%90&SHL_IDF_CD=7d99ede9-8855-4205-80d4-859f7f6018e5&GS_TYPE=Y&JG_YEAR=2026&SORT=BR&CHOSEN_JG_YEAR=2026&PRE_JG_YEAR=2026&LOAD_TYPE=single,2026학년도 학교교육과정 편성운영 및 평가에 관한 사항.hwp,https://www.schoolinfo.go.kr/ei/pp/Pneipp_b73_s0p.do?GS_HANGMOK_CD=73&GS_HANGMOK_NO=15-%EB%9D%BC&GS_HANGMOK_NM=%EB%B0%A9%EA%B3%BC%ED%9B%84%ED%95%99%EA%B5%90+%EC%9A%B4%EC%98%81+%EA%B3%84%ED%9A%8D+%EB%B0%8F+%EC%9A%B4%EC%98%81%E3%86%8D%EC%A7%80%EC%9B%90%ED%98%84%ED%99%A9&GS_BURYU_CD=JG130&JG_BURYU_CD=JG150&JG_HANGMOK_CD=59&JG_GUBUN=1&JG_YEAR2=2026&HG_NM=%EC%B2%AD%EC%82%B0%EC%B4%88%EB%93%B1%ED%95%99%EA%B5%90&SHL_IDF_CD=7d99ede9-8855-4205-80d4-859f7f6018e5&GS_TYPE=Y&JG_YEAR=2026&SORT=BR&CHOSEN_JG_YEAR=2026&PRE_JG_YEAR=2026&LOAD_TYPE=single,2026학년도 청산초등학교 방과후학교 운영계획.hwpx / 2026학년도 청산초등학교 초등돌봄교실 운영 계획.hwp,,,,,,,,,,
pilot,B000006822,노화북초등학교,전라남도,요일 학교 확인: 목(?교시) — 1학년 4·5교시가 아닌 날이거나 NEIS 교시 수가 불확실,,https://www.schoolinfo.go.kr/ei/ss/Pneiss_b01_s0.do?SHL_IDF_CD=0abe9961-592c-482e-9e0a-246d2faa3ba1,https://www.schoolinfo.go.kr/ei/pp/Pneipp_b14_s0p.do?GS_HANGMOK_CD=14&GS_HANGMOK_NO=2-%EA%B0%80&GS_HANGMOK_NM=%ED%95%99%EA%B5%90%EA%B5%90%EC%9C%A1%EA%B3%BC%EC%A0%95+%ED%8E%B8%EC%84%B1%E3%86%8D%EC%9A%B4%EC%98%81+%EB%B0%8F+%ED%8F%89%EA%B0%80%EC%97%90+%EA%B4%80%ED%95%9C+%EC%82%AC%ED%95%AD&GS_BURYU_CD=JG100&JG_BURYU_CD=JG020&JG_HANGMOK_CD=05&JG_GUBUN=1&JG_YEAR2=2026&HG_NM=%EB%85%B8%ED%99%94%EB%B6%81%EC%B4%88%EB%93%B1%ED%95%99%EA%B5%90&SHL_IDF_CD=0abe9961-592c-482e-9e0a-246d2faa3ba1&GS_TYPE=Y&JG_YEAR=2026&SORT=BR&CHOSEN_JG_YEAR=2026&PRE_JG_YEAR=2026&LOAD_TYPE=single,2026학년도 노화북초 연간학사일정.hwp / 2026학년도 노화북초 학교교육과정 편성·운영·평가 계획.hwp,https://www.schoolinfo.go.kr/ei/pp/Pneipp_b73_s0p.do?GS_HANGMOK_CD=73&GS_HANGMOK_NO=15-%EB%9D%BC&GS_HANGMOK_NM=%EB%B0%A9%EA%B3%BC%ED%9B%84%ED%95%99%EA%B5%90+%EC%9A%B4%EC%98%81+%EA%B3%84%ED%9A%8D+%EB%B0%8F+%EC%9A%B4%EC%98%81%E3%86%8D%EC%A7%80%EC%9B%90%ED%98%84%ED%99%A9&GS_BURYU_CD=JG130&JG_BURYU_CD=JG150&JG_HANGMOK_CD=59&JG_GUBUN=1&JG_YEAR2=2026&HG_NM=%EB%85%B8%ED%99%94%EB%B6%81%EC%B4%88%EB%93%B1%ED%95%99%EA%B5%90&SHL_IDF_CD=0abe9961-592c-482e-9e0a-246d2faa3ba1&GS_TYPE=Y&JG_YEAR=2026&SORT=BR&CHOSEN_JG_YEAR=2026&PRE_JG_YEAR=2026&LOAD_TYPE=single,2026학년도 초등돌봄교실 운영 계획.hwp / 2026학년도 방과후학교 운영 계획.hwp,,,,,,,,,,
pilot,B000006872,가거도초등학교,전라남도,요일 학교 확인: 목(?교시) — 1학년 4·5교시가 아닌 날이거나 NEIS 교시 수가 불확실,15-라 계획에 1학년 오후돌봄 종료 시각이 없음 (방과후학교 계획뿐. 시정표상 6교시 이후 1~2학년 돌봄교실(16:40까지)),https://www.schoolinfo.go.kr/ei/ss/Pneiss_b01_s0.do?SHL_IDF_CD=ae1b819a-0d83-47d7-a68d-142af008c449,https://www.schoolinfo.go.kr/ei/pp/Pneipp_b14_s0p.do?GS_HANGMOK_CD=14&GS_HANGMOK_NO=2-%EA%B0%80&GS_HANGMOK_NM=%ED%95%99%EA%B5%90%EA%B5%90%EC%9C%A1%EA%B3%BC%EC%A0%95+%ED%8E%B8%EC%84%B1%E3%86%8D%EC%9A%B4%EC%98%81+%EB%B0%8F+%ED%8F%89%EA%B0%80%EC%97%90+%EA%B4%80%ED%95%9C+%EC%82%AC%ED%95%AD&GS_BURYU_CD=JG100&JG_BURYU_CD=JG020&JG_HANGMOK_CD=05&JG_GUBUN=1&JG_YEAR2=2026&HG_NM=%EA%B0%80%EA%B1%B0%EB%8F%84%EC%B4%88%EB%93%B1%ED%95%99%EA%B5%90&SHL_IDF_CD=ae1b819a-0d83-47d7-a68d-142af008c449&GS_TYPE=Y&JG_YEAR=2026&SORT=BR&CHOSEN_JG_YEAR=2026&PRE_JG_YEAR=2026&LOAD_TYPE=single,2026학년도 가거도초 학사일정.hwp / 2026. 가거도교육(개인정보제외).hwp,https://www.schoolinfo.go.kr/ei/pp/Pneipp_b73_s0p.do?GS_HANGMOK_CD=73&GS_HANGMOK_NO=15-%EB%9D%BC&GS_HANGMOK_NM=%EB%B0%A9%EA%B3%BC%ED%9B%84%ED%95%99%EA%B5%90+%EC%9A%B4%EC%98%81+%EA%B3%84%ED%9A%8D+%EB%B0%8F+%EC%9A%B4%EC%98%81%E3%86%8D%EC%A7%80%EC%9B%90%ED%98%84%ED%99%A9&GS_BURYU_CD=JG130&JG_BURYU_CD=JG150&JG_HANGMOK_CD=59&JG_GUBUN=1&JG_YEAR2=2026&HG_NM=%EA%B0%80%EA%B1%B0%EB%8F%84%EC%B4%88%EB%93%B1%ED%95%99%EA%B5%90&SHL_IDF_CD=ae1b819a-0d83-47d7-a68d-142af008c449&GS_TYPE=Y&JG_YEAR=2026&SORT=BR&CHOSEN_JG_YEAR=2026&PRE_JG_YEAR=2026&LOAD_TYPE=single,2026학년도 방과후학교 운영 계획.hwp,,,,,,,,,,
pilot,B000025189,인천송명초등학교,인천광역시,2-가 문서에서 시정표를 찾지 못함(요약본이거나 표가 이미지일 수 있음),,https://www.schoolinfo.go.kr/ei/ss/Pneiss_b01_s0.do?SHL_IDF_CD=2983a022-91eb-49a6-834a-b48525e581e9,https://www.schoolinfo.go.kr/ei/pp/Pneipp_b14_s0p.do?GS_HANGMOK_CD=14&GS_HANGMOK_NO=2-%EA%B0%80&GS_HANGMOK_NM=%ED%95%99%EA%B5%90%EA%B5%90%EC%9C%A1%EA%B3%BC%EC%A0%95+%ED%8E%B8%EC%84%B1%E3%86%8D%EC%9A%B4%EC%98%81+%EB%B0%8F+%ED%8F%89%EA%B0%80%EC%97%90+%EA%B4%80%ED%95%9C+%EC%82%AC%ED%95%AD&GS_BURYU_CD=JG100&JG_BURYU_CD=JG020&JG_HANGMOK_CD=05&JG_GUBUN=1&JG_YEAR2=2026&HG_NM=%EC%9D%B8%EC%B2%9C%EC%86%A1%EB%AA%85%EC%B4%88%EB%93%B1%ED%95%99%EA%B5%90&SHL_IDF_CD=2983a022-91eb-49a6-834a-b48525e581e9&GS_TYPE=Y&JG_YEAR=2026&SORT=BR&CHOSEN_JG_YEAR=2026&PRE_JG_YEAR=2026&LOAD_TYPE=single,2026 송명초 학교교육과정 편성 운영 및 평가에 관한 사항(정보공시).pdf,https://www.schoolinfo.go.kr/ei/pp/Pneipp_b73_s0p.do?GS_HANGMOK_CD=73&GS_HANGMOK_NO=15-%EB%9D%BC&GS_HANGMOK_NM=%EB%B0%A9%EA%B3%BC%ED%9B%84%ED%95%99%EA%B5%90+%EC%9A%B4%EC%98%81+%EA%B3%84%ED%9A%8D+%EB%B0%8F+%EC%9A%B4%EC%98%81%E3%86%8D%EC%A7%80%EC%9B%90%ED%98%84%ED%99%A9&GS_BURYU_CD=JG130&JG_BURYU_CD=JG150&JG_HANGMOK_CD=59&JG_GUBUN=1&JG_YEAR2=2026&HG_NM=%EC%9D%B8%EC%B2%9C%EC%86%A1%EB%AA%85%EC%B4%88%EB%93%B1%ED%95%99%EA%B5%90&SHL_IDF_CD=2983a022-91eb-49a6-834a-b48525e581e9&GS_TYPE=Y&JG_YEAR=2026&SORT=BR&CHOSEN_JG_YEAR=2026&PRE_JG_YEAR=2026&LOAD_TYPE=single,송명_2026년 초등방과후돌봄 통합 운영계획(안).hwp,,,,,,,,,,
pilot,B000026906,판교대장초등학교,경기도,2-가 문서에서 시정표를 찾지 못함(요약본이거나 표가 이미지일 수 있음),15-라 계획에 1학년 오후돌봄 종료 시각이 없음 (첨부에 돌봄 시간 없음),https://www.schoolinfo.go.kr/ei/ss/Pneiss_b01_s0.do?SHL_IDF_CD=76fb9fee-55c3-4fe1-a8e1-908aacb2911e,https://www.schoolinfo.go.kr/ei/pp/Pneipp_b14_s0p.do?GS_HANGMOK_CD=14&GS_HANGMOK_NO=2-%EA%B0%80&GS_HANGMOK_NM=%ED%95%99%EA%B5%90%EA%B5%90%EC%9C%A1%EA%B3%BC%EC%A0%95+%ED%8E%B8%EC%84%B1%E3%86%8D%EC%9A%B4%EC%98%81+%EB%B0%8F+%ED%8F%89%EA%B0%80%EC%97%90+%EA%B4%80%ED%95%9C+%EC%82%AC%ED%95%AD&GS_BURYU_CD=JG100&JG_BURYU_CD=JG020&JG_HANGMOK_CD=05&JG_GUBUN=1&JG_YEAR2=2026&HG_NM=%ED%8C%90%EA%B5%90%EB%8C%80%EC%9E%A5%EC%B4%88%EB%93%B1%ED%95%99%EA%B5%90&SHL_IDF_CD=76fb9fee-55c3-4fe1-a8e1-908aacb2911e&GS_TYPE=Y&JG_YEAR=2026&SORT=BR&CHOSEN_JG_YEAR=2026&PRE_JG_YEAR=2026&LOAD_TYPE=single,"2026학년도 판교대장초등학교 학교교육과정 편성, 운영, 평가계획.hwpx / 2026학년도 연간학사일정.hwpx",https://www.schoolinfo.go.kr/ei/pp/Pneipp_b73_s0p.do?GS_HANGMOK_CD=73&GS_HANGMOK_NO=15-%EB%9D%BC&GS_HANGMOK_NM=%EB%B0%A9%EA%B3%BC%ED%9B%84%ED%95%99%EA%B5%90+%EC%9A%B4%EC%98%81+%EA%B3%84%ED%9A%8D+%EB%B0%8F+%EC%9A%B4%EC%98%81%E3%86%8D%EC%A7%80%EC%9B%90%ED%98%84%ED%99%A9&GS_BURYU_CD=JG130&JG_BURYU_CD=JG150&JG_HANGMOK_CD=59&JG_GUBUN=1&JG_YEAR2=2026&HG_NM=%ED%8C%90%EA%B5%90%EB%8C%80%EC%9E%A5%EC%B4%88%EB%93%B1%ED%95%99%EA%B5%90&SHL_IDF_CD=76fb9fee-55c3-4fe1-a8e1-908aacb2911e&GS_TYPE=Y&JG_YEAR=2026&SORT=BR&CHOSEN_JG_YEAR=2026&PRE_JG_YEAR=2026&LOAD_TYPE=single,"2026학년도 초등 방과후, 돌봄 운영 계획.hwp",,,,,,,,,,
pilot,B000030754,금사초등학교,부산광역시,2-가 문서에서 시정표를 찾지 못함(요약본이거나 표가 이미지일 수 있음),15-라 계획에 1학년 오후돌봄 종료 시각이 없음 (연계형 돌봄(13:00~17:00)은 4~6학년 대상. 1학년 돌봄 시간은 계획에 없음),https://www.schoolinfo.go.kr/ei/ss/Pneiss_b01_s0.do?SHL_IDF_CD=0710b8fa-732b-4614-b7ff-e0b65c1c29cf,https://www.schoolinfo.go.kr/ei/pp/Pneipp_b14_s0p.do?GS_HANGMOK_CD=14&GS_HANGMOK_NO=2-%EA%B0%80&GS_HANGMOK_NM=%ED%95%99%EA%B5%90%EA%B5%90%EC%9C%A1%EA%B3%BC%EC%A0%95+%ED%8E%B8%EC%84%B1%E3%86%8D%EC%9A%B4%EC%98%81+%EB%B0%8F+%ED%8F%89%EA%B0%80%EC%97%90+%EA%B4%80%ED%95%9C+%EC%82%AC%ED%95%AD&GS_BURYU_CD=JG100&JG_BURYU_CD=JG020&JG_HANGMOK_CD=05&JG_GUBUN=1&JG_YEAR2=2026&HG_NM=%EA%B8%88%EC%82%AC%EC%B4%88%EB%93%B1%ED%95%99%EA%B5%90&SHL_IDF_CD=0710b8fa-732b-4614-b7ff-e0b65c1c29cf&GS_TYPE=Y&JG_YEAR=2026&SORT=BR&CHOSEN_JG_YEAR=2026&PRE_JG_YEAR=2026&LOAD_TYPE=single,2026학년도 금사초등학교 학교교육과정 편성 운영 및 평가 계획.pdf,https://www.schoolinfo.go.kr/ei/pp/Pneipp_b73_s0p.do?GS_HANGMOK_CD=73&GS_HANGMOK_NO=15-%EB%9D%BC&GS_HANGMOK_NM=%EB%B0%A9%EA%B3%BC%ED%9B%84%ED%95%99%EA%B5%90+%EC%9A%B4%EC%98%81+%EA%B3%84%ED%9A%8D+%EB%B0%8F+%EC%9A%B4%EC%98%81%E3%86%8D%EC%A7%80%EC%9B%90%ED%98%84%ED%99%A9&GS_BURYU_CD=JG130&JG_BURYU_CD=JG150&JG_HANGMOK_CD=59&JG_GUBUN=1&JG_YEAR2=2026&HG_NM=%EA%B8%88%EC%82%AC%EC%B4%88%EB%93%B1%ED%95%99%EA%B5%90&SHL_IDF_CD=0710b8fa-732b-4614-b7ff-e0b65c1c29cf&GS_TYPE=Y&JG_YEAR=2026&SORT=BR&CHOSEN_JG_YEAR=2026&PRE_JG_YEAR=2026&LOAD_TYPE=single,2026학년도 방과후 돌봄 운영 계획서(금사초).hwp,,,,,,,,,,
expansion_seongnam_gangnam3,B000002125,서울평화초등학교,서울특별시,2-가 문서에서 시정표를 찾지 못함(요약본이거나 표가 이미지일 수 있음),15-라 계획에 1학년 오후돌봄 종료 시각이 없음 (공시 첨부에 1학년 돌봄 운영 시간 없음(방과후 계획 위주)),https://www.schoolinfo.go.kr/ei/ss/Pneiss_b01_s0.do?SHL_IDF_CD=957f17ac-ae7b-41c5-887e-3d320db8aea9,https://www.schoolinfo.go.kr/ei/pp/Pneipp_b14_s0p.do?GS_HANGMOK_CD=14&GS_HANGMOK_NO=2-%EA%B0%80&GS_HANGMOK_NM=%ED%95%99%EA%B5%90%EA%B5%90%EC%9C%A1%EA%B3%BC%EC%A0%95+%ED%8E%B8%EC%84%B1%E3%86%8D%EC%9A%B4%EC%98%81+%EB%B0%8F+%ED%8F%89%EA%B0%80%EC%97%90+%EA%B4%80%ED%95%9C+%EC%82%AC%ED%95%AD&GS_BURYU_CD=JG100&JG_BURYU_CD=JG020&JG_HANGMOK_CD=05&JG_GUBUN=1&JG_YEAR2=2026&HG_NM=%EC%84%9C%EC%9A%B8%ED%8F%89%ED%99%94%EC%B4%88%EB%93%B1%ED%95%99%EA%B5%90&SHL_IDF_CD=957f17ac-ae7b-41c5-887e-3d320db8aea9&GS_TYPE=Y&JG_YEAR=2026&SORT=BR&CHOSEN_JG_YEAR=2026&PRE_JG_YEAR=2026&LOAD_TYPE=single,(2-가)2026학년도 평화초 학교교육과정 편성?운영?평가 계획.hwp / (2-가)2026학년도 평화초 연간학사일정.hwp,https://www.schoolinfo.go.kr/ei/pp/Pneipp_b73_s0p.do?GS_HANGMOK_CD=73&GS_HANGMOK_NO=15-%EB%9D%BC&GS_HANGMOK_NM=%EB%B0%A9%EA%B3%BC%ED%9B%84%ED%95%99%EA%B5%90+%EC%9A%B4%EC%98%81+%EA%B3%84%ED%9A%8D+%EB%B0%8F+%EC%9A%B4%EC%98%81%E3%86%8D%EC%A7%80%EC%9B%90%ED%98%84%ED%99%A9&GS_BURYU_CD=JG130&JG_BURYU_CD=JG150&JG_HANGMOK_CD=59&JG_GUBUN=1&JG_YEAR2=2026&HG_NM=%EC%84%9C%EC%9A%B8%ED%8F%89%ED%99%94%EC%B4%88%EB%93%B1%ED%95%99%EA%B5%90&SHL_IDF_CD=957f17ac-ae7b-41c5-887e-3d320db8aea9&GS_TYPE=Y&JG_YEAR=2026&SORT=BR&CHOSEN_JG_YEAR=2026&PRE_JG_YEAR=2026&LOAD_TYPE=single,3. 2025학년도2학기 선택형교육·맞춤형 프로그램 지원현황.hwp / 2. 2026 1분기 방과후·맞춤형 프로그램 운영현황(2026.4.30.).hwp / 1. 2026 방과후·맞춤형 프로그램 연간운영계획.hwpx,,,,,,,,,,
expansion_seongnam_gangnam3,B000002127,서울문덕초등학교,서울특별시,2-가 문서에서 시정표를 찾지 못함(요약본이거나 표가 이미지일 수 있음),,https://www.schoolinfo.go.kr/ei/ss/Pneiss_b01_s0.do?SHL_IDF_CD=bbbbaae3-82ef-4e87-951d-3fb08d4e9932,https://www.schoolinfo.go.kr/ei/pp/Pneipp_b14_s0p.do?GS_HANGMOK_CD=14&GS_HANGMOK_NO=2-%EA%B0%80&GS_HANGMOK_NM=%ED%95%99%EA%B5%90%EA%B5%90%EC%9C%A1%EA%B3%BC%EC%A0%95+%ED%8E%B8%EC%84%B1%E3%86%8D%EC%9A%B4%EC%98%81+%EB%B0%8F+%ED%8F%89%EA%B0%80%EC%97%90+%EA%B4%80%ED%95%9C+%EC%82%AC%ED%95%AD&GS_BURYU_CD=JG100&JG_BURYU_CD=JG020&JG_HANGMOK_CD=05&JG_GUBUN=1&JG_YEAR2=2026&HG_NM=%EC%84%9C%EC%9A%B8%EB%AC%B8%EB%8D%95%EC%B4%88%EB%93%B1%ED%95%99%EA%B5%90&SHL_IDF_CD=bbbbaae3-82ef-4e87-951d-3fb08d4e9932&GS_TYPE=Y&JG_YEAR=2026&SORT=BR&CHOSEN_JG_YEAR=2026&PRE_JG_YEAR=2026&LOAD_TYPE=single,2026학년도 문덕초 학교교육과정 편성·운영·평가 계획.hwpx / 2026학년도 문덕초 연간학사일정.hwpx,https://www.schoolinfo.go.kr/ei/pp/Pneipp_b73_s0p.do?GS_HANGMOK_CD=73&GS_HANGMOK_NO=15-%EB%9D%BC&GS_HANGMOK_NM=%EB%B0%A9%EA%B3%BC%ED%9B%84%ED%95%99%EA%B5%90+%EC%9A%B4%EC%98%81+%EA%B3%84%ED%9A%8D+%EB%B0%8F+%EC%9A%B4%EC%98%81%E3%86%8D%EC%A7%80%EC%9B%90%ED%98%84%ED%99%A9&GS_BURYU_CD=JG130&JG_BURYU_CD=JG150&JG_HANGMOK_CD=59&JG_GUBUN=1&JG_YEAR2=2026&HG_NM=%EC%84%9C%EC%9A%B8%EB%AC%B8%EB%8D%95%EC%B4%88%EB%93%B1%ED%95%99%EA%B5%90&SHL_IDF_CD=bbbbaae3-82ef-4e87-951d-3fb08d4e9932&GS_TYPE=Y&JG_YEAR=2026&SORT=BR&CHOSEN_JG_YEAR=2026&PRE_JG_YEAR=2026&LOAD_TYPE=single,2026학년도 서울문덕초 돌봄교실 운영 계획.hwpx / 2026학년도 서울문덕초 방과후교실 운영계획.hwp,,,,,,,,,,
expansion_seongnam_gangnam3,B000002128,서울문정초등학교,서울특별시,2-가 문서에서 시정표를 찾지 못함(요약본이거나 표가 이미지일 수 있음),15-라 계획에 1학년 오후돌봄 종료 시각이 없음 (공시 첨부에 1학년 돌봄 운영 시간 없음(방과후 계획 위주)),https://www.schoolinfo.go.kr/ei/ss/Pneiss_b01_s0.do?SHL_IDF_CD=98359e79-6df2-4b1e-8f55-259db330439f,https://www.schoolinfo.go.kr/ei/pp/Pneipp_b14_s0p.do?GS_HANGMOK_CD=14&GS_HANGMOK_NO=2-%EA%B0%80&GS_HANGMOK_NM=%ED%95%99%EA%B5%90%EA%B5%90%EC%9C%A1%EA%B3%BC%EC%A0%95+%ED%8E%B8%EC%84%B1%E3%86%8D%EC%9A%B4%EC%98%81+%EB%B0%8F+%ED%8F%89%EA%B0%80%EC%97%90+%EA%B4%80%ED%95%9C+%EC%82%AC%ED%95%AD&GS_BURYU_CD=JG100&JG_BURYU_CD=JG020&JG_HANGMOK_CD=05&JG_GUBUN=1&JG_YEAR2=2026&HG_NM=%EC%84%9C%EC%9A%B8%EB%AC%B8%EC%A0%95%EC%B4%88%EB%93%B1%ED%95%99%EA%B5%90&SHL_IDF_CD=98359e79-6df2-4b1e-8f55-259db330439f&GS_TYPE=Y&JG_YEAR=2026&SORT=BR&CHOSEN_JG_YEAR=2026&PRE_JG_YEAR=2026&LOAD_TYPE=single,2026학년도 서울문정초 학교교육과정 편성 운영 평가 계획.hwpx,https://www.schoolinfo.go.kr/ei/pp/Pneipp_b73_s0p.do?GS_HANGMOK_CD=73&GS_HANGMOK_NO=15-%EB%9D%BC&GS_HANGMOK_NM=%EB%B0%A9%EA%B3%BC%ED%9B%84%ED%95%99%EA%B5%90+%EC%9A%B4%EC%98%81+%EA%B3%84%ED%9A%8D+%EB%B0%8F+%EC%9A%B4%EC%98%81%E3%86%8D%EC%A7%80%EC%9B%90%ED%98%84%ED%99%A9&GS_BURYU_CD=JG130&JG_BURYU_CD=JG150&JG_HANGMOK_CD=59&JG_GUBUN=1&JG_YEAR2=2026&HG_NM=%EC%84%9C%EC%9A%B8%EB%AC%B8%EC%A0%95%EC%B4%88%EB%93%B1%ED%95%99%EA%B5%90&SHL_IDF_CD=98359e79-6df2-4b1e-8f55-259db330439f&GS_TYPE=Y&JG_YEAR=2026&SORT=BR&CHOSEN_JG_YEAR=2026&PRE_JG_YEAR=2026&LOAD_TYPE=single,(학운위심의안)2026학년도 방과후교실 연간운영 계획(안).pdf,,,,,,,,,,
expansion_seongnam_gangnam3,B000002129,서울가원초등학교,서울특별시,시정표 제목만 있고 표 글자가 없음(이미지 표 가능),,https://www.schoolinfo.go.kr/ei/ss/Pneiss_b01_s0.do?SHL_IDF_CD=798bbb59-9d03-4fbf-a3bd-acfe2db030d3,https://www.schoolinfo.go.kr/ei/pp/Pneipp_b14_s0p.do?GS_HANGMOK_CD=14&GS_HANGMOK_NO=2-%EA%B0%80&GS_HANGMOK_NM=%ED%95%99%EA%B5%90%EA%B5%90%EC%9C%A1%EA%B3%BC%EC%A0%95+%ED%8E%B8%EC%84%B1%E3%86%8D%EC%9A%B4%EC%98%81+%EB%B0%8F+%ED%8F%89%EA%B0%80%EC%97%90+%EA%B4%80%ED%95%9C+%EC%82%AC%ED%95%AD&GS_BURYU_CD=JG100&JG_BURYU_CD=JG020&JG_HANGMOK_CD=05&JG_GUBUN=1&JG_YEAR2=2026&HG_NM=%EC%84%9C%EC%9A%B8%EA%B0%80%EC%9B%90%EC%B4%88%EB%93%B1%ED%95%99%EA%B5%90&SHL_IDF_CD=798bbb59-9d03-4fbf-a3bd-acfe2db030d3&GS_TYPE=Y&JG_YEAR=2026&SORT=BR&CHOSEN_JG_YEAR=2026&PRE_JG_YEAR=2026&LOAD_TYPE=single,2026학년도 가원초 학교평가 계획.pdf / 2026학년도 학교교육과정 편성운영 계획.pdf / 서울가원초등학교 2026학년도 학사일정.pdf,https://www.schoolinfo.go.kr/ei/pp/Pneipp_b73_s0p.do?GS_HANGMOK_CD=73&GS_HANGMOK_NO=15-%EB%9D%BC&GS_HANGMOK_NM=%EB%B0%A9%EA%B3%BC%ED%9B%84%ED%95%99%EA%B5%90+%EC%9A%B4%EC%98%81+%EA%B3%84%ED%9A%8D+%EB%B0%8F+%EC%9A%B4%EC%98%81%E3%86%8D%EC%A7%80%EC%9B%90%ED%98%84%ED%99%A9&GS_BURYU_CD=JG130&JG_BURYU_CD=JG150&JG_HANGMOK_CD=59&JG_GUBUN=1&JG_YEAR2=2026&HG_NM=%EC%84%9C%EC%9A%B8%EA%B0%80%EC%9B%90%EC%B4%88%EB%93%B1%ED%95%99%EA%B5%90&SHL_IDF_CD=798bbb59-9d03-4fbf-a3bd-acfe2db030d3&GS_TYPE=Y&JG_YEAR=2026&SORT=BR&CHOSEN_JG_YEAR=2026&PRE_JG_YEAR=2026&LOAD_TYPE=single,2026학년도 방과후·맞춤형교실 연간운영계획.pdf / 2026학년도 돌봄교실 연간 운영 계획.pdf,,,,,,,,,,
expansion_seongnam_gangnam3,B000002131,서울잠일초등학교,서울특별시,2-가 문서에서 시정표를 찾지 못함(요약본이거나 표가 이미지일 수 있음),,https://www.schoolinfo.go.kr/ei/ss/Pneiss_b01_s0.do?SHL_IDF_CD=e361b891-98ac-4810-8044-b5e6fe1c22bf,https://www.schoolinfo.go.kr/ei/pp/Pneipp_b14_s0p.do?GS_HANGMOK_CD=14&GS_HANGMOK_NO=2-%EA%B0%80&GS_HANGMOK_NM=%ED%95%99%EA%B5%90%EA%B5%90%EC%9C%A1%EA%B3%BC%EC%A0%95+%ED%8E%B8%EC%84%B1%E3%86%8D%EC%9A%B4%EC%98%81+%EB%B0%8F+%ED%8F%89%EA%B0%80%EC%97%90+%EA%B4%80%ED%95%9C+%EC%82%AC%ED%95%AD&GS_BURYU_CD=JG100&JG_BURYU_CD=JG020&JG_HANGMOK_CD=05&JG_GUBUN=1&JG_YEAR2=2026&HG_NM=%EC%84%9C%EC%9A%B8%EC%9E%A0%EC%9D%BC%EC%B4%88%EB%93%B1%ED%95%99%EA%B5%90&SHL_IDF_CD=e361b891-98ac-4810-8044-b5e6fe1c22bf&GS_TYPE=Y&JG_YEAR=2026&SORT=BR&CHOSEN_JG_YEAR=2026&PRE_JG_YEAR=2026&LOAD_TYPE=single,2026 학교교육과정 편성운영 및 평가에 관한 사항.hwpx,https://www.schoolinfo.go.kr/ei/pp/Pneipp_b73_s0p.do?GS_HANGMOK_CD=73&GS_HANGMOK_NO=15-%EB%9D%BC&GS_HANGMOK_NM=%EB%B0%A9%EA%B3%BC%ED%9B%84%ED%95%99%EA%B5%90+%EC%9A%B4%EC%98%81+%EA%B3%84%ED%9A%8D+%EB%B0%8F+%EC%9A%B4%EC%98%81%E3%86%8D%EC%A7%80%EC%9B%90%ED%98%84%ED%99%A9&GS_BURYU_CD=JG130&JG_BURYU_CD=JG150&JG_HANGMOK_CD=59&JG_GUBUN=1&JG_YEAR2=2026&HG_NM=%EC%84%9C%EC%9A%B8%EC%9E%A0%EC%9D%BC%EC%B4%88%EB%93%B1%ED%95%99%EA%B5%90&SHL_IDF_CD=e361b891-98ac-4810-8044-b5e6fe1c22bf&GS_TYPE=Y&JG_YEAR=2026&SORT=BR&CHOSEN_JG_YEAR=2026&PRE_JG_YEAR=2026&LOAD_TYPE=single,2026학년도 잠일초 돌봄교실 운영 계획.hwpx / 2026학년도 잠일초 방과후·돌봄 운영 계획.hwp,,,,,,,,,,
expansion_seongnam_gangnam3,B000002133,서울송전초등학교,서울특별시,2-가 문서에서 시정표를 찾지 못함(요약본이거나 표가 이미지일 수 있음),,https://www.schoolinfo.go.kr/ei/ss/Pneiss_b01_s0.do?SHL_IDF_CD=39fd2134-b00d-45c5-8150-d97f5425a0e9,https://www.schoolinfo.go.kr/ei/pp/Pneipp_b14_s0p.do?GS_HANGMOK_CD=14&GS_HANGMOK_NO=2-%EA%B0%80&GS_HANGMOK_NM=%ED%95%99%EA%B5%90%EA%B5%90%EC%9C%A1%EA%B3%BC%EC%A0%95+%ED%8E%B8%EC%84%B1%E3%86%8D%EC%9A%B4%EC%98%81+%EB%B0%8F+%ED%8F%89%EA%B0%80%EC%97%90+%EA%B4%80%ED%95%9C+%EC%82%AC%ED%95%AD&GS_BURYU_CD=JG100&JG_BURYU_CD=JG020&JG_HANGMOK_CD=05&JG_GUBUN=1&JG_YEAR2=2026&HG_NM=%EC%84%9C%EC%9A%B8%EC%86%A1%EC%A0%84%EC%B4%88%EB%93%B1%ED%95%99%EA%B5%90&SHL_IDF_CD=39fd2134-b00d-45c5-8150-d97f5425a0e9&GS_TYPE=Y&JG_YEAR=2026&SORT=BR&CHOSEN_JG_YEAR=2026&PRE_JG_YEAR=2026&LOAD_TYPE=single,2026학년도 송전초 학교교육과정 편성운영 및 평가에 관한 사항.hwp,https://www.schoolinfo.go.kr/ei/pp/Pneipp_b73_s0p.do?GS_HANGMOK_CD=73&GS_HANGMOK_NO=15-%EB%9D%BC&GS_HANGMOK_NM=%EB%B0%A9%EA%B3%BC%ED%9B%84%ED%95%99%EA%B5%90+%EC%9A%B4%EC%98%81+%EA%B3%84%ED%9A%8D+%EB%B0%8F+%EC%9A%B4%EC%98%81%E3%86%8D%EC%A7%80%EC%9B%90%ED%98%84%ED%99%A9&GS_BURYU_CD=JG130&JG_BURYU_CD=JG150&JG_HANGMOK_CD=59&JG_GUBUN=1&JG_YEAR2=2026&HG_NM=%EC%84%9C%EC%9A%B8%EC%86%A1%EC%A0%84%EC%B4%88%EB%93%B1%ED%95%99%EA%B5%90&SHL_IDF_CD=39fd2134-b00d-45c5-8150-d97f5425a0e9&GS_TYPE=Y&JG_YEAR=2026&SORT=BR&CHOSEN_JG_YEAR=2026&PRE_JG_YEAR=2026&LOAD_TYPE=single,2026학년도 방과후?돌봄 운영계획.hwpx,,,,,,,,,,
expansion_seongnam_gangnam3,B000002134,서울잠동초등학교,서울특별시,2-가 문서에서 시정표를 찾지 못함(요약본이거나 표가 이미지일 수 있음),,https://www.schoolinfo.go.kr/ei/ss/Pneiss_b01_s0.do?SHL_IDF_CD=aa64046c-2b30-40c5-9877-ca0386d73350,https://www.schoolinfo.go.kr/ei/pp/Pneipp_b14_s0p.do?GS_HANGMOK_CD=14&GS_HANGMOK_NO=2-%EA%B0%80&GS_HANGMOK_NM=%ED%95%99%EA%B5%90%EA%B5%90%EC%9C%A1%EA%B3%BC%EC%A0%95+%ED%8E%B8%EC%84%B1%E3%86%8D%EC%9A%B4%EC%98%81+%EB%B0%8F+%ED%8F%89%EA%B0%80%EC%97%90+%EA%B4%80%ED%95%9C+%EC%82%AC%ED%95%AD&GS_BURYU_CD=JG100&JG_BURYU_CD=JG020&JG_HANGMOK_CD=05&JG_GUBUN=1&JG_YEAR2=2026&HG_NM=%EC%84%9C%EC%9A%B8%EC%9E%A0%EB%8F%99%EC%B4%88%EB%93%B1%ED%95%99%EA%B5%90&SHL_IDF_CD=aa64046c-2b30-40c5-9877-ca0386d73350&GS_TYPE=Y&JG_YEAR=2026&SORT=BR&CHOSEN_JG_YEAR=2026&PRE_JG_YEAR=2026&LOAD_TYPE=single,2026학년도 학교교육과정 편성운영 및 평가 계획.hwp / 2026학년도 교육과정 연간학사일정.hwp,https://www.schoolinfo.go.kr/ei/pp/Pneipp_b73_s0p.do?GS_HANGMOK_CD=73&GS_HANGMOK_NO=15-%EB%9D%BC&GS_HANGMOK_NM=%EB%B0%A9%EA%B3%BC%ED%9B%84%ED%95%99%EA%B5%90+%EC%9A%B4%EC%98%81+%EA%B3%84%ED%9A%8D+%EB%B0%8F+%EC%9A%B4%EC%98%81%E3%86%8D%EC%A7%80%EC%9B%90%ED%98%84%ED%99%A9&GS_BURYU_CD=JG130&JG_BURYU_CD=JG150&JG_HANGMOK_CD=59&JG_GUBUN=1&JG_YEAR2=2026&HG_NM=%EC%84%9C%EC%9A%B8%EC%9E%A0%EB%8F%99%EC%B4%88%EB%93%B1%ED%95%99%EA%B5%90&SHL_IDF_CD=aa64046c-2b30-40c5-9877-ca0386d73350&GS_TYPE=Y&JG_YEAR=2026&SORT=BR&CHOSEN_JG_YEAR=2026&PRE_JG_YEAR=2026&LOAD_TYPE=single,2026학년도(잠동초) 초등돌봄교실 운영계획.hwp / 2026학년도 (잠동초)방과후학교 운영계획.hwpx,,,,,,,,,,
expansion_seongnam_gangnam3,B000002135,서울잠실초등학교,서울특별시,2-가 문서에서 시정표를 찾지 못함(요약본이거나 표가 이미지일 수 있음),,https://www.schoolinfo.go.kr/ei/ss/Pneiss_b01_s0.do?SHL_IDF_CD=61785b2a-f2b8-4553-9b91-0d5892808501,https://www.schoolinfo.go.kr/ei/pp/Pneipp_b14_s0p.do?GS_HANGMOK_CD=14&GS_HANGMOK_NO=2-%EA%B0%80&GS_HANGMOK_NM=%ED%95%99%EA%B5%90%EA%B5%90%EC%9C%A1%EA%B3%BC%EC%A0%95+%ED%8E%B8%EC%84%B1%E3%86%8D%EC%9A%B4%EC%98%81+%EB%B0%8F+%ED%8F%89%EA%B0%80%EC%97%90+%EA%B4%80%ED%95%9C+%EC%82%AC%ED%95%AD&GS_BURYU_CD=JG100&JG_BURYU_CD=JG020&JG_HANGMOK_CD=05&JG_GUBUN=1&JG_YEAR2=2026&HG_NM=%EC%84%9C%EC%9A%B8%EC%9E%A0%EC%8B%A4%EC%B4%88%EB%93%B1%ED%95%99%EA%B5%90&SHL_IDF_CD=61785b2a-f2b8-4553-9b91-0d5892808501&GS_TYPE=Y&JG_YEAR=2026&SORT=BR&CHOSEN_JG_YEAR=2026&PRE_JG_YEAR=2026&LOAD_TYPE=single,2026학년도 잠실초 연간학사일정.hwp / 2026학년도 잠실초 학교교육과정 편성 운영 평가 계획.hwp,https://www.schoolinfo.go.kr/ei/pp/Pneipp_b73_s0p.do?GS_HANGMOK_CD=73&GS_HANGMOK_NO=15-%EB%9D%BC&GS_HANGMOK_NM=%EB%B0%A9%EA%B3%BC%ED%9B%84%ED%95%99%EA%B5%90+%EC%9A%B4%EC%98%81+%EA%B3%84%ED%9A%8D+%EB%B0%8F+%EC%9A%B4%EC%98%81%E3%86%8D%EC%A7%80%EC%9B%90%ED%98%84%ED%99%A9&GS_BURYU_CD=JG130&JG_BURYU_CD=JG150&JG_HANGMOK_CD=59&JG_GUBUN=1&JG_YEAR2=2026&HG_NM=%EC%84%9C%EC%9A%B8%EC%9E%A0%EC%8B%A4%EC%B4%88%EB%93%B1%ED%95%99%EA%B5%90&SHL_IDF_CD=61785b2a-f2b8-4553-9b91-0d5892808501&GS_TYPE=Y&JG_YEAR=2026&SORT=BR&CHOSEN_JG_YEAR=2026&PRE_JG_YEAR=2026&LOAD_TYPE=single,"2026학년도 잠실초 방과후,맞춤형 프로그램 연간운영계획(안).hwp / 2026학년도 잠실초 돌봄 운영 계획(안).hwp",,,,,,,,,,
expansion_seongnam_gangnam3,B000002136,서울잠현초등학교,서울특별시,2-가 문서에서 시정표를 찾지 못함(요약본이거나 표가 이미지일 수 있음),,https://www.schoolinfo.go.kr/ei/ss/Pneiss_b01_s0.do?SHL_IDF_CD=5ea889c1-9b2b-4773-b2c8-6f19011043b1,https://www.schoolinfo.go.kr/ei/pp/Pneipp_b14_s0p.do?GS_HANGMOK_CD=14&GS_HANGMOK_NO=2-%EA%B0%80&GS_HANGMOK_NM=%ED%95%99%EA%B5%90%EA%B5%90%EC%9C%A1%EA%B3%BC%EC%A0%95+%ED%8E%B8%EC%84%B1%E3%86%8D%EC%9A%B4%EC%98%81+%EB%B0%8F+%ED%8F%89%EA%B0%80%EC%97%90+%EA%B4%80%ED%95%9C+%EC%82%AC%ED%95%AD&GS_BURYU_CD=JG100&JG_BURYU_CD=JG020&JG_HANGMOK_CD=05&JG_GUBUN=1&JG_YEAR2=2026&HG_NM=%EC%84%9C%EC%9A%B8%EC%9E%A0%ED%98%84%EC%B4%88%EB%93%B1%ED%95%99%EA%B5%90&SHL_IDF_CD=5ea889c1-9b2b-4773-b2c8-6f19011043b1&GS_TYPE=Y&JG_YEAR=2026&SORT=BR&CHOSEN_JG_YEAR=2026&PRE_JG_YEAR=2026&LOAD_TYPE=single,2026학년도 서울잠현초등학교 교육계획(수정).pdf / 2026학년도 서울잠현초등학교 연간학사일정(수정).pdf,https://www.schoolinfo.go.kr/ei/pp/Pneipp_b73_s0p.do?GS_HANGMOK_CD=73&GS_HANGMOK_NO=15-%EB%9D%BC&GS_HANGMOK_NM=%EB%B0%A9%EA%B3%BC%ED%9B%84%ED%95%99%EA%B5%90+%EC%9A%B4%EC%98%81+%EA%B3%84%ED%9A%8D+%EB%B0%8F+%EC%9A%B4%EC%98%81%E3%86%8D%EC%A7%80%EC%9B%90%ED%98%84%ED%99%A9&GS_BURYU_CD=JG130&JG_BURYU_CD=JG150&JG_HANGMOK_CD=59&JG_GUBUN=1&JG_YEAR2=2026&HG_NM=%EC%84%9C%EC%9A%B8%EC%9E%A0%ED%98%84%EC%B4%88%EB%93%B1%ED%95%99%EA%B5%90&SHL_IDF_CD=5ea889c1-9b2b-4773-b2c8-6f19011043b1&GS_TYPE=Y&JG_YEAR=2026&SORT=BR&CHOSEN_JG_YEAR=2026&PRE_JG_YEAR=2026&LOAD_TYPE=single,★(수정)2026학년도 방과후·돌봄 연간운영계획(세부).hwp / (수정)(학운위) 2026학년도 방과후·돌봄 운영 계획(안).hwp,,,,,,,,,,
expansion_seongnam_gangnam3,B000002137,서울신가초등학교,서울특별시,2-가 문서에서 시정표를 찾지 못함(요약본이거나 표가 이미지일 수 있음),,https://www.schoolinfo.go.kr/ei/ss/Pneiss_b01_s0.do?SHL_IDF_CD=ab5e64d8-93d6-4b18-9792-ade53464cb44,https://www.schoolinfo.go.kr/ei/pp/Pneipp_b14_s0p.do?GS_HANGMOK_CD=14&GS_HANGMOK_NO=2-%EA%B0%80&GS_HANGMOK_NM=%ED%95%99%EA%B5%90%EA%B5%90%EC%9C%A1%EA%B3%BC%EC%A0%95+%ED%8E%B8%EC%84%B1%E3%86%8D%EC%9A%B4%EC%98%81+%EB%B0%8F+%ED%8F%89%EA%B0%80%EC%97%90+%EA%B4%80%ED%95%9C+%EC%82%AC%ED%95%AD&GS_BURYU_CD=JG100&JG_BURYU_CD=JG020&JG_HANGMOK_CD=05&JG_GUBUN=1&JG_YEAR2=2026&HG_NM=%EC%84%9C%EC%9A%B8%EC%8B%A0%EA%B0%80%EC%B4%88%EB%93%B1%ED%95%99%EA%B5%90&SHL_IDF_CD=ab5e64d8-93d6-4b18-9792-ade53464cb44&GS_TYPE=Y&JG_YEAR=2026&SORT=BR&CHOSEN_JG_YEAR=2026&PRE_JG_YEAR=2026&LOAD_TYPE=single,2026학년도 신가초 학교 교육과정 편성 운영 평가 계획.hwp,https://www.schoolinfo.go.kr/ei/pp/Pneipp_b73_s0p.do?GS_HANGMOK_CD=73&GS_HANGMOK_NO=15-%EB%9D%BC&GS_HANGMOK_NM=%EB%B0%A9%EA%B3%BC%ED%9B%84%ED%95%99%EA%B5%90+%EC%9A%B4%EC%98%81+%EA%B3%84%ED%9A%8D+%EB%B0%8F+%EC%9A%B4%EC%98%81%E3%86%8D%EC%A7%80%EC%9B%90%ED%98%84%ED%99%A9&GS_BURYU_CD=JG130&JG_BURYU_CD=JG150&JG_HANGMOK_CD=59&JG_GUBUN=1&JG_YEAR2=2026&HG_NM=%EC%84%9C%EC%9A%B8%EC%8B%A0%EA%B0%80%EC%B4%88%EB%93%B1%ED%95%99%EA%B5%90&SHL_IDF_CD=ab5e64d8-93d6-4b18-9792-ade53464cb44&GS_TYPE=Y&JG_YEAR=2026&SORT=BR&CHOSEN_JG_YEAR=2026&PRE_JG_YEAR=2026&LOAD_TYPE=single,2026학년도 서울신가초등학교 돌봄교실 운영계획.hwp / 2026학년도 서울신가초등학교 방과후교실 운영계획.hwp,,,,,,,,,,
expansion_seongnam_gangnam3,B000002138,서울가주초등학교,서울특별시,2-가 문서에서 시정표를 찾지 못함(요약본이거나 표가 이미지일 수 있음),,https://www.schoolinfo.go.kr/ei/ss/Pneiss_b01_s0.do?SHL_IDF_CD=3636adb9-de9b-48fd-b537-8a3dcb0360e3,https://www.schoolinfo.go.kr/ei/pp/Pneipp_b14_s0p.do?GS_HANGMOK_CD=14&GS_HANGMOK_NO=2-%EA%B0%80&GS_HANGMOK_NM=%ED%95%99%EA%B5%90%EA%B5%90%EC%9C%A1%EA%B3%BC%EC%A0%95+%ED%8E%B8%EC%84%B1%E3%86%8D%EC%9A%B4%EC%98%81+%EB%B0%8F+%ED%8F%89%EA%B0%80%EC%97%90+%EA%B4%80%ED%95%9C+%EC%82%AC%ED%95%AD&GS_BURYU_CD=JG100&JG_BURYU_CD=JG020&JG_HANGMOK_CD=05&JG_GUBUN=1&JG_YEAR2=2026&HG_NM=%EC%84%9C%EC%9A%B8%EA%B0%80%EC%A3%BC%EC%B4%88%EB%93%B1%ED%95%99%EA%B5%90&SHL_IDF_CD=3636adb9-de9b-48fd-b537-8a3dcb0360e3&GS_TYPE=Y&JG_YEAR=2026&SORT=BR&CHOSEN_JG_YEAR=2026&PRE_JG_YEAR=2026&LOAD_TYPE=single,2026학년도 가주초 연간학사일정.hwp / 2026 가주초 학교교육과정 편성·운영·평가 계획.hwpx,https://www.schoolinfo.go.kr/ei/pp/Pneipp_b73_s0p.do?GS_HANGMOK_CD=73&GS_HANGMOK_NO=15-%EB%9D%BC&GS_HANGMOK_NM=%EB%B0%A9%EA%B3%BC%ED%9B%84%ED%95%99%EA%B5%90+%EC%9A%B4%EC%98%81+%EA%B3%84%ED%9A%8D+%EB%B0%8F+%EC%9A%B4%EC%98%81%E3%86%8D%EC%A7%80%EC%9B%90%ED%98%84%ED%99%A9&GS_BURYU_CD=JG130&JG_BURYU_CD=JG150&JG_HANGMOK_CD=59&JG_GUBUN=1&JG_YEAR2=2026&HG_NM=%EC%84%9C%EC%9A%B8%EA%B0%80%EC%A3%BC%EC%B4%88%EB%93%B1%ED%95%99%EA%B5%90&SHL_IDF_CD=3636adb9-de9b-48fd-b537-8a3dcb0360e3&GS_TYPE=Y&JG_YEAR=2026&SORT=BR&CHOSEN_JG_YEAR=2026&PRE_JG_YEAR=2026&LOAD_TYPE=single,2026학년도 가주초 방과후학교 운영계획.hwp,,,,,,,,,,
expansion_seongnam_gangnam3,B000002139,서울가동초등학교,서울특별시,2-가 문서에서 시정표를 찾지 못함(요약본이거나 표가 이미지일 수 있음),,https://www.schoolinfo.go.kr/ei/ss/Pneiss_b01_s0.do?SHL_IDF_CD=301fa7fa-7765-4e8b-9261-5f8dc8977e1a,https://www.schoolinfo.go.kr/ei/pp/Pneipp_b14_s0p.do?GS_HANGMOK_CD=14&GS_HANGMOK_NO=2-%EA%B0%80&GS_HANGMOK_NM=%ED%95%99%EA%B5%90%EA%B5%90%EC%9C%A1%EA%B3%BC%EC%A0%95+%ED%8E%B8%EC%84%B1%E3%86%8D%EC%9A%B4%EC%98%81+%EB%B0%8F+%ED%8F%89%EA%B0%80%EC%97%90+%EA%B4%80%ED%95%9C+%EC%82%AC%ED%95%AD&GS_BURYU_CD=JG100&JG_BURYU_CD=JG020&JG_HANGMOK_CD=05&JG_GUBUN=1&JG_YEAR2=2026&HG_NM=%EC%84%9C%EC%9A%B8%EA%B0%80%EB%8F%99%EC%B4%88%EB%93%B1%ED%95%99%EA%B5%90&SHL_IDF_CD=301fa7fa-7765-4e8b-9261-5f8dc8977e1a&GS_TYPE=Y&JG_YEAR=2026&SORT=BR&CHOSEN_JG_YEAR=2026&PRE_JG_YEAR=2026&LOAD_TYPE=single,2026학년도 학교교육과정 편성운영평가.hwp,https://www.schoolinfo.go.kr/ei/pp/Pneipp_b73_s0p.do?GS_HANGMOK_CD=73&GS_HANGMOK_NO=15-%EB%9D%BC&GS_HANGMOK_NM=%EB%B0%A9%EA%B3%BC%ED%9B%84%ED%95%99%EA%B5%90+%EC%9A%B4%EC%98%81+%EA%B3%84%ED%9A%8D+%EB%B0%8F+%EC%9A%B4%EC%98%81%E3%86%8D%EC%A7%80%EC%9B%90%ED%98%84%ED%99%A9&GS_BURYU_CD=JG130&JG_BURYU_CD=JG150&JG_HANGMOK_CD=59&JG_GUBUN=1&JG_YEAR2=2026&HG_NM=%EC%84%9C%EC%9A%B8%EA%B0%80%EB%8F%99%EC%B4%88%EB%93%B1%ED%95%99%EA%B5%90&SHL_IDF_CD=301fa7fa-7765-4e8b-9261-5f8dc8977e1a&GS_TYPE=Y&JG_YEAR=2026&SORT=BR&CHOSEN_JG_YEAR=2026&PRE_JG_YEAR=2026&LOAD_TYPE=single,2026학년도 돌봄교실 운영계획.hwp / 2026학년도 방과후맞춤형교실 운영계획.hwpx,,,,,,,,,,
expansion_seongnam_gangnam3,B000002140,서울영풍초등학교,서울특별시,2-가 문서에서 시정표를 찾지 못함(요약본이거나 표가 이미지일 수 있음),,https://www.schoolinfo.go.kr/ei/ss/Pneiss_b01_s0.do?SHL_IDF_CD=ba64c0df-d8bc-4d13-8a43-7b3ada360a25,https://www.schoolinfo.go.kr/ei/pp/Pneipp_b14_s0p.do?GS_HANGMOK_CD=14&GS_HANGMOK_NO=2-%EA%B0%80&GS_HANGMOK_NM=%ED%95%99%EA%B5%90%EA%B5%90%EC%9C%A1%EA%B3%BC%EC%A0%95+%ED%8E%B8%EC%84%B1%E3%86%8D%EC%9A%B4%EC%98%81+%EB%B0%8F+%ED%8F%89%EA%B0%80%EC%97%90+%EA%B4%80%ED%95%9C+%EC%82%AC%ED%95%AD&GS_BURYU_CD=JG100&JG_BURYU_CD=JG020&JG_HANGMOK_CD=05&JG_GUBUN=1&JG_YEAR2=2026&HG_NM=%EC%84%9C%EC%9A%B8%EC%98%81%ED%92%8D%EC%B4%88%EB%93%B1%ED%95%99%EA%B5%90&SHL_IDF_CD=ba64c0df-d8bc-4d13-8a43-7b3ada360a25&GS_TYPE=Y&JG_YEAR=2026&SORT=BR&CHOSEN_JG_YEAR=2026&PRE_JG_YEAR=2026&LOAD_TYPE=single,2026학년도 영풍초 학교교육과정 편성·운영·평가 계획.pdf / 2026학년도 영풍초 연간학사일정.pdf,https://www.schoolinfo.go.kr/ei/pp/Pneipp_b73_s0p.do?GS_HANGMOK_CD=73&GS_HANGMOK_NO=15-%EB%9D%BC&GS_HANGMOK_NM=%EB%B0%A9%EA%B3%BC%ED%9B%84%ED%95%99%EA%B5%90+%EC%9A%B4%EC%98%81+%EA%B3%84%ED%9A%8D+%EB%B0%8F+%EC%9A%B4%EC%98%81%E3%86%8D%EC%A7%80%EC%9B%90%ED%98%84%ED%99%A9&GS_BURYU_CD=JG130&JG_BURYU_CD=JG150&JG_HANGMOK_CD=59&JG_GUBUN=1&JG_YEAR2=2026&HG_NM=%EC%84%9C%EC%9A%B8%EC%98%81%ED%92%8D%EC%B4%88%EB%93%B1%ED%95%99%EA%B5%90&SHL_IDF_CD=ba64c0df-d8bc-4d13-8a43-7b3ada360a25&GS_TYPE=Y&JG_YEAR=2026&SORT=BR&CHOSEN_JG_YEAR=2026&PRE_JG_YEAR=2026&LOAD_TYPE=single,2026학년도 영풍초 방과후학교 운영 계획.hwp / 2026학년도 영풍초 초등돌봄교실 운영 계획.hwp,,,,,,,,,,
expansion_seongnam_gangnam3,B000002141,서울거원초등학교,서울특별시,2-가 문서에서 시정표를 찾지 못함(요약본이거나 표가 이미지일 수 있음),,https://www.schoolinfo.go.kr/ei/ss/Pneiss_b01_s0.do?SHL_IDF_CD=d28249ad-42b9-45bd-b117-08d11946eec8,https://www.schoolinfo.go.kr/ei/pp/Pneipp_b14_s0p.do?GS_HANGMOK_CD=14&GS_HANGMOK_NO=2-%EA%B0%80&GS_HANGMOK_NM=%ED%95%99%EA%B5%90%EA%B5%90%EC%9C%A1%EA%B3%BC%EC%A0%95+%ED%8E%B8%EC%84%B1%E3%86%8D%EC%9A%B4%EC%98%81+%EB%B0%8F+%ED%8F%89%EA%B0%80%EC%97%90+%EA%B4%80%ED%95%9C+%EC%82%AC%ED%95%AD&GS_BURYU_CD=JG100&JG_BURYU_CD=JG020&JG_HANGMOK_CD=05&JG_GUBUN=1&JG_YEAR2=2026&HG_NM=%EC%84%9C%EC%9A%B8%EA%B1%B0%EC%9B%90%EC%B4%88%EB%93%B1%ED%95%99%EA%B5%90&SHL_IDF_CD=d28249ad-42b9-45bd-b117-08d11946eec8&GS_TYPE=Y&JG_YEAR=2026&SORT=BR&CHOSEN_JG_YEAR=2026&PRE_JG_YEAR=2026&LOAD_TYPE=single,2026학년도 거원초 연간학사일정.pdf / 2026학년도 거원초 학교교육과정 편성?운영?평가 계획.pdf,https://www.schoolinfo.go.kr/ei/pp/Pneipp_b73_s0p.do?GS_HANGMOK_CD=73&GS_HANGMOK_NO=15-%EB%9D%BC&GS_HANGMOK_NM=%EB%B0%A9%EA%B3%BC%ED%9B%84%ED%95%99%EA%B5%90+%EC%9A%B4%EC%98%81+%EA%B3%84%ED%9A%8D+%EB%B0%8F+%EC%9A%B4%EC%98%81%E3%86%8D%EC%A7%80%EC%9B%90%ED%98%84%ED%99%A9&GS_BURYU_CD=JG130&JG_BURYU_CD=JG150&JG_HANGMOK_CD=59&JG_GUBUN=1&JG_YEAR2=2026&HG_NM=%EC%84%9C%EC%9A%B8%EA%B1%B0%EC%9B%90%EC%B4%88%EB%93%B1%ED%95%99%EA%B5%90&SHL_IDF_CD=d28249ad-42b9-45bd-b117-08d11946eec8&GS_TYPE=Y&JG_YEAR=2026&SORT=BR&CHOSEN_JG_YEAR=2026&PRE_JG_YEAR=2026&LOAD_TYPE=single,2026학년도 거원초 초등돌봄교실 운영계획.hwp / 2026학년도 거원초 방과후교실 운영계획.hwp,,,,,,,,,,
expansion_seongnam_gangnam3,B000002143,서울마천초등학교,서울특별시,2-가 문서에서 시정표를 찾지 못함(요약본이거나 표가 이미지일 수 있음),,https://www.schoolinfo.go.kr/ei/ss/Pneiss_b01_s0.do?SHL_IDF_CD=1adb686a-86d0-4a44-9288-c85335cde735,https://www.schoolinfo.go.kr/ei/pp/Pneipp_b14_s0p.do?GS_HANGMOK_CD=14&GS_HANGMOK_NO=2-%EA%B0%80&GS_HANGMOK_NM=%ED%95%99%EA%B5%90%EA%B5%90%EC%9C%A1%EA%B3%BC%EC%A0%95+%ED%8E%B8%EC%84%B1%E3%86%8D%EC%9A%B4%EC%98%81+%EB%B0%8F+%ED%8F%89%EA%B0%80%EC%97%90+%EA%B4%80%ED%95%9C+%EC%82%AC%ED%95%AD&GS_BURYU_CD=JG100&JG_BURYU_CD=JG020&JG_HANGMOK_CD=05&JG_GUBUN=1&JG_YEAR2=2026&HG_NM=%EC%84%9C%EC%9A%B8%EB%A7%88%EC%B2%9C%EC%B4%88%EB%93%B1%ED%95%99%EA%B5%90&SHL_IDF_CD=1adb686a-86d0-4a44-9288-c85335cde735&GS_TYPE=Y&JG_YEAR=2026&SORT=BR&CHOSEN_JG_YEAR=2026&PRE_JG_YEAR=2026&LOAD_TYPE=single,01학교교육과정 편성 운영 및 평가에 관한 사항(마천초).pdf,https://www.schoolinfo.go.kr/ei/pp/Pneipp_b73_s0p.do?GS_HANGMOK_CD=73&GS_HANGMOK_NO=15-%EB%9D%BC&GS_HANGMOK_NM=%EB%B0%A9%EA%B3%BC%ED%9B%84%ED%95%99%EA%B5%90+%EC%9A%B4%EC%98%81+%EA%B3%84%ED%9A%8D+%EB%B0%8F+%EC%9A%B4%EC%98%81%E3%86%8D%EC%A7%80%EC%9B%90%ED%98%84%ED%99%A9&GS_BURYU_CD=JG130&JG_BURYU_CD=JG150&JG_HANGMOK_CD=59&JG_GUBUN=1&JG_YEAR2=2026&HG_NM=%EC%84%9C%EC%9A%B8%EB%A7%88%EC%B2%9C%EC%B4%88%EB%93%B1%ED%95%99%EA%B5%90&SHL_IDF_CD=1adb686a-86d0-4a44-9288-c85335cde735&GS_TYPE=Y&JG_YEAR=2026&SORT=BR&CHOSEN_JG_YEAR=2026&PRE_JG_YEAR=2026&LOAD_TYPE=single,2026 초등돌봄교실 운영계획 및 안전관리 계획(안).hwpx / 2026학년도 방과후.맞춤형교실 운영 계획.hwp,,,,,,,,,,
expansion_seongnam_gangnam3,B000002144,서울오륜초등학교,서울특별시,2-가 문서에서 시정표를 찾지 못함(요약본이거나 표가 이미지일 수 있음),,https://www.schoolinfo.go.kr/ei/ss/Pneiss_b01_s0.do?SHL_IDF_CD=24c7e8e5-3c7c-4d72-a6ab-694b9f397037,https://www.schoolinfo.go.kr/ei/pp/Pneipp_b14_s0p.do?GS_HANGMOK_CD=14&GS_HANGMOK_NO=2-%EA%B0%80&GS_HANGMOK_NM=%ED%95%99%EA%B5%90%EA%B5%90%EC%9C%A1%EA%B3%BC%EC%A0%95+%ED%8E%B8%EC%84%B1%E3%86%8D%EC%9A%B4%EC%98%81+%EB%B0%8F+%ED%8F%89%EA%B0%80%EC%97%90+%EA%B4%80%ED%95%9C+%EC%82%AC%ED%95%AD&GS_BURYU_CD=JG100&JG_BURYU_CD=JG020&JG_HANGMOK_CD=05&JG_GUBUN=1&JG_YEAR2=2026&HG_NM=%EC%84%9C%EC%9A%B8%EC%98%A4%EB%A5%9C%EC%B4%88%EB%93%B1%ED%95%99%EA%B5%90&SHL_IDF_CD=24c7e8e5-3c7c-4d72-a6ab-694b9f397037&GS_TYPE=Y&JG_YEAR=2026&SORT=BR&CHOSEN_JG_YEAR=2026&PRE_JG_YEAR=2026&LOAD_TYPE=single,"2026학년도 오륜초 연간학사일정.pdf / 2026학년도 오륜초 학교교육과정 편성, 운영, 평가 계획.pdf",https://www.schoolinfo.go.kr/ei/pp/Pneipp_b73_s0p.do?GS_HANGMOK_CD=73&GS_HANGMOK_NO=15-%EB%9D%BC&GS_HANGMOK_NM=%EB%B0%A9%EA%B3%BC%ED%9B%84%ED%95%99%EA%B5%90+%EC%9A%B4%EC%98%81+%EA%B3%84%ED%9A%8D+%EB%B0%8F+%EC%9A%B4%EC%98%81%E3%86%8D%EC%A7%80%EC%9B%90%ED%98%84%ED%99%A9&GS_BURYU_CD=JG130&JG_BURYU_CD=JG150&JG_HANGMOK_CD=59&JG_GUBUN=1&JG_YEAR2=2026&HG_NM=%EC%84%9C%EC%9A%B8%EC%98%A4%EB%A5%9C%EC%B4%88%EB%93%B1%ED%95%99%EA%B5%90&SHL_IDF_CD=24c7e8e5-3c7c-4d72-a6ab-694b9f397037&GS_TYPE=Y&JG_YEAR=2026&SORT=BR&CHOSEN_JG_YEAR=2026&PRE_JG_YEAR=2026&LOAD_TYPE=single,2026학년도 오륜초 돌봄교실 운영 계획.hwp / 2026학년도 오륜초 방과후학교 운영계획.hwp,,,,,,,,,,
expansion_seongnam_gangnam3,B000002145,서울세륜초등학교,서울특별시,2-가 문서에서 시정표를 찾지 못함(요약본이거나 표가 이미지일 수 있음),,https://www.schoolinfo.go.kr/ei/ss/Pneiss_b01_s0.do?SHL_IDF_CD=99e55c1e-e8b4-4d1e-a1a0-a0c0dd2b8746,https://www.schoolinfo.go.kr/ei/pp/Pneipp_b14_s0p.do?GS_HANGMOK_CD=14&GS_HANGMOK_NO=2-%EA%B0%80&GS_HANGMOK_NM=%ED%95%99%EA%B5%90%EA%B5%90%EC%9C%A1%EA%B3%BC%EC%A0%95+%ED%8E%B8%EC%84%B1%E3%86%8D%EC%9A%B4%EC%98%81+%EB%B0%8F+%ED%8F%89%EA%B0%80%EC%97%90+%EA%B4%80%ED%95%9C+%EC%82%AC%ED%95%AD&GS_BURYU_CD=JG100&JG_BURYU_CD=JG020&JG_HANGMOK_CD=05&JG_GUBUN=1&JG_YEAR2=2026&HG_NM=%EC%84%9C%EC%9A%B8%EC%84%B8%EB%A5%9C%EC%B4%88%EB%93%B1%ED%95%99%EA%B5%90&SHL_IDF_CD=99e55c1e-e8b4-4d1e-a1a0-a0c0dd2b8746&GS_TYPE=Y&JG_YEAR=2026&SORT=BR&CHOSEN_JG_YEAR=2026&PRE_JG_YEAR=2026&LOAD_TYPE=single,2026학년도 세륜초 학교교육과정 편성·운영·평가 계획.hwp,https://www.schoolinfo.go.kr/ei/pp/Pneipp_b73_s0p.do?GS_HANGMOK_CD=73&GS_HANGMOK_NO=15-%EB%9D%BC&GS_HANGMOK_NM=%EB%B0%A9%EA%B3%BC%ED%9B%84%ED%95%99%EA%B5%90+%EC%9A%B4%EC%98%81+%EA%B3%84%ED%9A%8D+%EB%B0%8F+%EC%9A%B4%EC%98%81%E3%86%8D%EC%A7%80%EC%9B%90%ED%98%84%ED%99%A9&GS_BURYU_CD=JG130&JG_BURYU_CD=JG150&JG_HANGMOK_CD=59&JG_GUBUN=1&JG_YEAR2=2026&HG_NM=%EC%84%9C%EC%9A%B8%EC%84%B8%EB%A5%9C%EC%B4%88%EB%93%B1%ED%95%99%EA%B5%90&SHL_IDF_CD=99e55c1e-e8b4-4d1e-a1a0-a0c0dd2b8746&GS_TYPE=Y&JG_YEAR=2026&SORT=BR&CHOSEN_JG_YEAR=2026&PRE_JG_YEAR=2026&LOAD_TYPE=single,방과후 돌봄교실_2026.hwp,,,,,,,,,,
expansion_seongnam_gangnam3,B000002146,서울방산초등학교,서울특별시,2-가 문서에서 시정표를 찾지 못함(요약본이거나 표가 이미지일 수 있음),15-라 계획에 1학년 오후돌봄 종료 시각이 없음 (공시 첨부에 1학년 돌봄 운영 시간 없음(방과후 계획 위주)),https://www.schoolinfo.go.kr/ei/ss/Pneiss_b01_s0.do?SHL_IDF_CD=f70c5900-431a-47d2-98e5-9ee362a681b4,https://www.schoolinfo.go.kr/ei/pp/Pneipp_b14_s0p.do?GS_HANGMOK_CD=14&GS_HANGMOK_NO=2-%EA%B0%80&GS_HANGMOK_NM=%ED%95%99%EA%B5%90%EA%B5%90%EC%9C%A1%EA%B3%BC%EC%A0%95+%ED%8E%B8%EC%84%B1%E3%86%8D%EC%9A%B4%EC%98%81+%EB%B0%8F+%ED%8F%89%EA%B0%80%EC%97%90+%EA%B4%80%ED%95%9C+%EC%82%AC%ED%95%AD&GS_BURYU_CD=JG100&JG_BURYU_CD=JG020&JG_HANGMOK_CD=05&JG_GUBUN=1&JG_YEAR2=2026&HG_NM=%EC%84%9C%EC%9A%B8%EB%B0%A9%EC%82%B0%EC%B4%88%EB%93%B1%ED%95%99%EA%B5%90&SHL_IDF_CD=f70c5900-431a-47d2-98e5-9ee362a681b4&GS_TYPE=Y&JG_YEAR=2026&SORT=BR&CHOSEN_JG_YEAR=2026&PRE_JG_YEAR=2026&LOAD_TYPE=single,2026학년도 방산초 연간학사일정.hwp / 2026학년도 방산초 학교교육과정 편성·운영·평가 계획.hwp,https://www.schoolinfo.go.kr/ei/pp/Pneipp_b73_s0p.do?GS_HANGMOK_CD=73&GS_HANGMOK_NO=15-%EB%9D%BC&GS_HANGMOK_NM=%EB%B0%A9%EA%B3%BC%ED%9B%84%ED%95%99%EA%B5%90+%EC%9A%B4%EC%98%81+%EA%B3%84%ED%9A%8D+%EB%B0%8F+%EC%9A%B4%EC%98%81%E3%86%8D%EC%A7%80%EC%9B%90%ED%98%84%ED%99%A9&GS_BURYU_CD=JG130&JG_BURYU_CD=JG150&JG_HANGMOK_CD=59&JG_GUBUN=1&JG_YEAR2=2026&HG_NM=%EC%84%9C%EC%9A%B8%EB%B0%A9%EC%82%B0%EC%B4%88%EB%93%B1%ED%95%99%EA%B5%90&SHL_IDF_CD=f70c5900-431a-47d2-98e5-9ee362a681b4&GS_TYPE=Y&JG_YEAR=2026&SORT=BR&CHOSEN_JG_YEAR=2026&PRE_JG_YEAR=2026&LOAD_TYPE=single,"2026학년도 방과후·맞춤형교실, 돌봄교실 연간 운영계획(안).pdf",,,,,,,,,,
expansion_seongnam_gangnam3,B000002147,서울삼전초등학교,서울특별시,2-가 문서에서 시정표를 찾지 못함(요약본이거나 표가 이미지일 수 있음),,https://www.schoolinfo.go.kr/ei/ss/Pneiss_b01_s0.do?SHL_IDF_CD=e7baf97c-e54e-4556-a044-c1e28ae0646a,https://www.schoolinfo.go.kr/ei/pp/Pneipp_b14_s0p.do?GS_HANGMOK_CD=14&GS_HANGMOK_NO=2-%EA%B0%80&GS_HANGMOK_NM=%ED%95%99%EA%B5%90%EA%B5%90%EC%9C%A1%EA%B3%BC%EC%A0%95+%ED%8E%B8%EC%84%B1%E3%86%8D%EC%9A%B4%EC%98%81+%EB%B0%8F+%ED%8F%89%EA%B0%80%EC%97%90+%EA%B4%80%ED%95%9C+%EC%82%AC%ED%95%AD&GS_BURYU_CD=JG100&JG_BURYU_CD=JG020&JG_HANGMOK_CD=05&JG_GUBUN=1&JG_YEAR2=2026&HG_NM=%EC%84%9C%EC%9A%B8%EC%82%BC%EC%A0%84%EC%B4%88%EB%93%B1%ED%95%99%EA%B5%90&SHL_IDF_CD=e7baf97c-e54e-4556-a044-c1e28ae0646a&GS_TYPE=Y&JG_YEAR=2026&SORT=BR&CHOSEN_JG_YEAR=2026&PRE_JG_YEAR=2026&LOAD_TYPE=single,"(삼전초)2026학년도 연간학사일정.hwp / (삼전초)2026학년도 학교교육과정 편성, 운영, 평가 계획.hwp",https://www.schoolinfo.go.kr/ei/pp/Pneipp_b73_s0p.do?GS_HANGMOK_CD=73&GS_HANGMOK_NO=15-%EB%9D%BC&GS_HANGMOK_NM=%EB%B0%A9%EA%B3%BC%ED%9B%84%ED%95%99%EA%B5%90+%EC%9A%B4%EC%98%81+%EA%B3%84%ED%9A%8D+%EB%B0%8F+%EC%9A%B4%EC%98%81%E3%86%8D%EC%A7%80%EC%9B%90%ED%98%84%ED%99%A9&GS_BURYU_CD=JG130&JG_BURYU_CD=JG150&JG_HANGMOK_CD=59&JG_GUBUN=1&JG_YEAR2=2026&HG_NM=%EC%84%9C%EC%9A%B8%EC%82%BC%EC%A0%84%EC%B4%88%EB%93%B1%ED%95%99%EA%B5%90&SHL_IDF_CD=e7baf97c-e54e-4556-a044-c1e28ae0646a&GS_TYPE=Y&JG_YEAR=2026&SORT=BR&CHOSEN_JG_YEAR=2026&PRE_JG_YEAR=2026&LOAD_TYPE=single,2026학년도 초등돌봄교실 연간 운영 계획.hwpx / 2026학년도 방과후·맞춤형 프로그램 연간 운영 계획.hwp,,,,,,,,,,
expansion_seongnam_gangnam3,B000002148,서울석촌초등학교,서울특별시,2-가 문서에서 시정표를 찾지 못함(요약본이거나 표가 이미지일 수 있음),,https://www.schoolinfo.go.kr/ei/ss/Pneiss_b01_s0.do?SHL_IDF_CD=5cbed1f0-cbf7-48e8-9c72-7f4f8f477caa,https://www.schoolinfo.go.kr/ei/pp/Pneipp_b14_s0p.do?GS_HANGMOK_CD=14&GS_HANGMOK_NO=2-%EA%B0%80&GS_HANGMOK_NM=%ED%95%99%EA%B5%90%EA%B5%90%EC%9C%A1%EA%B3%BC%EC%A0%95+%ED%8E%B8%EC%84%B1%E3%86%8D%EC%9A%B4%EC%98%81+%EB%B0%8F+%ED%8F%89%EA%B0%80%EC%97%90+%EA%B4%80%ED%95%9C+%EC%82%AC%ED%95%AD&GS_BURYU_CD=JG100&JG_BURYU_CD=JG020&JG_HANGMOK_CD=05&JG_GUBUN=1&JG_YEAR2=2026&HG_NM=%EC%84%9C%EC%9A%B8%EC%84%9D%EC%B4%8C%EC%B4%88%EB%93%B1%ED%95%99%EA%B5%90&SHL_IDF_CD=5cbed1f0-cbf7-48e8-9c72-7f4f8f477caa&GS_TYPE=Y&JG_YEAR=2026&SORT=BR&CHOSEN_JG_YEAR=2026&PRE_JG_YEAR=2026&LOAD_TYPE=single,2026학년도 석촌초 연간학사일정.hwpx / 2026학년도 석촌초 학교교육과정 편성·운영·평가 계획.hwpx,https://www.schoolinfo.go.kr/ei/pp/Pneipp_b73_s0p.do?GS_HANGMOK_CD=73&GS_HANGMOK_NO=15-%EB%9D%BC&GS_HANGMOK_NM=%EB%B0%A9%EA%B3%BC%ED%9B%84%ED%95%99%EA%B5%90+%EC%9A%B4%EC%98%81+%EA%B3%84%ED%9A%8D+%EB%B0%8F+%EC%9A%B4%EC%98%81%E3%86%8D%EC%A7%80%EC%9B%90%ED%98%84%ED%99%A9&GS_BURYU_CD=JG130&JG_BURYU_CD=JG150&JG_HANGMOK_CD=59&JG_GUBUN=1&JG_YEAR2=2026&HG_NM=%EC%84%9C%EC%9A%B8%EC%84%9D%EC%B4%8C%EC%B4%88%EB%93%B1%ED%95%99%EA%B5%90&SHL_IDF_CD=5cbed1f0-cbf7-48e8-9c72-7f4f8f477caa&GS_TYPE=Y&JG_YEAR=2026&SORT=BR&CHOSEN_JG_YEAR=2026&PRE_JG_YEAR=2026&LOAD_TYPE=single,2026학년도 돌봄교실 운영계획서.hwp / 2026학년도 방과후·맞춤형 프로그램 연간운영게획(안).hwp,,,,,,,,,,
expansion_seongnam_gangnam3,B000002149,서울송파초등학교,서울특별시,2-가 문서에서 시정표를 찾지 못함(요약본이거나 표가 이미지일 수 있음),,https://www.schoolinfo.go.kr/ei/ss/Pneiss_b01_s0.do?SHL_IDF_CD=d82d9dc4-a183-400e-b411-4f75974aed19,https://www.schoolinfo.go.kr/ei/pp/Pneipp_b14_s0p.do?GS_HANGMOK_CD=14&GS_HANGMOK_NO=2-%EA%B0%80&GS_HANGMOK_NM=%ED%95%99%EA%B5%90%EA%B5%90%EC%9C%A1%EA%B3%BC%EC%A0%95+%ED%8E%B8%EC%84%B1%E3%86%8D%EC%9A%B4%EC%98%81+%EB%B0%8F+%ED%8F%89%EA%B0%80%EC%97%90+%EA%B4%80%ED%95%9C+%EC%82%AC%ED%95%AD&GS_BURYU_CD=JG100&JG_BURYU_CD=JG020&JG_HANGMOK_CD=05&JG_GUBUN=1&JG_YEAR2=2026&HG_NM=%EC%84%9C%EC%9A%B8%EC%86%A1%ED%8C%8C%EC%B4%88%EB%93%B1%ED%95%99%EA%B5%90&SHL_IDF_CD=d82d9dc4-a183-400e-b411-4f75974aed19&GS_TYPE=Y&JG_YEAR=2026&SORT=BR&CHOSEN_JG_YEAR=2026&PRE_JG_YEAR=2026&LOAD_TYPE=single,"(송파초)2026학년도 학교교육과정 편성, 운영, 평가 계획.hwp",https://www.schoolinfo.go.kr/ei/pp/Pneipp_b73_s0p.do?GS_HANGMOK_CD=73&GS_HANGMOK_NO=15-%EB%9D%BC&GS_HANGMOK_NM=%EB%B0%A9%EA%B3%BC%ED%9B%84%ED%95%99%EA%B5%90+%EC%9A%B4%EC%98%81+%EA%B3%84%ED%9A%8D+%EB%B0%8F+%EC%9A%B4%EC%98%81%E3%86%8D%EC%A7%80%EC%9B%90%ED%98%84%ED%99%A9&GS_BURYU_CD=JG130&JG_BURYU_CD=JG150&JG_HANGMOK_CD=59&JG_GUBUN=1&JG_YEAR2=2026&HG_NM=%EC%84%9C%EC%9A%B8%EC%86%A1%ED%8C%8C%EC%B4%88%EB%93%B1%ED%95%99%EA%B5%90&SHL_IDF_CD=d82d9dc4-a183-400e-b411-4f75974aed19&GS_TYPE=Y&JG_YEAR=2026&SORT=BR&CHOSEN_JG_YEAR=2026&PRE_JG_YEAR=2026&LOAD_TYPE=single,"2026학년도 방과후·맞춤형교실,돌봄교실 연간운영 및 1분기 운영 계획(안).hwpx",,,,,,,,,,
expansion_seongnam_gangnam3,B000002150,서울오금초등학교,서울특별시,2-가 문서에서 시정표를 찾지 못함(요약본이거나 표가 이미지일 수 있음),,https://www.schoolinfo.go.kr/ei/ss/Pneiss_b01_s0.do?SHL_IDF_CD=96e0e9a7-7bf6-4d71-a18b-9062baa17ec7,https://www.schoolinfo.go.kr/ei/pp/Pneipp_b14_s0p.do?GS_HANGMOK_CD=14&GS_HANGMOK_NO=2-%EA%B0%80&GS_HANGMOK_NM=%ED%95%99%EA%B5%90%EA%B5%90%EC%9C%A1%EA%B3%BC%EC%A0%95+%ED%8E%B8%EC%84%B1%E3%86%8D%EC%9A%B4%EC%98%81+%EB%B0%8F+%ED%8F%89%EA%B0%80%EC%97%90+%EA%B4%80%ED%95%9C+%EC%82%AC%ED%95%AD&GS_BURYU_CD=JG100&JG_BURYU_CD=JG020&JG_HANGMOK_CD=05&JG_GUBUN=1&JG_YEAR2=2026&HG_NM=%EC%84%9C%EC%9A%B8%EC%98%A4%EA%B8%88%EC%B4%88%EB%93%B1%ED%95%99%EA%B5%90&SHL_IDF_CD=96e0e9a7-7bf6-4d71-a18b-9062baa17ec7&GS_TYPE=Y&JG_YEAR=2026&SORT=BR&CHOSEN_JG_YEAR=2026&PRE_JG_YEAR=2026&LOAD_TYPE=single,2026학년도 오금초 학교교육과정 편성운영평가계획.hwpx,https://www.schoolinfo.go.kr/ei/pp/Pneipp_b73_s0p.do?GS_HANGMOK_CD=73&GS_HANGMOK_NO=15-%EB%9D%BC&GS_HANGMOK_NM=%EB%B0%A9%EA%B3%BC%ED%9B%84%ED%95%99%EA%B5%90+%EC%9A%B4%EC%98%81+%EA%B3%84%ED%9A%8D+%EB%B0%8F+%EC%9A%B4%EC%98%81%E3%86%8D%EC%A7%80%EC%9B%90%ED%98%84%ED%99%A9&GS_BURYU_CD=JG130&JG_BURYU_CD=JG150&JG_HANGMOK_CD=59&JG_GUBUN=1&JG_YEAR2=2026&HG_NM=%EC%84%9C%EC%9A%B8%EC%98%A4%EA%B8%88%EC%B4%88%EB%93%B1%ED%95%99%EA%B5%90&SHL_IDF_CD=96e0e9a7-7bf6-4d71-a18b-9062baa17ec7&GS_TYPE=Y&JG_YEAR=2026&SORT=BR&CHOSEN_JG_YEAR=2026&PRE_JG_YEAR=2026&LOAD_TYPE=single,(오금초)2026학년도 돌봄교실 운영 계획.hwp / 2026학년도 방과후학교 연간 운영 계획(안).hwp,,,,,,,,,,
expansion_seongnam_gangnam3,B000002152,서울개롱초등학교,서울특별시,2-가 문서에서 시정표를 찾지 못함(요약본이거나 표가 이미지일 수 있음),,https://www.schoolinfo.go.kr/ei/ss/Pneiss_b01_s0.do?SHL_IDF_CD=78efdee6-6c1c-48e8-996a-5b1db786728d,https://www.schoolinfo.go.kr/ei/pp/Pneipp_b14_s0p.do?GS_HANGMOK_CD=14&GS_HANGMOK_NO=2-%EA%B0%80&GS_HANGMOK_NM=%ED%95%99%EA%B5%90%EA%B5%90%EC%9C%A1%EA%B3%BC%EC%A0%95+%ED%8E%B8%EC%84%B1%E3%86%8D%EC%9A%B4%EC%98%81+%EB%B0%8F+%ED%8F%89%EA%B0%80%EC%97%90+%EA%B4%80%ED%95%9C+%EC%82%AC%ED%95%AD&GS_BURYU_CD=JG100&JG_BURYU_CD=JG020&JG_HANGMOK_CD=05&JG_GUBUN=1&JG_YEAR2=2026&HG_NM=%EC%84%9C%EC%9A%B8%EA%B0%9C%EB%A1%B1%EC%B4%88%EB%93%B1%ED%95%99%EA%B5%90&SHL_IDF_CD=78efdee6-6c1c-48e8-996a-5b1db786728d&GS_TYPE=Y&JG_YEAR=2026&SORT=BR&CHOSEN_JG_YEAR=2026&PRE_JG_YEAR=2026&LOAD_TYPE=single,(개롱초)학교교육과정 편성 운영 및 평가에 관한 사항.hwpx,https://www.schoolinfo.go.kr/ei/pp/Pneipp_b73_s0p.do?GS_HANGMOK_CD=73&GS_HANGMOK_NO=15-%EB%9D%BC&GS_HANGMOK_NM=%EB%B0%A9%EA%B3%BC%ED%9B%84%ED%95%99%EA%B5%90+%EC%9A%B4%EC%98%81+%EA%B3%84%ED%9A%8D+%EB%B0%8F+%EC%9A%B4%EC%98%81%E3%86%8D%EC%A7%80%EC%9B%90%ED%98%84%ED%99%A9&GS_BURYU_CD=JG130&JG_BURYU_CD=JG150&JG_HANGMOK_CD=59&JG_GUBUN=1&JG_YEAR2=2026&HG_NM=%EC%84%9C%EC%9A%B8%EA%B0%9C%EB%A1%B1%EC%B4%88%EB%93%B1%ED%95%99%EA%B5%90&SHL_IDF_CD=78efdee6-6c1c-48e8-996a-5b1db786728d&GS_TYPE=Y&JG_YEAR=2026&SORT=BR&CHOSEN_JG_YEAR=2026&PRE_JG_YEAR=2026&LOAD_TYPE=single,2026 개롱초 돌봄교실 운영계획.pdf / 2026 개롱초 방과후·돌봄 운영계획.pdf,,,,,,,,,,
expansion_seongnam_gangnam3,B000002153,서울잠전초등학교,서울특별시,2-가 문서에서 시정표를 찾지 못함(요약본이거나 표가 이미지일 수 있음),,https://www.schoolinfo.go.kr/ei/ss/Pneiss_b01_s0.do?SHL_IDF_CD=1e81cd2b-c5f4-4e01-8fed-3640c6a6c270,https://www.schoolinfo.go.kr/ei/pp/Pneipp_b14_s0p.do?GS_HANGMOK_CD=14&GS_HANGMOK_NO=2-%EA%B0%80&GS_HANGMOK_NM=%ED%95%99%EA%B5%90%EA%B5%90%EC%9C%A1%EA%B3%BC%EC%A0%95+%ED%8E%B8%EC%84%B1%E3%86%8D%EC%9A%B4%EC%98%81+%EB%B0%8F+%ED%8F%89%EA%B0%80%EC%97%90+%EA%B4%80%ED%95%9C+%EC%82%AC%ED%95%AD&GS_BURYU_CD=JG100&JG_BURYU_CD=JG020&JG_HANGMOK_CD=05&JG_GUBUN=1&JG_YEAR2=2026&HG_NM=%EC%84%9C%EC%9A%B8%EC%9E%A0%EC%A0%84%EC%B4%88%EB%93%B1%ED%95%99%EA%B5%90&SHL_IDF_CD=1e81cd2b-c5f4-4e01-8fed-3640c6a6c270&GS_TYPE=Y&JG_YEAR=2026&SORT=BR&CHOSEN_JG_YEAR=2026&PRE_JG_YEAR=2026&LOAD_TYPE=single,2026학년도 잠전초 연간학사일정.hwp / 2026학년도 잠전초 학교교육과정 편성?운영?평가 계획.hwp,https://www.schoolinfo.go.kr/ei/pp/Pneipp_b73_s0p.do?GS_HANGMOK_CD=73&GS_HANGMOK_NO=15-%EB%9D%BC&GS_HANGMOK_NM=%EB%B0%A9%EA%B3%BC%ED%9B%84%ED%95%99%EA%B5%90+%EC%9A%B4%EC%98%81+%EA%B3%84%ED%9A%8D+%EB%B0%8F+%EC%9A%B4%EC%98%81%E3%86%8D%EC%A7%80%EC%9B%90%ED%98%84%ED%99%A9&GS_BURYU_CD=JG130&JG_BURYU_CD=JG150&JG_HANGMOK_CD=59&JG_GUBUN=1&JG_YEAR2=2026&HG_NM=%EC%84%9C%EC%9A%B8%EC%9E%A0%EC%A0%84%EC%B4%88%EB%93%B1%ED%95%99%EA%B5%90&SHL_IDF_CD=1e81cd2b-c5f4-4e01-8fed-3640c6a6c270&GS_TYPE=Y&JG_YEAR=2026&SORT=BR&CHOSEN_JG_YEAR=2026&PRE_JG_YEAR=2026&LOAD_TYPE=single,2026학년도 잠전초등학교 초등돌봄교실 운영 계획.hwpx / 2026학년도 잠전초등학교 방과후학교 운영계획.hwp,,,,,,,,,,
expansion_seongnam_gangnam3,B000002154,서울풍납초등학교,서울특별시,2-가 문서에서 시정표를 찾지 못함(요약본이거나 표가 이미지일 수 있음),,https://www.schoolinfo.go.kr/ei/ss/Pneiss_b01_s0.do?SHL_IDF_CD=2d53b558-2439-402f-88b9-c1c3cd1edd98,https://www.schoolinfo.go.kr/ei/pp/Pneipp_b14_s0p.do?GS_HANGMOK_CD=14&GS_HANGMOK_NO=2-%EA%B0%80&GS_HANGMOK_NM=%ED%95%99%EA%B5%90%EA%B5%90%EC%9C%A1%EA%B3%BC%EC%A0%95+%ED%8E%B8%EC%84%B1%E3%86%8D%EC%9A%B4%EC%98%81+%EB%B0%8F+%ED%8F%89%EA%B0%80%EC%97%90+%EA%B4%80%ED%95%9C+%EC%82%AC%ED%95%AD&GS_BURYU_CD=JG100&JG_BURYU_CD=JG020&JG_HANGMOK_CD=05&JG_GUBUN=1&JG_YEAR2=2026&HG_NM=%EC%84%9C%EC%9A%B8%ED%92%8D%EB%82%A9%EC%B4%88%EB%93%B1%ED%95%99%EA%B5%90&SHL_IDF_CD=2d53b558-2439-402f-88b9-c1c3cd1edd98&GS_TYPE=Y&JG_YEAR=2026&SORT=BR&CHOSEN_JG_YEAR=2026&PRE_JG_YEAR=2026&LOAD_TYPE=single,2026학년도 서울풍납초 연간 학사일정.pdf / 2026학년도 서울풍납초 학교교육과정 편성.운영.평가 계획.pdf,https://www.schoolinfo.go.kr/ei/pp/Pneipp_b73_s0p.do?GS_HANGMOK_CD=73&GS_HANGMOK_NO=15-%EB%9D%BC&GS_HANGMOK_NM=%EB%B0%A9%EA%B3%BC%ED%9B%84%ED%95%99%EA%B5%90+%EC%9A%B4%EC%98%81+%EA%B3%84%ED%9A%8D+%EB%B0%8F+%EC%9A%B4%EC%98%81%E3%86%8D%EC%A7%80%EC%9B%90%ED%98%84%ED%99%A9&GS_BURYU_CD=JG130&JG_BURYU_CD=JG150&JG_HANGMOK_CD=59&JG_GUBUN=1&JG_YEAR2=2026&HG_NM=%EC%84%9C%EC%9A%B8%ED%92%8D%EB%82%A9%EC%B4%88%EB%93%B1%ED%95%99%EA%B5%90&SHL_IDF_CD=2d53b558-2439-402f-88b9-c1c3cd1edd98&GS_TYPE=Y&JG_YEAR=2026&SORT=BR&CHOSEN_JG_YEAR=2026&PRE_JG_YEAR=2026&LOAD_TYPE=single,2026학년도 방과후 · 맞춤형교실 운영계획 변경.hwp / 2026학년도 초등돌봄교실 학생안전지도 및 시설물 관리.hwp / 2026학년도 초등돌봄교실 운영 계획(최종).hwp / 2026학년도 방과후 · 맞춤형 교실 연간운영계획.hwp,,,,,,,,,,
expansion_seongnam_gangnam3,B000002156,서울풍성초등학교,서울특별시,시정표 제목만 있고 표 글자가 없음(이미지 표 가능),15-라 계획에 1학년 오후돌봄 종료 시각이 없음 (공시 첨부에 1학년 돌봄 운영 시간 없음(방과후 계획 위주)),https://www.schoolinfo.go.kr/ei/ss/Pneiss_b01_s0.do?SHL_IDF_CD=4297898a-d0b5-46f6-9bda-a4dada53dc06,https://www.schoolinfo.go.kr/ei/pp/Pneipp_b14_s0p.do?GS_HANGMOK_CD=14&GS_HANGMOK_NO=2-%EA%B0%80&GS_HANGMOK_NM=%ED%95%99%EA%B5%90%EA%B5%90%EC%9C%A1%EA%B3%BC%EC%A0%95+%ED%8E%B8%EC%84%B1%E3%86%8D%EC%9A%B4%EC%98%81+%EB%B0%8F+%ED%8F%89%EA%B0%80%EC%97%90+%EA%B4%80%ED%95%9C+%EC%82%AC%ED%95%AD&GS_BURYU_CD=JG100&JG_BURYU_CD=JG020&JG_HANGMOK_CD=05&JG_GUBUN=1&JG_YEAR2=2026&HG_NM=%EC%84%9C%EC%9A%B8%ED%92%8D%EC%84%B1%EC%B4%88%EB%93%B1%ED%95%99%EA%B5%90&SHL_IDF_CD=4297898a-d0b5-46f6-9bda-a4dada53dc06&GS_TYPE=Y&JG_YEAR=2026&SORT=BR&CHOSEN_JG_YEAR=2026&PRE_JG_YEAR=2026&LOAD_TYPE=single,"2026학년도 학교교육과정 편성, 운영 및 평가에 관한 사항(수정).hwp",https://www.schoolinfo.go.kr/ei/pp/Pneipp_b73_s0p.do?GS_HANGMOK_CD=73&GS_HANGMOK_NO=15-%EB%9D%BC&GS_HANGMOK_NM=%EB%B0%A9%EA%B3%BC%ED%9B%84%ED%95%99%EA%B5%90+%EC%9A%B4%EC%98%81+%EA%B3%84%ED%9A%8D+%EB%B0%8F+%EC%9A%B4%EC%98%81%E3%86%8D%EC%A7%80%EC%9B%90%ED%98%84%ED%99%A9&GS_BURYU_CD=JG130&JG_BURYU_CD=JG150&JG_HANGMOK_CD=59&JG_GUBUN=1&JG_YEAR2=2026&HG_NM=%EC%84%9C%EC%9A%B8%ED%92%8D%EC%84%B1%EC%B4%88%EB%93%B1%ED%95%99%EA%B5%90&SHL_IDF_CD=4297898a-d0b5-46f6-9bda-a4dada53dc06&GS_TYPE=Y&JG_YEAR=2026&SORT=BR&CHOSEN_JG_YEAR=2026&PRE_JG_YEAR=2026&LOAD_TYPE=single,20OO학년도 OO학교 방과후.돌봄 교실 연간 운영 계획.hwp,,,,,,,,,,
expansion_seongnam_gangnam3,B000002158,서울버들초등학교,서울특별시,2-가 문서에서 시정표를 찾지 못함(요약본이거나 표가 이미지일 수 있음),,https://www.schoolinfo.go.kr/ei/ss/Pneiss_b01_s0.do?SHL_IDF_CD=2072c9da-f1f3-4458-a59c-2ee194bb9c26,https://www.schoolinfo.go.kr/ei/pp/Pneipp_b14_s0p.do?GS_HANGMOK_CD=14&GS_HANGMOK_NO=2-%EA%B0%80&GS_HANGMOK_NM=%ED%95%99%EA%B5%90%EA%B5%90%EC%9C%A1%EA%B3%BC%EC%A0%95+%ED%8E%B8%EC%84%B1%E3%86%8D%EC%9A%B4%EC%98%81+%EB%B0%8F+%ED%8F%89%EA%B0%80%EC%97%90+%EA%B4%80%ED%95%9C+%EC%82%AC%ED%95%AD&GS_BURYU_CD=JG100&JG_BURYU_CD=JG020&JG_HANGMOK_CD=05&JG_GUBUN=1&JG_YEAR2=2026&HG_NM=%EC%84%9C%EC%9A%B8%EB%B2%84%EB%93%A4%EC%B4%88%EB%93%B1%ED%95%99%EA%B5%90&SHL_IDF_CD=2072c9da-f1f3-4458-a59c-2ee194bb9c26&GS_TYPE=Y&JG_YEAR=2026&SORT=BR&CHOSEN_JG_YEAR=2026&PRE_JG_YEAR=2026&LOAD_TYPE=single,(정보공시2-가)학교교육과정편성·운영및평가에관한사항.hwpx / (정보공시2-가)연간학사일정.hwpx,https://www.schoolinfo.go.kr/ei/pp/Pneipp_b73_s0p.do?GS_HANGMOK_CD=73&GS_HANGMOK_NO=15-%EB%9D%BC&GS_HANGMOK_NM=%EB%B0%A9%EA%B3%BC%ED%9B%84%ED%95%99%EA%B5%90+%EC%9A%B4%EC%98%81+%EA%B3%84%ED%9A%8D+%EB%B0%8F+%EC%9A%B4%EC%98%81%E3%86%8D%EC%A7%80%EC%9B%90%ED%98%84%ED%99%A9&GS_BURYU_CD=JG130&JG_BURYU_CD=JG150&JG_HANGMOK_CD=59&JG_GUBUN=1&JG_YEAR2=2026&HG_NM=%EC%84%9C%EC%9A%B8%EB%B2%84%EB%93%A4%EC%B4%88%EB%93%B1%ED%95%99%EA%B5%90&SHL_IDF_CD=2072c9da-f1f3-4458-a59c-2ee194bb9c26&GS_TYPE=Y&JG_YEAR=2026&SORT=BR&CHOSEN_JG_YEAR=2026&PRE_JG_YEAR=2026&LOAD_TYPE=single,"2026학년도 버들초 방과후교실(1분기) 운영 계획.hwp / 2026학년도 버들초 방과후,돌봄 운영 계획.hwp",,,,,,,,,,
expansion_seongnam_gangnam3,B000002159,서울신천초등학교,서울특별시,2-가 문서에서 시정표를 찾지 못함(요약본이거나 표가 이미지일 수 있음),,https://www.schoolinfo.go.kr/ei/ss/Pneiss_b01_s0.do?SHL_IDF_CD=53b652ff-ce90-4397-8e5f-4bebee9779f6,https://www.schoolinfo.go.kr/ei/pp/Pneipp_b14_s0p.do?GS_HANGMOK_CD=14&GS_HANGMOK_NO=2-%EA%B0%80&GS_HANGMOK_NM=%ED%95%99%EA%B5%90%EA%B5%90%EC%9C%A1%EA%B3%BC%EC%A0%95+%ED%8E%B8%EC%84%B1%E3%86%8D%EC%9A%B4%EC%98%81+%EB%B0%8F+%ED%8F%89%EA%B0%80%EC%97%90+%EA%B4%80%ED%95%9C+%EC%82%AC%ED%95%AD&GS_BURYU_CD=JG100&JG_BURYU_CD=JG020&JG_HANGMOK_CD=05&JG_GUBUN=1&JG_YEAR2=2026&HG_NM=%EC%84%9C%EC%9A%B8%EC%8B%A0%EC%B2%9C%EC%B4%88%EB%93%B1%ED%95%99%EA%B5%90&SHL_IDF_CD=53b652ff-ce90-4397-8e5f-4bebee9779f6&GS_TYPE=Y&JG_YEAR=2026&SORT=BR&CHOSEN_JG_YEAR=2026&PRE_JG_YEAR=2026&LOAD_TYPE=single,(정보공시) 2026학년도 연간학사일정.hwpx / (정보공시) 2026학년도 신천초 학교교육과정 편성운영평가 계획.hwpx,https://www.schoolinfo.go.kr/ei/pp/Pneipp_b73_s0p.do?GS_HANGMOK_CD=73&GS_HANGMOK_NO=15-%EB%9D%BC&GS_HANGMOK_NM=%EB%B0%A9%EA%B3%BC%ED%9B%84%ED%95%99%EA%B5%90+%EC%9A%B4%EC%98%81+%EA%B3%84%ED%9A%8D+%EB%B0%8F+%EC%9A%B4%EC%98%81%E3%86%8D%EC%A7%80%EC%9B%90%ED%98%84%ED%99%A9&GS_BURYU_CD=JG130&JG_BURYU_CD=JG150&JG_HANGMOK_CD=59&JG_GUBUN=1&JG_YEAR2=2026&HG_NM=%EC%84%9C%EC%9A%B8%EC%8B%A0%EC%B2%9C%EC%B4%88%EB%93%B1%ED%95%99%EA%B5%90&SHL_IDF_CD=53b652ff-ce90-4397-8e5f-4bebee9779f6&GS_TYPE=Y&JG_YEAR=2026&SORT=BR&CHOSEN_JG_YEAR=2026&PRE_JG_YEAR=2026&LOAD_TYPE=single,2026학년도 서울신천초등학교 방과후맞춤형교실 프로그램 연간 운영 계획(안).pdf / 2026학년도 서울신천초등학교 방과후교실 프로그램 변경 및 교구재 사용 계획(안).pdf / 2026학년도 서울신천초등학교 돌봄교실 연간 운영 계획(안).pdf,,,,,,,,,,
expansion_seongnam_gangnam3,B000002253,서울교육대학교부설초등학교,서울특별시,2-가 문서에서 시정표를 찾지 못함(요약본이거나 표가 이미지일 수 있음),15-라 계획에 1학년 오후돌봄 종료 시각이 없음 (공시 첨부에 1학년 돌봄 운영 시간 없음(방과후 계획 위주)),https://www.schoolinfo.go.kr/ei/ss/Pneiss_b01_s0.do?SHL_IDF_CD=abd50a29-61c6-4b54-adbf-a51907ef0b9e,https://www.schoolinfo.go.kr/ei/pp/Pneipp_b14_s0p.do?GS_HANGMOK_CD=14&GS_HANGMOK_NO=2-%EA%B0%80&GS_HANGMOK_NM=%ED%95%99%EA%B5%90%EA%B5%90%EC%9C%A1%EA%B3%BC%EC%A0%95+%ED%8E%B8%EC%84%B1%E3%86%8D%EC%9A%B4%EC%98%81+%EB%B0%8F+%ED%8F%89%EA%B0%80%EC%97%90+%EA%B4%80%ED%95%9C+%EC%82%AC%ED%95%AD&GS_BURYU_CD=JG100&JG_BURYU_CD=JG020&JG_HANGMOK_CD=05&JG_GUBUN=1&JG_YEAR2=2026&HG_NM=%EC%84%9C%EC%9A%B8%EA%B5%90%EC%9C%A1%EB%8C%80%ED%95%99%EA%B5%90%EB%B6%80%EC%84%A4%EC%B4%88%EB%93%B1%ED%95%99%EA%B5%90&SHL_IDF_CD=abd50a29-61c6-4b54-adbf-a51907ef0b9e&GS_TYPE=Y&JG_YEAR=2026&SORT=BR&CHOSEN_JG_YEAR=2026&PRE_JG_YEAR=2026&LOAD_TYPE=single,2026학년도 교대부초 학교교육과정 편성ㆍ운영ㆍ평가계획.pdf,https://www.schoolinfo.go.kr/ei/pp/Pneipp_b73_s0p.do?GS_HANGMOK_CD=73&GS_HANGMOK_NO=15-%EB%9D%BC&GS_HANGMOK_NM=%EB%B0%A9%EA%B3%BC%ED%9B%84%ED%95%99%EA%B5%90+%EC%9A%B4%EC%98%81+%EA%B3%84%ED%9A%8D+%EB%B0%8F+%EC%9A%B4%EC%98%81%E3%86%8D%EC%A7%80%EC%9B%90%ED%98%84%ED%99%A9&GS_BURYU_CD=JG130&JG_BURYU_CD=JG150&JG_HANGMOK_CD=59&JG_GUBUN=1&JG_YEAR2=2026&HG_NM=%EC%84%9C%EC%9A%B8%EA%B5%90%EC%9C%A1%EB%8C%80%ED%95%99%EA%B5%90%EB%B6%80%EC%84%A4%EC%B4%88%EB%93%B1%ED%95%99%EA%B5%90&SHL_IDF_CD=abd50a29-61c6-4b54-adbf-a51907ef0b9e&GS_TYPE=Y&JG_YEAR=2026&SORT=BR&CHOSEN_JG_YEAR=2026&PRE_JG_YEAR=2026&LOAD_TYPE=single,(정보공시용)2026학년도 방과후.맞춤형 프로그램 1기 운영 계획.hwp,,,,,,,,,,
expansion_seongnam_gangnam3,B000002254,서울신중초등학교,서울특별시,2-가 문서에서 시정표를 찾지 못함(요약본이거나 표가 이미지일 수 있음),,https://www.schoolinfo.go.kr/ei/ss/Pneiss_b01_s0.do?SHL_IDF_CD=677e119a-b3c7-4c5f-a6e4-2ec32eb38e39,https://www.schoolinfo.go.kr/ei/pp/Pneipp_b14_s0p.do?GS_HANGMOK_CD=14&GS_HANGMOK_NO=2-%EA%B0%80&GS_HANGMOK_NM=%ED%95%99%EA%B5%90%EA%B5%90%EC%9C%A1%EA%B3%BC%EC%A0%95+%ED%8E%B8%EC%84%B1%E3%86%8D%EC%9A%B4%EC%98%81+%EB%B0%8F+%ED%8F%89%EA%B0%80%EC%97%90+%EA%B4%80%ED%95%9C+%EC%82%AC%ED%95%AD&GS_BURYU_CD=JG100&JG_BURYU_CD=JG020&JG_HANGMOK_CD=05&JG_GUBUN=1&JG_YEAR2=2026&HG_NM=%EC%84%9C%EC%9A%B8%EC%8B%A0%EC%A4%91%EC%B4%88%EB%93%B1%ED%95%99%EA%B5%90&SHL_IDF_CD=677e119a-b3c7-4c5f-a6e4-2ec32eb38e39&GS_TYPE=Y&JG_YEAR=2026&SORT=BR&CHOSEN_JG_YEAR=2026&PRE_JG_YEAR=2026&LOAD_TYPE=single,2026학년도 서울신중초 연간학사일정.pdf / 2026학년도 서울신중초 학교교육과정 편성운영 및 평가에 관한 사항.pdf,https://www.schoolinfo.go.kr/ei/pp/Pneipp_b73_s0p.do?GS_HANGMOK_CD=73&GS_HANGMOK_NO=15-%EB%9D%BC&GS_HANGMOK_NM=%EB%B0%A9%EA%B3%BC%ED%9B%84%ED%95%99%EA%B5%90+%EC%9A%B4%EC%98%81+%EA%B3%84%ED%9A%8D+%EB%B0%8F+%EC%9A%B4%EC%98%81%E3%86%8D%EC%A7%80%EC%9B%90%ED%98%84%ED%99%A9&GS_BURYU_CD=JG130&JG_BURYU_CD=JG150&JG_HANGMOK_CD=59&JG_GUBUN=1&JG_YEAR2=2026&HG_NM=%EC%84%9C%EC%9A%B8%EC%8B%A0%EC%A4%91%EC%B4%88%EB%93%B1%ED%95%99%EA%B5%90&SHL_IDF_CD=677e119a-b3c7-4c5f-a6e4-2ec32eb38e39&GS_TYPE=Y&JG_YEAR=2026&SORT=BR&CHOSEN_JG_YEAR=2026&PRE_JG_YEAR=2026&LOAD_TYPE=single,2026학년도 신중초 돌봄교실 운영계획.hwp / 2.2026학년도 방과후 돌봄(방과후 및 맞춤형교실)  연간 운영 계획(안).hwp,,,,,,,,,,
expansion_seongnam_gangnam3,B000002255,서울서원초등학교,서울특별시,2-가 문서에서 시정표를 찾지 못함(요약본이거나 표가 이미지일 수 있음),,https://www.schoolinfo.go.kr/ei/ss/Pneiss_b01_s0.do?SHL_IDF_CD=a8208906-ad04-4051-9a78-b88a41427c13,https://www.schoolinfo.go.kr/ei/pp/Pneipp_b14_s0p.do?GS_HANGMOK_CD=14&GS_HANGMOK_NO=2-%EA%B0%80&GS_HANGMOK_NM=%ED%95%99%EA%B5%90%EA%B5%90%EC%9C%A1%EA%B3%BC%EC%A0%95+%ED%8E%B8%EC%84%B1%E3%86%8D%EC%9A%B4%EC%98%81+%EB%B0%8F+%ED%8F%89%EA%B0%80%EC%97%90+%EA%B4%80%ED%95%9C+%EC%82%AC%ED%95%AD&GS_BURYU_CD=JG100&JG_BURYU_CD=JG020&JG_HANGMOK_CD=05&JG_GUBUN=1&JG_YEAR2=2026&HG_NM=%EC%84%9C%EC%9A%B8%EC%84%9C%EC%9B%90%EC%B4%88%EB%93%B1%ED%95%99%EA%B5%90&SHL_IDF_CD=a8208906-ad04-4051-9a78-b88a41427c13&GS_TYPE=Y&JG_YEAR=2026&SORT=BR&CHOSEN_JG_YEAR=2026&PRE_JG_YEAR=2026&LOAD_TYPE=single,2026학년도 서원초 연간학사일정.hwp / 2026학년도 서원초 학교교육과정 편성?운영?펑가 계획.hwp,https://www.schoolinfo.go.kr/ei/pp/Pneipp_b73_s0p.do?GS_HANGMOK_CD=73&GS_HANGMOK_NO=15-%EB%9D%BC&GS_HANGMOK_NM=%EB%B0%A9%EA%B3%BC%ED%9B%84%ED%95%99%EA%B5%90+%EC%9A%B4%EC%98%81+%EA%B3%84%ED%9A%8D+%EB%B0%8F+%EC%9A%B4%EC%98%81%E3%86%8D%EC%A7%80%EC%9B%90%ED%98%84%ED%99%A9&GS_BURYU_CD=JG130&JG_BURYU_CD=JG150&JG_HANGMOK_CD=59&JG_GUBUN=1&JG_YEAR2=2026&HG_NM=%EC%84%9C%EC%9A%B8%EC%84%9C%EC%9B%90%EC%B4%88%EB%93%B1%ED%95%99%EA%B5%90&SHL_IDF_CD=a8208906-ad04-4051-9a78-b88a41427c13&GS_TYPE=Y&JG_YEAR=2026&SORT=BR&CHOSEN_JG_YEAR=2026&PRE_JG_YEAR=2026&LOAD_TYPE=single,2026 늘봄지원실 운영계획.hwp,,,,,,,,,,
expansion_seongnam_gangnam3,B000002257,서울잠원초등학교,서울특별시,2-가 문서에서 시정표를 찾지 못함(요약본이거나 표가 이미지일 수 있음),15-라 계획에 1학년 오후돌봄 종료 시각이 없음 (공시 첨부에 1학년 돌봄 운영 시간 없음(방과후 계획 위주)),https://www.schoolinfo.go.kr/ei/ss/Pneiss_b01_s0.do?SHL_IDF_CD=b84d58d1-66f7-4b5a-b0ea-b0030255de24,https://www.schoolinfo.go.kr/ei/pp/Pneipp_b14_s0p.do?GS_HANGMOK_CD=14&GS_HANGMOK_NO=2-%EA%B0%80&GS_HANGMOK_NM=%ED%95%99%EA%B5%90%EA%B5%90%EC%9C%A1%EA%B3%BC%EC%A0%95+%ED%8E%B8%EC%84%B1%E3%86%8D%EC%9A%B4%EC%98%81+%EB%B0%8F+%ED%8F%89%EA%B0%80%EC%97%90+%EA%B4%80%ED%95%9C+%EC%82%AC%ED%95%AD&GS_BURYU_CD=JG100&JG_BURYU_CD=JG020&JG_HANGMOK_CD=05&JG_GUBUN=1&JG_YEAR2=2026&HG_NM=%EC%84%9C%EC%9A%B8%EC%9E%A0%EC%9B%90%EC%B4%88%EB%93%B1%ED%95%99%EA%B5%90&SHL_IDF_CD=b84d58d1-66f7-4b5a-b0ea-b0030255de24&GS_TYPE=Y&JG_YEAR=2026&SORT=BR&CHOSEN_JG_YEAR=2026&PRE_JG_YEAR=2026&LOAD_TYPE=single,(정보공시)2026 학교교육과정 편성·운영 및 평가(잠원초).hwp,https://www.schoolinfo.go.kr/ei/pp/Pneipp_b73_s0p.do?GS_HANGMOK_CD=73&GS_HANGMOK_NO=15-%EB%9D%BC&GS_HANGMOK_NM=%EB%B0%A9%EA%B3%BC%ED%9B%84%ED%95%99%EA%B5%90+%EC%9A%B4%EC%98%81+%EA%B3%84%ED%9A%8D+%EB%B0%8F+%EC%9A%B4%EC%98%81%E3%86%8D%EC%A7%80%EC%9B%90%ED%98%84%ED%99%A9&GS_BURYU_CD=JG130&JG_BURYU_CD=JG150&JG_HANGMOK_CD=59&JG_GUBUN=1&JG_YEAR2=2026&HG_NM=%EC%84%9C%EC%9A%B8%EC%9E%A0%EC%9B%90%EC%B4%88%EB%93%B1%ED%95%99%EA%B5%90&SHL_IDF_CD=b84d58d1-66f7-4b5a-b0ea-b0030255de24&GS_TYPE=Y&JG_YEAR=2026&SORT=BR&CHOSEN_JG_YEAR=2026&PRE_JG_YEAR=2026&LOAD_TYPE=single,2026학년도 방과후교실 운영계획.hwp,,,,,,,,,,
expansion_seongnam_gangnam3,B000002258,서울반원초등학교,서울특별시,2-가 문서에서 시정표를 찾지 못함(요약본이거나 표가 이미지일 수 있음),15-라 계획에 1학년 오후돌봄 종료 시각이 없음 (공시 첨부에 1학년 돌봄 운영 시간 없음(방과후 계획 위주)),https://www.schoolinfo.go.kr/ei/ss/Pneiss_b01_s0.do?SHL_IDF_CD=ce72786e-b2dd-41be-a822-1141fbc9e484,https://www.schoolinfo.go.kr/ei/pp/Pneipp_b14_s0p.do?GS_HANGMOK_CD=14&GS_HANGMOK_NO=2-%EA%B0%80&GS_HANGMOK_NM=%ED%95%99%EA%B5%90%EA%B5%90%EC%9C%A1%EA%B3%BC%EC%A0%95+%ED%8E%B8%EC%84%B1%E3%86%8D%EC%9A%B4%EC%98%81+%EB%B0%8F+%ED%8F%89%EA%B0%80%EC%97%90+%EA%B4%80%ED%95%9C+%EC%82%AC%ED%95%AD&GS_BURYU_CD=JG100&JG_BURYU_CD=JG020&JG_HANGMOK_CD=05&JG_GUBUN=1&JG_YEAR2=2026&HG_NM=%EC%84%9C%EC%9A%B8%EB%B0%98%EC%9B%90%EC%B4%88%EB%93%B1%ED%95%99%EA%B5%90&SHL_IDF_CD=ce72786e-b2dd-41be-a822-1141fbc9e484&GS_TYPE=Y&JG_YEAR=2026&SORT=BR&CHOSEN_JG_YEAR=2026&PRE_JG_YEAR=2026&LOAD_TYPE=single,2026정보공시-학교교육과정 편성운영평가계획.hwp / 2026정보공시-연간학사일정.hwp,https://www.schoolinfo.go.kr/ei/pp/Pneipp_b73_s0p.do?GS_HANGMOK_CD=73&GS_HANGMOK_NO=15-%EB%9D%BC&GS_HANGMOK_NM=%EB%B0%A9%EA%B3%BC%ED%9B%84%ED%95%99%EA%B5%90+%EC%9A%B4%EC%98%81+%EA%B3%84%ED%9A%8D+%EB%B0%8F+%EC%9A%B4%EC%98%81%E3%86%8D%EC%A7%80%EC%9B%90%ED%98%84%ED%99%A9&GS_BURYU_CD=JG130&JG_BURYU_CD=JG150&JG_HANGMOK_CD=59&JG_GUBUN=1&JG_YEAR2=2026&HG_NM=%EC%84%9C%EC%9A%B8%EB%B0%98%EC%9B%90%EC%B4%88%EB%93%B1%ED%95%99%EA%B5%90&SHL_IDF_CD=ce72786e-b2dd-41be-a822-1141fbc9e484&GS_TYPE=Y&JG_YEAR=2026&SORT=BR&CHOSEN_JG_YEAR=2026&PRE_JG_YEAR=2026&LOAD_TYPE=single,방과후학교 지원 현황 2025학년도.pdf / 방과후학교 운영 현황 2026학년도(2026.4.30.).xlsx / 방과후학교 운영 계획 2026학년도.hwp,,,,,,,,,,
expansion_seongnam_gangnam3,B000002259,서울매헌초등학교,서울특별시,2-가 문서에서 시정표를 찾지 못함(요약본이거나 표가 이미지일 수 있음),15-라 계획에 1학년 오후돌봄 종료 시각이 없음 (공시 첨부에 1학년 돌봄 운영 시간 없음(방과후 계획 위주)),https://www.schoolinfo.go.kr/ei/ss/Pneiss_b01_s0.do?SHL_IDF_CD=30865a20-0834-43bc-acc2-007a1db8b398,https://www.schoolinfo.go.kr/ei/pp/Pneipp_b14_s0p.do?GS_HANGMOK_CD=14&GS_HANGMOK_NO=2-%EA%B0%80&GS_HANGMOK_NM=%ED%95%99%EA%B5%90%EA%B5%90%EC%9C%A1%EA%B3%BC%EC%A0%95+%ED%8E%B8%EC%84%B1%E3%86%8D%EC%9A%B4%EC%98%81+%EB%B0%8F+%ED%8F%89%EA%B0%80%EC%97%90+%EA%B4%80%ED%95%9C+%EC%82%AC%ED%95%AD&GS_BURYU_CD=JG100&JG_BURYU_CD=JG020&JG_HANGMOK_CD=05&JG_GUBUN=1&JG_YEAR2=2026&HG_NM=%EC%84%9C%EC%9A%B8%EB%A7%A4%ED%97%8C%EC%B4%88%EB%93%B1%ED%95%99%EA%B5%90&SHL_IDF_CD=30865a20-0834-43bc-acc2-007a1db8b398&GS_TYPE=Y&JG_YEAR=2026&SORT=BR&CHOSEN_JG_YEAR=2026&PRE_JG_YEAR=2026&LOAD_TYPE=single,2026 학교교육과정 편성 운영 및 평가에 관한 사항.hwp,https://www.schoolinfo.go.kr/ei/pp/Pneipp_b73_s0p.do?GS_HANGMOK_CD=73&GS_HANGMOK_NO=15-%EB%9D%BC&GS_HANGMOK_NM=%EB%B0%A9%EA%B3%BC%ED%9B%84%ED%95%99%EA%B5%90+%EC%9A%B4%EC%98%81+%EA%B3%84%ED%9A%8D+%EB%B0%8F+%EC%9A%B4%EC%98%81%E3%86%8D%EC%A7%80%EC%9B%90%ED%98%84%ED%99%A9&GS_BURYU_CD=JG130&JG_BURYU_CD=JG150&JG_HANGMOK_CD=59&JG_GUBUN=1&JG_YEAR2=2026&HG_NM=%EC%84%9C%EC%9A%B8%EB%A7%A4%ED%97%8C%EC%B4%88%EB%93%B1%ED%95%99%EA%B5%90&SHL_IDF_CD=30865a20-0834-43bc-acc2-007a1db8b398&GS_TYPE=Y&JG_YEAR=2026&SORT=BR&CHOSEN_JG_YEAR=2026&PRE_JG_YEAR=2026&LOAD_TYPE=single,2026학년도 방과후 ? 맞춤형교실 운영계획.hwp,,,,,,,,,,
expansion_seongnam_gangnam3,B000002262,서울방일초등학교,서울특별시,2-가 문서에서 시정표를 찾지 못함(요약본이거나 표가 이미지일 수 있음),,https://www.schoolinfo.go.kr/ei/ss/Pneiss_b01_s0.do?SHL_IDF_CD=04878e36-7c3f-42c4-bc32-bbce395b7754,https://www.schoolinfo.go.kr/ei/pp/Pneipp_b14_s0p.do?GS_HANGMOK_CD=14&GS_HANGMOK_NO=2-%EA%B0%80&GS_HANGMOK_NM=%ED%95%99%EA%B5%90%EA%B5%90%EC%9C%A1%EA%B3%BC%EC%A0%95+%ED%8E%B8%EC%84%B1%E3%86%8D%EC%9A%B4%EC%98%81+%EB%B0%8F+%ED%8F%89%EA%B0%80%EC%97%90+%EA%B4%80%ED%95%9C+%EC%82%AC%ED%95%AD&GS_BURYU_CD=JG100&JG_BURYU_CD=JG020&JG_HANGMOK_CD=05&JG_GUBUN=1&JG_YEAR2=2026&HG_NM=%EC%84%9C%EC%9A%B8%EB%B0%A9%EC%9D%BC%EC%B4%88%EB%93%B1%ED%95%99%EA%B5%90&SHL_IDF_CD=04878e36-7c3f-42c4-bc32-bbce395b7754&GS_TYPE=Y&JG_YEAR=2026&SORT=BR&CHOSEN_JG_YEAR=2026&PRE_JG_YEAR=2026&LOAD_TYPE=single,2026 학교교육과정 운영 및 평가에 관한 사항.pdf,https://www.schoolinfo.go.kr/ei/pp/Pneipp_b73_s0p.do?GS_HANGMOK_CD=73&GS_HANGMOK_NO=15-%EB%9D%BC&GS_HANGMOK_NM=%EB%B0%A9%EA%B3%BC%ED%9B%84%ED%95%99%EA%B5%90+%EC%9A%B4%EC%98%81+%EA%B3%84%ED%9A%8D+%EB%B0%8F+%EC%9A%B4%EC%98%81%E3%86%8D%EC%A7%80%EC%9B%90%ED%98%84%ED%99%A9&GS_BURYU_CD=JG130&JG_BURYU_CD=JG150&JG_HANGMOK_CD=59&JG_GUBUN=1&JG_YEAR2=2026&HG_NM=%EC%84%9C%EC%9A%B8%EB%B0%A9%EC%9D%BC%EC%B4%88%EB%93%B1%ED%95%99%EA%B5%90&SHL_IDF_CD=04878e36-7c3f-42c4-bc32-bbce395b7754&GS_TYPE=Y&JG_YEAR=2026&SORT=BR&CHOSEN_JG_YEAR=2026&PRE_JG_YEAR=2026&LOAD_TYPE=single,2026학년도 초등돌봄교실 운영 계획.hwp / 2026학년도 방일초등학교 방과후학교 운영 계획.hwpx,,,,,,,,,,
expansion_seongnam_gangnam3,B000002263,서울이수초등학교,서울특별시,,15-라 계획에 1학년 오후돌봄 종료 시각이 없음 (공시 첨부에 1학년 돌봄 운영 시간 없음(방과후 계획 위주)),https://www.schoolinfo.go.kr/ei/ss/Pneiss_b01_s0.do?SHL_IDF_CD=dab0d06e-1ce7-4328-b933-43820f90e233,https://www.schoolinfo.go.kr/ei/pp/Pneipp_b14_s0p.do?GS_HANGMOK_CD=14&GS_HANGMOK_NO=2-%EA%B0%80&GS_HANGMOK_NM=%ED%95%99%EA%B5%90%EA%B5%90%EC%9C%A1%EA%B3%BC%EC%A0%95+%ED%8E%B8%EC%84%B1%E3%86%8D%EC%9A%B4%EC%98%81+%EB%B0%8F+%ED%8F%89%EA%B0%80%EC%97%90+%EA%B4%80%ED%95%9C+%EC%82%AC%ED%95%AD&GS_BURYU_CD=JG100&JG_BURYU_CD=JG020&JG_HANGMOK_CD=05&JG_GUBUN=1&JG_YEAR2=2026&HG_NM=%EC%84%9C%EC%9A%B8%EC%9D%B4%EC%88%98%EC%B4%88%EB%93%B1%ED%95%99%EA%B5%90&SHL_IDF_CD=dab0d06e-1ce7-4328-b933-43820f90e233&GS_TYPE=Y&JG_YEAR=2026&SORT=BR&CHOSEN_JG_YEAR=2026&PRE_JG_YEAR=2026&LOAD_TYPE=single,"학교교육과정 편성, 운영 및 평가에 관한 사항.pdf",https://www.schoolinfo.go.kr/ei/pp/Pneipp_b73_s0p.do?GS_HANGMOK_CD=73&GS_HANGMOK_NO=15-%EB%9D%BC&GS_HANGMOK_NM=%EB%B0%A9%EA%B3%BC%ED%9B%84%ED%95%99%EA%B5%90+%EC%9A%B4%EC%98%81+%EA%B3%84%ED%9A%8D+%EB%B0%8F+%EC%9A%B4%EC%98%81%E3%86%8D%EC%A7%80%EC%9B%90%ED%98%84%ED%99%A9&GS_BURYU_CD=JG130&JG_BURYU_CD=JG150&JG_HANGMOK_CD=59&JG_GUBUN=1&JG_YEAR2=2026&HG_NM=%EC%84%9C%EC%9A%B8%EC%9D%B4%EC%88%98%EC%B4%88%EB%93%B1%ED%95%99%EA%B5%90&SHL_IDF_CD=dab0d06e-1ce7-4328-b933-43820f90e233&GS_TYPE=Y&JG_YEAR=2026&SORT=BR&CHOSEN_JG_YEAR=2026&PRE_JG_YEAR=2026&LOAD_TYPE=single,2026학년도 방과후교실 연간 세부운영 계획(안).hwp / 2026학년도 방과후맞춤형교실 연간운영계획(안).hwp,,,,,,,,,,
expansion_seongnam_gangnam3,B000002264,서울서래초등학교,서울특별시,2-가 문서에서 시정표를 찾지 못함(요약본이거나 표가 이미지일 수 있음),,https://www.schoolinfo.go.kr/ei/ss/Pneiss_b01_s0.do?SHL_IDF_CD=a49a8769-60a8-49ad-88b3-4c39677e38bd,https://www.schoolinfo.go.kr/ei/pp/Pneipp_b14_s0p.do?GS_HANGMOK_CD=14&GS_HANGMOK_NO=2-%EA%B0%80&GS_HANGMOK_NM=%ED%95%99%EA%B5%90%EA%B5%90%EC%9C%A1%EA%B3%BC%EC%A0%95+%ED%8E%B8%EC%84%B1%E3%86%8D%EC%9A%B4%EC%98%81+%EB%B0%8F+%ED%8F%89%EA%B0%80%EC%97%90+%EA%B4%80%ED%95%9C+%EC%82%AC%ED%95%AD&GS_BURYU_CD=JG100&JG_BURYU_CD=JG020&JG_HANGMOK_CD=05&JG_GUBUN=1&JG_YEAR2=2026&HG_NM=%EC%84%9C%EC%9A%B8%EC%84%9C%EB%9E%98%EC%B4%88%EB%93%B1%ED%95%99%EA%B5%90&SHL_IDF_CD=a49a8769-60a8-49ad-88b3-4c39677e38bd&GS_TYPE=Y&JG_YEAR=2026&SORT=BR&CHOSEN_JG_YEAR=2026&PRE_JG_YEAR=2026&LOAD_TYPE=single,2026학년도 서래초 학교교육과정 편성 운영 평가계획.hwp,https://www.schoolinfo.go.kr/ei/pp/Pneipp_b73_s0p.do?GS_HANGMOK_CD=73&GS_HANGMOK_NO=15-%EB%9D%BC&GS_HANGMOK_NM=%EB%B0%A9%EA%B3%BC%ED%9B%84%ED%95%99%EA%B5%90+%EC%9A%B4%EC%98%81+%EA%B3%84%ED%9A%8D+%EB%B0%8F+%EC%9A%B4%EC%98%81%E3%86%8D%EC%A7%80%EC%9B%90%ED%98%84%ED%99%A9&GS_BURYU_CD=JG130&JG_BURYU_CD=JG150&JG_HANGMOK_CD=59&JG_GUBUN=1&JG_YEAR2=2026&HG_NM=%EC%84%9C%EC%9A%B8%EC%84%9C%EB%9E%98%EC%B4%88%EB%93%B1%ED%95%99%EA%B5%90&SHL_IDF_CD=a49a8769-60a8-49ad-88b3-4c39677e38bd&GS_TYPE=Y&JG_YEAR=2026&SORT=BR&CHOSEN_JG_YEAR=2026&PRE_JG_YEAR=2026&LOAD_TYPE=single,2026학년도 서래초 학교교육계획(방과후돌봄지원부) (정보공시) 26년 5월 7일.hwp,,,,,,,,,,
expansion_seongnam_gangnam3,B000002265,서울방배초등학교,서울특별시,,15-라 계획에 1학년 오후돌봄 종료 시각이 없음 (공시 첨부에 1학년 돌봄 운영 시간 없음(방과후 계획 위주)),https://www.schoolinfo.go.kr/ei/ss/Pneiss_b01_s0.do?SHL_IDF_CD=286eaa9b-b20f-43b6-960c-4db810d12f3e,https://www.schoolinfo.go.kr/ei/pp/Pneipp_b14_s0p.do?GS_HANGMOK_CD=14&GS_HANGMOK_NO=2-%EA%B0%80&GS_HANGMOK_NM=%ED%95%99%EA%B5%90%EA%B5%90%EC%9C%A1%EA%B3%BC%EC%A0%95+%ED%8E%B8%EC%84%B1%E3%86%8D%EC%9A%B4%EC%98%81+%EB%B0%8F+%ED%8F%89%EA%B0%80%EC%97%90+%EA%B4%80%ED%95%9C+%EC%82%AC%ED%95%AD&GS_BURYU_CD=JG100&JG_BURYU_CD=JG020&JG_HANGMOK_CD=05&JG_GUBUN=1&JG_YEAR2=2026&HG_NM=%EC%84%9C%EC%9A%B8%EB%B0%A9%EB%B0%B0%EC%B4%88%EB%93%B1%ED%95%99%EA%B5%90&SHL_IDF_CD=286eaa9b-b20f-43b6-960c-4db810d12f3e&GS_TYPE=Y&JG_YEAR=2026&SORT=BR&CHOSEN_JG_YEAR=2026&PRE_JG_YEAR=2026&LOAD_TYPE=single,"2026학년도 연간 학사 일정.hwp / 2026학년도 편성, 운영, 평가계획.hwp",https://www.schoolinfo.go.kr/ei/pp/Pneipp_b73_s0p.do?GS_HANGMOK_CD=73&GS_HANGMOK_NO=15-%EB%9D%BC&GS_HANGMOK_NM=%EB%B0%A9%EA%B3%BC%ED%9B%84%ED%95%99%EA%B5%90+%EC%9A%B4%EC%98%81+%EA%B3%84%ED%9A%8D+%EB%B0%8F+%EC%9A%B4%EC%98%81%E3%86%8D%EC%A7%80%EC%9B%90%ED%98%84%ED%99%A9&GS_BURYU_CD=JG130&JG_BURYU_CD=JG150&JG_HANGMOK_CD=59&JG_GUBUN=1&JG_YEAR2=2026&HG_NM=%EC%84%9C%EC%9A%B8%EB%B0%A9%EB%B0%B0%EC%B4%88%EB%93%B1%ED%95%99%EA%B5%90&SHL_IDF_CD=286eaa9b-b20f-43b6-960c-4db810d12f3e&GS_TYPE=Y&JG_YEAR=2026&SORT=BR&CHOSEN_JG_YEAR=2026&PRE_JG_YEAR=2026&LOAD_TYPE=single,"(학운위)2026학년도 방과후, 맞춤형교실 2기 운영계획(안)-정보공시.hwp / (학운위)2026학년도 서울방배초등학교 방과후 맞춤형 연간운영계획(안)-정보공시.hwp",,,,,,,,,,
expansion_seongnam_gangnam3,B000002266,서울방현초등학교,서울특별시,2-가 문서에서 시정표를 찾지 못함(요약본이거나 표가 이미지일 수 있음),,https://www.schoolinfo.go.kr/ei/ss/Pneiss_b01_s0.do?SHL_IDF_CD=04ac9349-7799-4b40-99a8-65ac639098df,https://www.schoolinfo.go.kr/ei/pp/Pneipp_b14_s0p.do?GS_HANGMOK_CD=14&GS_HANGMOK_NO=2-%EA%B0%80&GS_HANGMOK_NM=%ED%95%99%EA%B5%90%EA%B5%90%EC%9C%A1%EA%B3%BC%EC%A0%95+%ED%8E%B8%EC%84%B1%E3%86%8D%EC%9A%B4%EC%98%81+%EB%B0%8F+%ED%8F%89%EA%B0%80%EC%97%90+%EA%B4%80%ED%95%9C+%EC%82%AC%ED%95%AD&GS_BURYU_CD=JG100&JG_BURYU_CD=JG020&JG_HANGMOK_CD=05&JG_GUBUN=1&JG_YEAR2=2026&HG_NM=%EC%84%9C%EC%9A%B8%EB%B0%A9%ED%98%84%EC%B4%88%EB%93%B1%ED%95%99%EA%B5%90&SHL_IDF_CD=04ac9349-7799-4b40-99a8-65ac639098df&GS_TYPE=Y&JG_YEAR=2026&SORT=BR&CHOSEN_JG_YEAR=2026&PRE_JG_YEAR=2026&LOAD_TYPE=single,2025학년도 학교교육과정 편성 운영 계획.hwp,https://www.schoolinfo.go.kr/ei/pp/Pneipp_b73_s0p.do?GS_HANGMOK_CD=73&GS_HANGMOK_NO=15-%EB%9D%BC&GS_HANGMOK_NM=%EB%B0%A9%EA%B3%BC%ED%9B%84%ED%95%99%EA%B5%90+%EC%9A%B4%EC%98%81+%EA%B3%84%ED%9A%8D+%EB%B0%8F+%EC%9A%B4%EC%98%81%E3%86%8D%EC%A7%80%EC%9B%90%ED%98%84%ED%99%A9&GS_BURYU_CD=JG130&JG_BURYU_CD=JG150&JG_HANGMOK_CD=59&JG_GUBUN=1&JG_YEAR2=2026&HG_NM=%EC%84%9C%EC%9A%B8%EB%B0%A9%ED%98%84%EC%B4%88%EB%93%B1%ED%95%99%EA%B5%90&SHL_IDF_CD=04ac9349-7799-4b40-99a8-65ac639098df&GS_TYPE=Y&JG_YEAR=2026&SORT=BR&CHOSEN_JG_YEAR=2026&PRE_JG_YEAR=2026&LOAD_TYPE=single,2026학년도 방현초등학교 방과후학교 운영 계획.hwp / 2026학년도 방현초 초등돌봄교실 운영 계획.hwp,,,,,,,,,,
expansion_seongnam_gangnam3,B000002268,서울서이초등학교,서울특별시,2-가 문서에서 시정표를 찾지 못함(요약본이거나 표가 이미지일 수 있음),15-라 계획에 1학년 오후돌봄 종료 시각이 없음 (공시 첨부에 1학년 돌봄 운영 시간 없음(방과후 계획 위주)),https://www.schoolinfo.go.kr/ei/ss/Pneiss_b01_s0.do?SHL_IDF_CD=9bc4ca84-a118-42a2-b759-93214c58cf47,https://www.schoolinfo.go.kr/ei/pp/Pneipp_b14_s0p.do?GS_HANGMOK_CD=14&GS_HANGMOK_NO=2-%EA%B0%80&GS_HANGMOK_NM=%ED%95%99%EA%B5%90%EA%B5%90%EC%9C%A1%EA%B3%BC%EC%A0%95+%ED%8E%B8%EC%84%B1%E3%86%8D%EC%9A%B4%EC%98%81+%EB%B0%8F+%ED%8F%89%EA%B0%80%EC%97%90+%EA%B4%80%ED%95%9C+%EC%82%AC%ED%95%AD&GS_BURYU_CD=JG100&JG_BURYU_CD=JG020&JG_HANGMOK_CD=05&JG_GUBUN=1&JG_YEAR2=2026&HG_NM=%EC%84%9C%EC%9A%B8%EC%84%9C%EC%9D%B4%EC%B4%88%EB%93%B1%ED%95%99%EA%B5%90&SHL_IDF_CD=9bc4ca84-a118-42a2-b759-93214c58cf47&GS_TYPE=Y&JG_YEAR=2026&SORT=BR&CHOSEN_JG_YEAR=2026&PRE_JG_YEAR=2026&LOAD_TYPE=single,2026학년도 서이초 학교교육과정 편성?운영?평가 계획.hwp / 2026학년도 서이초 연간학사일정.hwp,https://www.schoolinfo.go.kr/ei/pp/Pneipp_b73_s0p.do?GS_HANGMOK_CD=73&GS_HANGMOK_NO=15-%EB%9D%BC&GS_HANGMOK_NM=%EB%B0%A9%EA%B3%BC%ED%9B%84%ED%95%99%EA%B5%90+%EC%9A%B4%EC%98%81+%EA%B3%84%ED%9A%8D+%EB%B0%8F+%EC%9A%B4%EC%98%81%E3%86%8D%EC%A7%80%EC%9B%90%ED%98%84%ED%99%A9&GS_BURYU_CD=JG130&JG_BURYU_CD=JG150&JG_HANGMOK_CD=59&JG_GUBUN=1&JG_YEAR2=2026&HG_NM=%EC%84%9C%EC%9A%B8%EC%84%9C%EC%9D%B4%EC%B4%88%EB%93%B1%ED%95%99%EA%B5%90&SHL_IDF_CD=9bc4ca84-a118-42a2-b759-93214c58cf47&GS_TYPE=Y&JG_YEAR=2026&SORT=BR&CHOSEN_JG_YEAR=2026&PRE_JG_YEAR=2026&LOAD_TYPE=single,(서울서이초등학교-5219 (첨부)) (수정)2026학년도 방과후·돌봄 연간 운영 계획(정보공시).hwp,,,,,,,,,,
expansion_seongnam_gangnam3,B000002269,서울서일초등학교,서울특별시,2-가 문서에서 시정표를 찾지 못함(요약본이거나 표가 이미지일 수 있음),,https://www.schoolinfo.go.kr/ei/ss/Pneiss_b01_s0.do?SHL_IDF_CD=98d2e66d-e3d7-44ee-9cbd-37b9cab394cf,https://www.schoolinfo.go.kr/ei/pp/Pneipp_b14_s0p.do?GS_HANGMOK_CD=14&GS_HANGMOK_NO=2-%EA%B0%80&GS_HANGMOK_NM=%ED%95%99%EA%B5%90%EA%B5%90%EC%9C%A1%EA%B3%BC%EC%A0%95+%ED%8E%B8%EC%84%B1%E3%86%8D%EC%9A%B4%EC%98%81+%EB%B0%8F+%ED%8F%89%EA%B0%80%EC%97%90+%EA%B4%80%ED%95%9C+%EC%82%AC%ED%95%AD&GS_BURYU_CD=JG100&JG_BURYU_CD=JG020&JG_HANGMOK_CD=05&JG_GUBUN=1&JG_YEAR2=2026&HG_NM=%EC%84%9C%EC%9A%B8%EC%84%9C%EC%9D%BC%EC%B4%88%EB%93%B1%ED%95%99%EA%B5%90&SHL_IDF_CD=98d2e66d-e3d7-44ee-9cbd-37b9cab394cf&GS_TYPE=Y&JG_YEAR=2026&SORT=BR&CHOSEN_JG_YEAR=2026&PRE_JG_YEAR=2026&LOAD_TYPE=single,학교평가.hwp / 학교 교육과정 편성 운영.hwp / 편제 및 시간배당.hwp / 창의적체험활동.hwp,https://www.schoolinfo.go.kr/ei/pp/Pneipp_b73_s0p.do?GS_HANGMOK_CD=73&GS_HANGMOK_NO=15-%EB%9D%BC&GS_HANGMOK_NM=%EB%B0%A9%EA%B3%BC%ED%9B%84%ED%95%99%EA%B5%90+%EC%9A%B4%EC%98%81+%EA%B3%84%ED%9A%8D+%EB%B0%8F+%EC%9A%B4%EC%98%81%E3%86%8D%EC%A7%80%EC%9B%90%ED%98%84%ED%99%A9&GS_BURYU_CD=JG130&JG_BURYU_CD=JG150&JG_HANGMOK_CD=59&JG_GUBUN=1&JG_YEAR2=2026&HG_NM=%EC%84%9C%EC%9A%B8%EC%84%9C%EC%9D%BC%EC%B4%88%EB%93%B1%ED%95%99%EA%B5%90&SHL_IDF_CD=98d2e66d-e3d7-44ee-9cbd-37b9cab394cf&GS_TYPE=Y&JG_YEAR=2026&SORT=BR&CHOSEN_JG_YEAR=2026&PRE_JG_YEAR=2026&LOAD_TYPE=single,등2025년 서일초등학교 초등돌봄교실 운영 계획.hwp / 2026학년도 서일초등학교 방과후학교 운영 계획.hwpx,,,,,,,,,,
expansion_seongnam_gangnam3,B000002270,서울원명초등학교,서울특별시,체험 행사 일정표뿐,,https://www.schoolinfo.go.kr/ei/ss/Pneiss_b01_s0.do?SHL_IDF_CD=5c520d2e-586d-4d64-8394-045d4ca59c3b,https://www.schoolinfo.go.kr/ei/pp/Pneipp_b14_s0p.do?GS_HANGMOK_CD=14&GS_HANGMOK_NO=2-%EA%B0%80&GS_HANGMOK_NM=%ED%95%99%EA%B5%90%EA%B5%90%EC%9C%A1%EA%B3%BC%EC%A0%95+%ED%8E%B8%EC%84%B1%E3%86%8D%EC%9A%B4%EC%98%81+%EB%B0%8F+%ED%8F%89%EA%B0%80%EC%97%90+%EA%B4%80%ED%95%9C+%EC%82%AC%ED%95%AD&GS_BURYU_CD=JG100&JG_BURYU_CD=JG020&JG_HANGMOK_CD=05&JG_GUBUN=1&JG_YEAR2=2026&HG_NM=%EC%84%9C%EC%9A%B8%EC%9B%90%EB%AA%85%EC%B4%88%EB%93%B1%ED%95%99%EA%B5%90&SHL_IDF_CD=5c520d2e-586d-4d64-8394-045d4ca59c3b&GS_TYPE=Y&JG_YEAR=2026&SORT=BR&CHOSEN_JG_YEAR=2026&PRE_JG_YEAR=2026&LOAD_TYPE=single,2-가. 2026학년도 서울원명초 학교교육과정 편성ㆍ운영ㆍ평가 계획.pdf / 2-가. 2026학년도 서울원명초 연간학사일정.pdf,https://www.schoolinfo.go.kr/ei/pp/Pneipp_b73_s0p.do?GS_HANGMOK_CD=73&GS_HANGMOK_NO=15-%EB%9D%BC&GS_HANGMOK_NM=%EB%B0%A9%EA%B3%BC%ED%9B%84%ED%95%99%EA%B5%90+%EC%9A%B4%EC%98%81+%EA%B3%84%ED%9A%8D+%EB%B0%8F+%EC%9A%B4%EC%98%81%E3%86%8D%EC%A7%80%EC%9B%90%ED%98%84%ED%99%A9&GS_BURYU_CD=JG130&JG_BURYU_CD=JG150&JG_HANGMOK_CD=59&JG_GUBUN=1&JG_YEAR2=2026&HG_NM=%EC%84%9C%EC%9A%B8%EC%9B%90%EB%AA%85%EC%B4%88%EB%93%B1%ED%95%99%EA%B5%90&SHL_IDF_CD=5c520d2e-586d-4d64-8394-045d4ca59c3b&GS_TYPE=Y&JG_YEAR=2026&SORT=BR&CHOSEN_JG_YEAR=2026&PRE_JG_YEAR=2026&LOAD_TYPE=single,2026학년도 서울원명초등학교 초등돌봄교실 운영 계획.hwp / 2026학년도 서울원명초등학교 방과후교실 운영계획.hwp,,,,,,,,,,
expansion_seongnam_gangnam3,B000002271,서울양재초등학교,서울특별시,,15-라 계획에 1학년 오후돌봄 종료 시각이 없음 (공시 첨부에 1학년 돌봄 운영 시간 없음(방과후 계획 위주)),https://www.schoolinfo.go.kr/ei/ss/Pneiss_b01_s0.do?SHL_IDF_CD=063a2081-8cc1-49af-86e3-57a53c7abe78,https://www.schoolinfo.go.kr/ei/pp/Pneipp_b14_s0p.do?GS_HANGMOK_CD=14&GS_HANGMOK_NO=2-%EA%B0%80&GS_HANGMOK_NM=%ED%95%99%EA%B5%90%EA%B5%90%EC%9C%A1%EA%B3%BC%EC%A0%95+%ED%8E%B8%EC%84%B1%E3%86%8D%EC%9A%B4%EC%98%81+%EB%B0%8F+%ED%8F%89%EA%B0%80%EC%97%90+%EA%B4%80%ED%95%9C+%EC%82%AC%ED%95%AD&GS_BURYU_CD=JG100&JG_BURYU_CD=JG020&JG_HANGMOK_CD=05&JG_GUBUN=1&JG_YEAR2=2026&HG_NM=%EC%84%9C%EC%9A%B8%EC%96%91%EC%9E%AC%EC%B4%88%EB%93%B1%ED%95%99%EA%B5%90&SHL_IDF_CD=063a2081-8cc1-49af-86e3-57a53c7abe78&GS_TYPE=Y&JG_YEAR=2026&SORT=BR&CHOSEN_JG_YEAR=2026&PRE_JG_YEAR=2026&LOAD_TYPE=single,2026학년도 양재초 학교교육과정 편성 운영 평가 계획.hwp,https://www.schoolinfo.go.kr/ei/pp/Pneipp_b73_s0p.do?GS_HANGMOK_CD=73&GS_HANGMOK_NO=15-%EB%9D%BC&GS_HANGMOK_NM=%EB%B0%A9%EA%B3%BC%ED%9B%84%ED%95%99%EA%B5%90+%EC%9A%B4%EC%98%81+%EA%B3%84%ED%9A%8D+%EB%B0%8F+%EC%9A%B4%EC%98%81%E3%86%8D%EC%A7%80%EC%9B%90%ED%98%84%ED%99%A9&GS_BURYU_CD=JG130&JG_BURYU_CD=JG150&JG_HANGMOK_CD=59&JG_GUBUN=1&JG_YEAR2=2026&HG_NM=%EC%84%9C%EC%9A%B8%EC%96%91%EC%9E%AC%EC%B4%88%EB%93%B1%ED%95%99%EA%B5%90&SHL_IDF_CD=063a2081-8cc1-49af-86e3-57a53c7abe78&GS_TYPE=Y&JG_YEAR=2026&SORT=BR&CHOSEN_JG_YEAR=2026&PRE_JG_YEAR=2026&LOAD_TYPE=single,2026학년도 양재초 방과후·맞춤형교실 운영계획(안).hwp,,,,,,,,,,
expansion_seongnam_gangnam3,B000002272,서울우암초등학교,서울특별시,2-가 문서에서 시정표를 찾지 못함(요약본이거나 표가 이미지일 수 있음),,https://www.schoolinfo.go.kr/ei/ss/Pneiss_b01_s0.do?SHL_IDF_CD=ab25ab6f-0a48-483f-863d-c30aca26df97,https://www.schoolinfo.go.kr/ei/pp/Pneipp_b14_s0p.do?GS_HANGMOK_CD=14&GS_HANGMOK_NO=2-%EA%B0%80&GS_HANGMOK_NM=%ED%95%99%EA%B5%90%EA%B5%90%EC%9C%A1%EA%B3%BC%EC%A0%95+%ED%8E%B8%EC%84%B1%E3%86%8D%EC%9A%B4%EC%98%81+%EB%B0%8F+%ED%8F%89%EA%B0%80%EC%97%90+%EA%B4%80%ED%95%9C+%EC%82%AC%ED%95%AD&GS_BURYU_CD=JG100&JG_BURYU_CD=JG020&JG_HANGMOK_CD=05&JG_GUBUN=1&JG_YEAR2=2026&HG_NM=%EC%84%9C%EC%9A%B8%EC%9A%B0%EC%95%94%EC%B4%88%EB%93%B1%ED%95%99%EA%B5%90&SHL_IDF_CD=ab25ab6f-0a48-483f-863d-c30aca26df97&GS_TYPE=Y&JG_YEAR=2026&SORT=BR&CHOSEN_JG_YEAR=2026&PRE_JG_YEAR=2026&LOAD_TYPE=single,2026학년도 학교교육과정 편성 운영 및 평가 계획.hwp,https://www.schoolinfo.go.kr/ei/pp/Pneipp_b73_s0p.do?GS_HANGMOK_CD=73&GS_HANGMOK_NO=15-%EB%9D%BC&GS_HANGMOK_NM=%EB%B0%A9%EA%B3%BC%ED%9B%84%ED%95%99%EA%B5%90+%EC%9A%B4%EC%98%81+%EA%B3%84%ED%9A%8D+%EB%B0%8F+%EC%9A%B4%EC%98%81%E3%86%8D%EC%A7%80%EC%9B%90%ED%98%84%ED%99%A9&GS_BURYU_CD=JG130&JG_BURYU_CD=JG150&JG_HANGMOK_CD=59&JG_GUBUN=1&JG_YEAR2=2026&HG_NM=%EC%84%9C%EC%9A%B8%EC%9A%B0%EC%95%94%EC%B4%88%EB%93%B1%ED%95%99%EA%B5%90&SHL_IDF_CD=ab25ab6f-0a48-483f-863d-c30aca26df97&GS_TYPE=Y&JG_YEAR=2026&SORT=BR&CHOSEN_JG_YEAR=2026&PRE_JG_YEAR=2026&LOAD_TYPE=single,(정보공시)2026학년도 돌봄교실 운영 계획(안).hwp / 2026학년도 서울우암초 선택형교육프로그램 (연간)운영계획.hwp,,,,,,,,,,
expansion_seongnam_gangnam3,B000002273,서울신동초등학교,서울특별시,시정표 제목만 있고 표 글자가 없음(이미지 표 가능),,https://www.schoolinfo.go.kr/ei/ss/Pneiss_b01_s0.do?SHL_IDF_CD=726db102-a38d-4fa8-a243-f5a603a5552f,https://www.schoolinfo.go.kr/ei/pp/Pneipp_b14_s0p.do?GS_HANGMOK_CD=14&GS_HANGMOK_NO=2-%EA%B0%80&GS_HANGMOK_NM=%ED%95%99%EA%B5%90%EA%B5%90%EC%9C%A1%EA%B3%BC%EC%A0%95+%ED%8E%B8%EC%84%B1%E3%86%8D%EC%9A%B4%EC%98%81+%EB%B0%8F+%ED%8F%89%EA%B0%80%EC%97%90+%EA%B4%80%ED%95%9C+%EC%82%AC%ED%95%AD&GS_BURYU_CD=JG100&JG_BURYU_CD=JG020&JG_HANGMOK_CD=05&JG_GUBUN=1&JG_YEAR2=2026&HG_NM=%EC%84%9C%EC%9A%B8%EC%8B%A0%EB%8F%99%EC%B4%88%EB%93%B1%ED%95%99%EA%B5%90&SHL_IDF_CD=726db102-a38d-4fa8-a243-f5a603a5552f&GS_TYPE=Y&JG_YEAR=2026&SORT=BR&CHOSEN_JG_YEAR=2026&PRE_JG_YEAR=2026&LOAD_TYPE=single,2026학년도 신동초 학교교육과정 편성·운영·평가계획.pdf,https://www.schoolinfo.go.kr/ei/pp/Pneipp_b73_s0p.do?GS_HANGMOK_CD=73&GS_HANGMOK_NO=15-%EB%9D%BC&GS_HANGMOK_NM=%EB%B0%A9%EA%B3%BC%ED%9B%84%ED%95%99%EA%B5%90+%EC%9A%B4%EC%98%81+%EA%B3%84%ED%9A%8D+%EB%B0%8F+%EC%9A%B4%EC%98%81%E3%86%8D%EC%A7%80%EC%9B%90%ED%98%84%ED%99%A9&GS_BURYU_CD=JG130&JG_BURYU_CD=JG150&JG_HANGMOK_CD=59&JG_GUBUN=1&JG_YEAR2=2026&HG_NM=%EC%84%9C%EC%9A%B8%EC%8B%A0%EB%8F%99%EC%B4%88%EB%93%B1%ED%95%99%EA%B5%90&SHL_IDF_CD=726db102-a38d-4fa8-a243-f5a603a5552f&GS_TYPE=Y&JG_YEAR=2026&SORT=BR&CHOSEN_JG_YEAR=2026&PRE_JG_YEAR=2026&LOAD_TYPE=single,2026학년도 신동초등학교 초등돌봄교실 운영 계획(안).hwp / 2026학년도 신동초등학교 방과후학교 운영계획(안).hwp,,,,,,,,,,
expansion_seongnam_gangnam3,B000002274,계성초등학교,서울특별시,2-가 문서에서 시정표를 찾지 못함(요약본이거나 표가 이미지일 수 있음),15-라 계획에 1학년 오후돌봄 종료 시각이 없음 (공시 첨부에 1학년 돌봄 운영 시간 없음(방과후 계획 위주)),https://www.schoolinfo.go.kr/ei/ss/Pneiss_b01_s0.do?SHL_IDF_CD=c2f9d7a4-71ba-46b8-8f8e-e59c7659af70,https://www.schoolinfo.go.kr/ei/pp/Pneipp_b14_s0p.do?GS_HANGMOK_CD=14&GS_HANGMOK_NO=2-%EA%B0%80&GS_HANGMOK_NM=%ED%95%99%EA%B5%90%EA%B5%90%EC%9C%A1%EA%B3%BC%EC%A0%95+%ED%8E%B8%EC%84%B1%E3%86%8D%EC%9A%B4%EC%98%81+%EB%B0%8F+%ED%8F%89%EA%B0%80%EC%97%90+%EA%B4%80%ED%95%9C+%EC%82%AC%ED%95%AD&GS_BURYU_CD=JG100&JG_BURYU_CD=JG020&JG_HANGMOK_CD=05&JG_GUBUN=1&JG_YEAR2=2026&HG_NM=%EA%B3%84%EC%84%B1%EC%B4%88%EB%93%B1%ED%95%99%EA%B5%90&SHL_IDF_CD=c2f9d7a4-71ba-46b8-8f8e-e59c7659af70&GS_TYPE=Y&JG_YEAR=2026&SORT=BR&CHOSEN_JG_YEAR=2026&PRE_JG_YEAR=2026&LOAD_TYPE=single,2026학년도 계성초 학교교육과정 편성운영평가 계획.pdf,https://www.schoolinfo.go.kr/ei/pp/Pneipp_b73_s0p.do?GS_HANGMOK_CD=73&GS_HANGMOK_NO=15-%EB%9D%BC&GS_HANGMOK_NM=%EB%B0%A9%EA%B3%BC%ED%9B%84%ED%95%99%EA%B5%90+%EC%9A%B4%EC%98%81+%EA%B3%84%ED%9A%8D+%EB%B0%8F+%EC%9A%B4%EC%98%81%E3%86%8D%EC%A7%80%EC%9B%90%ED%98%84%ED%99%A9&GS_BURYU_CD=JG130&JG_BURYU_CD=JG150&JG_HANGMOK_CD=59&JG_GUBUN=1&JG_YEAR2=2026&HG_NM=%EA%B3%84%EC%84%B1%EC%B4%88%EB%93%B1%ED%95%99%EA%B5%90&SHL_IDF_CD=c2f9d7a4-71ba-46b8-8f8e-e59c7659af70&GS_TYPE=Y&JG_YEAR=2026&SORT=BR&CHOSEN_JG_YEAR=2026&PRE_JG_YEAR=2026&LOAD_TYPE=single,8. 방과후교육운영부(2026_완료).hwpx,,,,,,,,,,
expansion_seongnam_gangnam3,B000002275,서울봉은초등학교,서울특별시,2-가 문서에서 시정표를 찾지 못함(요약본이거나 표가 이미지일 수 있음),,https://www.schoolinfo.go.kr/ei/ss/Pneiss_b01_s0.do?SHL_IDF_CD=acda155f-2602-46d5-8d0b-b578244b2b5f,https://www.schoolinfo.go.kr/ei/pp/Pneipp_b14_s0p.do?GS_HANGMOK_CD=14&GS_HANGMOK_NO=2-%EA%B0%80&GS_HANGMOK_NM=%ED%95%99%EA%B5%90%EA%B5%90%EC%9C%A1%EA%B3%BC%EC%A0%95+%ED%8E%B8%EC%84%B1%E3%86%8D%EC%9A%B4%EC%98%81+%EB%B0%8F+%ED%8F%89%EA%B0%80%EC%97%90+%EA%B4%80%ED%95%9C+%EC%82%AC%ED%95%AD&GS_BURYU_CD=JG100&JG_BURYU_CD=JG020&JG_HANGMOK_CD=05&JG_GUBUN=1&JG_YEAR2=2026&HG_NM=%EC%84%9C%EC%9A%B8%EB%B4%89%EC%9D%80%EC%B4%88%EB%93%B1%ED%95%99%EA%B5%90&SHL_IDF_CD=acda155f-2602-46d5-8d0b-b578244b2b5f&GS_TYPE=Y&JG_YEAR=2026&SORT=BR&CHOSEN_JG_YEAR=2026&PRE_JG_YEAR=2026&LOAD_TYPE=single,2026학년도 봉은초 학교교육과정 편성운영평가계획.pdf,https://www.schoolinfo.go.kr/ei/pp/Pneipp_b73_s0p.do?GS_HANGMOK_CD=73&GS_HANGMOK_NO=15-%EB%9D%BC&GS_HANGMOK_NM=%EB%B0%A9%EA%B3%BC%ED%9B%84%ED%95%99%EA%B5%90+%EC%9A%B4%EC%98%81+%EA%B3%84%ED%9A%8D+%EB%B0%8F+%EC%9A%B4%EC%98%81%E3%86%8D%EC%A7%80%EC%9B%90%ED%98%84%ED%99%A9&GS_BURYU_CD=JG130&JG_BURYU_CD=JG150&JG_HANGMOK_CD=59&JG_GUBUN=1&JG_YEAR2=2026&HG_NM=%EC%84%9C%EC%9A%B8%EB%B4%89%EC%9D%80%EC%B4%88%EB%93%B1%ED%95%99%EA%B5%90&SHL_IDF_CD=acda155f-2602-46d5-8d0b-b578244b2b5f&GS_TYPE=Y&JG_YEAR=2026&SORT=BR&CHOSEN_JG_YEAR=2026&PRE_JG_YEAR=2026&LOAD_TYPE=single,2026 초등돌봄교실 운영계획.pdf / 2026 방과후·맞춤형교실 연간운영계획.pdf,,,,,,,,,,
expansion_seongnam_gangnam3,B000002277,서울수서초등학교,서울특별시,2-가 문서에서 시정표를 찾지 못함(요약본이거나 표가 이미지일 수 있음),,https://www.schoolinfo.go.kr/ei/ss/Pneiss_b01_s0.do?SHL_IDF_CD=b569359d-8fcf-417f-a4e7-ed1bc4604cd9,https://www.schoolinfo.go.kr/ei/pp/Pneipp_b14_s0p.do?GS_HANGMOK_CD=14&GS_HANGMOK_NO=2-%EA%B0%80&GS_HANGMOK_NM=%ED%95%99%EA%B5%90%EA%B5%90%EC%9C%A1%EA%B3%BC%EC%A0%95+%ED%8E%B8%EC%84%B1%E3%86%8D%EC%9A%B4%EC%98%81+%EB%B0%8F+%ED%8F%89%EA%B0%80%EC%97%90+%EA%B4%80%ED%95%9C+%EC%82%AC%ED%95%AD&GS_BURYU_CD=JG100&JG_BURYU_CD=JG020&JG_HANGMOK_CD=05&JG_GUBUN=1&JG_YEAR2=2026&HG_NM=%EC%84%9C%EC%9A%B8%EC%88%98%EC%84%9C%EC%B4%88%EB%93%B1%ED%95%99%EA%B5%90&SHL_IDF_CD=b569359d-8fcf-417f-a4e7-ed1bc4604cd9&GS_TYPE=Y&JG_YEAR=2026&SORT=BR&CHOSEN_JG_YEAR=2026&PRE_JG_YEAR=2026&LOAD_TYPE=single,2026학년도_수서초_학교교육과정_편성·운영·평가_계획.pdf,https://www.schoolinfo.go.kr/ei/pp/Pneipp_b73_s0p.do?GS_HANGMOK_CD=73&GS_HANGMOK_NO=15-%EB%9D%BC&GS_HANGMOK_NM=%EB%B0%A9%EA%B3%BC%ED%9B%84%ED%95%99%EA%B5%90+%EC%9A%B4%EC%98%81+%EA%B3%84%ED%9A%8D+%EB%B0%8F+%EC%9A%B4%EC%98%81%E3%86%8D%EC%A7%80%EC%9B%90%ED%98%84%ED%99%A9&GS_BURYU_CD=JG130&JG_BURYU_CD=JG150&JG_HANGMOK_CD=59&JG_GUBUN=1&JG_YEAR2=2026&HG_NM=%EC%84%9C%EC%9A%B8%EC%88%98%EC%84%9C%EC%B4%88%EB%93%B1%ED%95%99%EA%B5%90&SHL_IDF_CD=b569359d-8fcf-417f-a4e7-ed1bc4604cd9&GS_TYPE=Y&JG_YEAR=2026&SORT=BR&CHOSEN_JG_YEAR=2026&PRE_JG_YEAR=2026&LOAD_TYPE=single,"2026학년도 수서초 돌봄교실 운영 계획.hwp / 2026학년도 수서초 방과후,맞춤형 연간 운영 계획.hwpx",,,,,,,,,,
expansion_seongnam_gangnam3,B000002279,서울대진초등학교,서울특별시,2-가 문서에서 시정표를 찾지 못함(요약본이거나 표가 이미지일 수 있음),,https://www.schoolinfo.go.kr/ei/ss/Pneiss_b01_s0.do?SHL_IDF_CD=d6b267e3-5dbc-4478-8003-d00192f1f82a,https://www.schoolinfo.go.kr/ei/pp/Pneipp_b14_s0p.do?GS_HANGMOK_CD=14&GS_HANGMOK_NO=2-%EA%B0%80&GS_HANGMOK_NM=%ED%95%99%EA%B5%90%EA%B5%90%EC%9C%A1%EA%B3%BC%EC%A0%95+%ED%8E%B8%EC%84%B1%E3%86%8D%EC%9A%B4%EC%98%81+%EB%B0%8F+%ED%8F%89%EA%B0%80%EC%97%90+%EA%B4%80%ED%95%9C+%EC%82%AC%ED%95%AD&GS_BURYU_CD=JG100&JG_BURYU_CD=JG020&JG_HANGMOK_CD=05&JG_GUBUN=1&JG_YEAR2=2026&HG_NM=%EC%84%9C%EC%9A%B8%EB%8C%80%EC%A7%84%EC%B4%88%EB%93%B1%ED%95%99%EA%B5%90&SHL_IDF_CD=d6b267e3-5dbc-4478-8003-d00192f1f82a&GS_TYPE=Y&JG_YEAR=2026&SORT=BR&CHOSEN_JG_YEAR=2026&PRE_JG_YEAR=2026&LOAD_TYPE=single,2026학년도 학교교육과정 편성운영 및 평가에 관한 사항.hwpx / 2026학년도 대진초 연간학사일정.hwpx,https://www.schoolinfo.go.kr/ei/pp/Pneipp_b73_s0p.do?GS_HANGMOK_CD=73&GS_HANGMOK_NO=15-%EB%9D%BC&GS_HANGMOK_NM=%EB%B0%A9%EA%B3%BC%ED%9B%84%ED%95%99%EA%B5%90+%EC%9A%B4%EC%98%81+%EA%B3%84%ED%9A%8D+%EB%B0%8F+%EC%9A%B4%EC%98%81%E3%86%8D%EC%A7%80%EC%9B%90%ED%98%84%ED%99%A9&GS_BURYU_CD=JG130&JG_BURYU_CD=JG150&JG_HANGMOK_CD=59&JG_GUBUN=1&JG_YEAR2=2026&HG_NM=%EC%84%9C%EC%9A%B8%EB%8C%80%EC%A7%84%EC%B4%88%EB%93%B1%ED%95%99%EA%B5%90&SHL_IDF_CD=d6b267e3-5dbc-4478-8003-d00192f1f82a&GS_TYPE=Y&JG_YEAR=2026&SORT=BR&CHOSEN_JG_YEAR=2026&PRE_JG_YEAR=2026&LOAD_TYPE=single,"2026학년도 방과후, 맞춤형교실 운영 계획.hwpx / 2026학년도 돌봄교실 연간 운영 계획.hwp",,,,,,,,,,
expansion_seongnam_gangnam3,B000002285,서울대도초등학교,서울특별시,2-가 문서에서 시정표를 찾지 못함(요약본이거나 표가 이미지일 수 있음),,https://www.schoolinfo.go.kr/ei/ss/Pneiss_b01_s0.do?SHL_IDF_CD=3a11e7b0-5cab-4405-8a93-655c67e6b431,https://www.schoolinfo.go.kr/ei/pp/Pneipp_b14_s0p.do?GS_HANGMOK_CD=14&GS_HANGMOK_NO=2-%EA%B0%80&GS_HANGMOK_NM=%ED%95%99%EA%B5%90%EA%B5%90%EC%9C%A1%EA%B3%BC%EC%A0%95+%ED%8E%B8%EC%84%B1%E3%86%8D%EC%9A%B4%EC%98%81+%EB%B0%8F+%ED%8F%89%EA%B0%80%EC%97%90+%EA%B4%80%ED%95%9C+%EC%82%AC%ED%95%AD&GS_BURYU_CD=JG100&JG_BURYU_CD=JG020&JG_HANGMOK_CD=05&JG_GUBUN=1&JG_YEAR2=2026&HG_NM=%EC%84%9C%EC%9A%B8%EB%8C%80%EB%8F%84%EC%B4%88%EB%93%B1%ED%95%99%EA%B5%90&SHL_IDF_CD=3a11e7b0-5cab-4405-8a93-655c67e6b431&GS_TYPE=Y&JG_YEAR=2026&SORT=BR&CHOSEN_JG_YEAR=2026&PRE_JG_YEAR=2026&LOAD_TYPE=single,2026 학교교육과정 편성·운영·평가에 대한 사항.hwp,https://www.schoolinfo.go.kr/ei/pp/Pneipp_b73_s0p.do?GS_HANGMOK_CD=73&GS_HANGMOK_NO=15-%EB%9D%BC&GS_HANGMOK_NM=%EB%B0%A9%EA%B3%BC%ED%9B%84%ED%95%99%EA%B5%90+%EC%9A%B4%EC%98%81+%EA%B3%84%ED%9A%8D+%EB%B0%8F+%EC%9A%B4%EC%98%81%E3%86%8D%EC%A7%80%EC%9B%90%ED%98%84%ED%99%A9&GS_BURYU_CD=JG130&JG_BURYU_CD=JG150&JG_HANGMOK_CD=59&JG_GUBUN=1&JG_YEAR2=2026&HG_NM=%EC%84%9C%EC%9A%B8%EB%8C%80%EB%8F%84%EC%B4%88%EB%93%B1%ED%95%99%EA%B5%90&SHL_IDF_CD=3a11e7b0-5cab-4405-8a93-655c67e6b431&GS_TYPE=Y&JG_YEAR=2026&SORT=BR&CHOSEN_JG_YEAR=2026&PRE_JG_YEAR=2026&LOAD_TYPE=single,2026학년도 돌봄교실  연간 운영 계획(안).hwp / 2026학년도 방과후·맞춤형 연간운영계획(안).hwp,,,,,,,,,,
expansion_seongnam_gangnam3,B000002289,서울논현초등학교,서울특별시,2-가 문서에서 시정표를 찾지 못함(요약본이거나 표가 이미지일 수 있음),,https://www.schoolinfo.go.kr/ei/ss/Pneiss_b01_s0.do?SHL_IDF_CD=8d7897f8-495c-4530-a25d-f195b312e03f,https://www.schoolinfo.go.kr/ei/pp/Pneipp_b14_s0p.do?GS_HANGMOK_CD=14&GS_HANGMOK_NO=2-%EA%B0%80&GS_HANGMOK_NM=%ED%95%99%EA%B5%90%EA%B5%90%EC%9C%A1%EA%B3%BC%EC%A0%95+%ED%8E%B8%EC%84%B1%E3%86%8D%EC%9A%B4%EC%98%81+%EB%B0%8F+%ED%8F%89%EA%B0%80%EC%97%90+%EA%B4%80%ED%95%9C+%EC%82%AC%ED%95%AD&GS_BURYU_CD=JG100&JG_BURYU_CD=JG020&JG_HANGMOK_CD=05&JG_GUBUN=1&JG_YEAR2=2026&HG_NM=%EC%84%9C%EC%9A%B8%EB%85%BC%ED%98%84%EC%B4%88%EB%93%B1%ED%95%99%EA%B5%90&SHL_IDF_CD=8d7897f8-495c-4530-a25d-f195b312e03f&GS_TYPE=Y&JG_YEAR=2026&SORT=BR&CHOSEN_JG_YEAR=2026&PRE_JG_YEAR=2026&LOAD_TYPE=single,2026학년도 서울논현초등학교 학교교육과정 편성운영평가 계획.pdf / 2026학년도 서울논현초등학교 연간학사일정표.pdf,https://www.schoolinfo.go.kr/ei/pp/Pneipp_b73_s0p.do?GS_HANGMOK_CD=73&GS_HANGMOK_NO=15-%EB%9D%BC&GS_HANGMOK_NM=%EB%B0%A9%EA%B3%BC%ED%9B%84%ED%95%99%EA%B5%90+%EC%9A%B4%EC%98%81+%EA%B3%84%ED%9A%8D+%EB%B0%8F+%EC%9A%B4%EC%98%81%E3%86%8D%EC%A7%80%EC%9B%90%ED%98%84%ED%99%A9&GS_BURYU_CD=JG130&JG_BURYU_CD=JG150&JG_HANGMOK_CD=59&JG_GUBUN=1&JG_YEAR2=2026&HG_NM=%EC%84%9C%EC%9A%B8%EB%85%BC%ED%98%84%EC%B4%88%EB%93%B1%ED%95%99%EA%B5%90&SHL_IDF_CD=8d7897f8-495c-4530-a25d-f195b312e03f&GS_TYPE=Y&JG_YEAR=2026&SORT=BR&CHOSEN_JG_YEAR=2026&PRE_JG_YEAR=2026&LOAD_TYPE=single,"2026학년도 논현초등학교 정보공시(수익자, 수익자외).xlsx / 2026학년도 논현초등학교 초등돌봄교실 연간운영계획.hwp / 2026학년도 논현초등학교 방과후·맞춤형교실 프로그램 연간 운영 계획.hwp",,,,,,,,,,
expansion_seongnam_gangnam3,B000002290,서울학동초등학교,서울특별시,2-가 문서에서 시정표를 찾지 못함(요약본이거나 표가 이미지일 수 있음),,https://www.schoolinfo.go.kr/ei/ss/Pneiss_b01_s0.do?SHL_IDF_CD=ff7e7983-68f4-4278-9869-d01cbf856a1b,https://www.schoolinfo.go.kr/ei/pp/Pneipp_b14_s0p.do?GS_HANGMOK_CD=14&GS_HANGMOK_NO=2-%EA%B0%80&GS_HANGMOK_NM=%ED%95%99%EA%B5%90%EA%B5%90%EC%9C%A1%EA%B3%BC%EC%A0%95+%ED%8E%B8%EC%84%B1%E3%86%8D%EC%9A%B4%EC%98%81+%EB%B0%8F+%ED%8F%89%EA%B0%80%EC%97%90+%EA%B4%80%ED%95%9C+%EC%82%AC%ED%95%AD&GS_BURYU_CD=JG100&JG_BURYU_CD=JG020&JG_HANGMOK_CD=05&JG_GUBUN=1&JG_YEAR2=2026&HG_NM=%EC%84%9C%EC%9A%B8%ED%95%99%EB%8F%99%EC%B4%88%EB%93%B1%ED%95%99%EA%B5%90&SHL_IDF_CD=ff7e7983-68f4-4278-9869-d01cbf856a1b&GS_TYPE=Y&JG_YEAR=2026&SORT=BR&CHOSEN_JG_YEAR=2026&PRE_JG_YEAR=2026&LOAD_TYPE=single,"2026학년도 학동초 학교교육과정 편성, 운영, 평가계획.hwp",https://www.schoolinfo.go.kr/ei/pp/Pneipp_b73_s0p.do?GS_HANGMOK_CD=73&GS_HANGMOK_NO=15-%EB%9D%BC&GS_HANGMOK_NM=%EB%B0%A9%EA%B3%BC%ED%9B%84%ED%95%99%EA%B5%90+%EC%9A%B4%EC%98%81+%EA%B3%84%ED%9A%8D+%EB%B0%8F+%EC%9A%B4%EC%98%81%E3%86%8D%EC%A7%80%EC%9B%90%ED%98%84%ED%99%A9&GS_BURYU_CD=JG130&JG_BURYU_CD=JG150&JG_HANGMOK_CD=59&JG_GUBUN=1&JG_YEAR2=2026&HG_NM=%EC%84%9C%EC%9A%B8%ED%95%99%EB%8F%99%EC%B4%88%EB%93%B1%ED%95%99%EA%B5%90&SHL_IDF_CD=ff7e7983-68f4-4278-9869-d01cbf856a1b&GS_TYPE=Y&JG_YEAR=2026&SORT=BR&CHOSEN_JG_YEAR=2026&PRE_JG_YEAR=2026&LOAD_TYPE=single,2026 학교교육과정(방과후돌봄)자료.hwp,,,,,,,,,,
expansion_seongnam_gangnam3,B000002291,서울대곡초등학교,서울특별시,2-가 문서에서 시정표를 찾지 못함(요약본이거나 표가 이미지일 수 있음),,https://www.schoolinfo.go.kr/ei/ss/Pneiss_b01_s0.do?SHL_IDF_CD=55a3ad11-ad6e-4738-a452-1f49b92a42dd,https://www.schoolinfo.go.kr/ei/pp/Pneipp_b14_s0p.do?GS_HANGMOK_CD=14&GS_HANGMOK_NO=2-%EA%B0%80&GS_HANGMOK_NM=%ED%95%99%EA%B5%90%EA%B5%90%EC%9C%A1%EA%B3%BC%EC%A0%95+%ED%8E%B8%EC%84%B1%E3%86%8D%EC%9A%B4%EC%98%81+%EB%B0%8F+%ED%8F%89%EA%B0%80%EC%97%90+%EA%B4%80%ED%95%9C+%EC%82%AC%ED%95%AD&GS_BURYU_CD=JG100&JG_BURYU_CD=JG020&JG_HANGMOK_CD=05&JG_GUBUN=1&JG_YEAR2=2026&HG_NM=%EC%84%9C%EC%9A%B8%EB%8C%80%EA%B3%A1%EC%B4%88%EB%93%B1%ED%95%99%EA%B5%90&SHL_IDF_CD=55a3ad11-ad6e-4738-a452-1f49b92a42dd&GS_TYPE=Y&JG_YEAR=2026&SORT=BR&CHOSEN_JG_YEAR=2026&PRE_JG_YEAR=2026&LOAD_TYPE=single,2026학년도 대곡초 학교교육과정 편성 운영 평가 계획.pdf / 2026학년도 대곡초 연간학사일정.pdf,https://www.schoolinfo.go.kr/ei/pp/Pneipp_b73_s0p.do?GS_HANGMOK_CD=73&GS_HANGMOK_NO=15-%EB%9D%BC&GS_HANGMOK_NM=%EB%B0%A9%EA%B3%BC%ED%9B%84%ED%95%99%EA%B5%90+%EC%9A%B4%EC%98%81+%EA%B3%84%ED%9A%8D+%EB%B0%8F+%EC%9A%B4%EC%98%81%E3%86%8D%EC%A7%80%EC%9B%90%ED%98%84%ED%99%A9&GS_BURYU_CD=JG130&JG_BURYU_CD=JG150&JG_HANGMOK_CD=59&JG_GUBUN=1&JG_YEAR2=2026&HG_NM=%EC%84%9C%EC%9A%B8%EB%8C%80%EA%B3%A1%EC%B4%88%EB%93%B1%ED%95%99%EA%B5%90&SHL_IDF_CD=55a3ad11-ad6e-4738-a452-1f49b92a42dd&GS_TYPE=Y&JG_YEAR=2026&SORT=BR&CHOSEN_JG_YEAR=2026&PRE_JG_YEAR=2026&LOAD_TYPE=single,2025년도 세출결산서.pdf / 2026학년도 돌봄교실(연간운영계획(안)수정 학운위 심의 자료.hwp / (학교운영위원회 심의자료)수정안 2026학년도 방과후교실 연간 운영계획(안).hwp,,,,,,,,,,
expansion_seongnam_gangnam3,B000002292,서울대현초등학교,서울특별시,,15-라 계획에 1학년 오후돌봄 종료 시각이 없음 (공시 첨부에 1학년 돌봄 운영 시간 없음(방과후 계획 위주)),https://www.schoolinfo.go.kr/ei/ss/Pneiss_b01_s0.do?SHL_IDF_CD=4b00568b-7c12-4d10-9e4d-f0acfd269b2b,https://www.schoolinfo.go.kr/ei/pp/Pneipp_b14_s0p.do?GS_HANGMOK_CD=14&GS_HANGMOK_NO=2-%EA%B0%80&GS_HANGMOK_NM=%ED%95%99%EA%B5%90%EA%B5%90%EC%9C%A1%EA%B3%BC%EC%A0%95+%ED%8E%B8%EC%84%B1%E3%86%8D%EC%9A%B4%EC%98%81+%EB%B0%8F+%ED%8F%89%EA%B0%80%EC%97%90+%EA%B4%80%ED%95%9C+%EC%82%AC%ED%95%AD&GS_BURYU_CD=JG100&JG_BURYU_CD=JG020&JG_HANGMOK_CD=05&JG_GUBUN=1&JG_YEAR2=2026&HG_NM=%EC%84%9C%EC%9A%B8%EB%8C%80%ED%98%84%EC%B4%88%EB%93%B1%ED%95%99%EA%B5%90&SHL_IDF_CD=4b00568b-7c12-4d10-9e4d-f0acfd269b2b&GS_TYPE=Y&JG_YEAR=2026&SORT=BR&CHOSEN_JG_YEAR=2026&PRE_JG_YEAR=2026&LOAD_TYPE=single,2026 대현초 연간 학사일정.hwpx / 2026 대현초 학교교육과정 편성 운영 및 평가에 관한 사항.hwpx,https://www.schoolinfo.go.kr/ei/pp/Pneipp_b73_s0p.do?GS_HANGMOK_CD=73&GS_HANGMOK_NO=15-%EB%9D%BC&GS_HANGMOK_NM=%EB%B0%A9%EA%B3%BC%ED%9B%84%ED%95%99%EA%B5%90+%EC%9A%B4%EC%98%81+%EA%B3%84%ED%9A%8D+%EB%B0%8F+%EC%9A%B4%EC%98%81%E3%86%8D%EC%A7%80%EC%9B%90%ED%98%84%ED%99%A9&GS_BURYU_CD=JG130&JG_BURYU_CD=JG150&JG_HANGMOK_CD=59&JG_GUBUN=1&JG_YEAR2=2026&HG_NM=%EC%84%9C%EC%9A%B8%EB%8C%80%ED%98%84%EC%B4%88%EB%93%B1%ED%95%99%EA%B5%90&SHL_IDF_CD=4b00568b-7c12-4d10-9e4d-f0acfd269b2b&GS_TYPE=Y&JG_YEAR=2026&SORT=BR&CHOSEN_JG_YEAR=2026&PRE_JG_YEAR=2026&LOAD_TYPE=single,서울대현초등학교  방과후학교 운영계획(안).hwp,,,,,,,,,,
expansion_seongnam_gangnam3,B000002294,서울왕북초등학교,서울특별시,2-가 문서에서 시정표를 찾지 못함(요약본이거나 표가 이미지일 수 있음),,https://www.schoolinfo.go.kr/ei/ss/Pneiss_b01_s0.do?SHL_IDF_CD=dfa1b284-8eaa-4575-a3e5-2bb96f63acca,https://www.schoolinfo.go.kr/ei/pp/Pneipp_b14_s0p.do?GS_HANGMOK_CD=14&GS_HANGMOK_NO=2-%EA%B0%80&GS_HANGMOK_NM=%ED%95%99%EA%B5%90%EA%B5%90%EC%9C%A1%EA%B3%BC%EC%A0%95+%ED%8E%B8%EC%84%B1%E3%86%8D%EC%9A%B4%EC%98%81+%EB%B0%8F+%ED%8F%89%EA%B0%80%EC%97%90+%EA%B4%80%ED%95%9C+%EC%82%AC%ED%95%AD&GS_BURYU_CD=JG100&JG_BURYU_CD=JG020&JG_HANGMOK_CD=05&JG_GUBUN=1&JG_YEAR2=2026&HG_NM=%EC%84%9C%EC%9A%B8%EC%99%95%EB%B6%81%EC%B4%88%EB%93%B1%ED%95%99%EA%B5%90&SHL_IDF_CD=dfa1b284-8eaa-4575-a3e5-2bb96f63acca&GS_TYPE=Y&JG_YEAR=2026&SORT=BR&CHOSEN_JG_YEAR=2026&PRE_JG_YEAR=2026&LOAD_TYPE=single,2026학년도 서울왕북초 학사일정.hwpx / 2026학년도 서울왕북초 학교교육과정 편성·운영 및 평가에 관한 사항(교과·체험활동계획 포함).hwpx,https://www.schoolinfo.go.kr/ei/pp/Pneipp_b73_s0p.do?GS_HANGMOK_CD=73&GS_HANGMOK_NO=15-%EB%9D%BC&GS_HANGMOK_NM=%EB%B0%A9%EA%B3%BC%ED%9B%84%ED%95%99%EA%B5%90+%EC%9A%B4%EC%98%81+%EA%B3%84%ED%9A%8D+%EB%B0%8F+%EC%9A%B4%EC%98%81%E3%86%8D%EC%A7%80%EC%9B%90%ED%98%84%ED%99%A9&GS_BURYU_CD=JG130&JG_BURYU_CD=JG150&JG_HANGMOK_CD=59&JG_GUBUN=1&JG_YEAR2=2026&HG_NM=%EC%84%9C%EC%9A%B8%EC%99%95%EB%B6%81%EC%B4%88%EB%93%B1%ED%95%99%EA%B5%90&SHL_IDF_CD=dfa1b284-8eaa-4575-a3e5-2bb96f63acca&GS_TYPE=Y&JG_YEAR=2026&SORT=BR&CHOSEN_JG_YEAR=2026&PRE_JG_YEAR=2026&LOAD_TYPE=single,2026학년도 돌봄교실 연간 운영계획(정보공시).hwp / 2026학년도 방과후 및 맞춤형교실 연간 운영계획(정보공시).hwp,,,,,,,,,,
expansion_seongnam_gangnam3,B000002296,서울압구정초등학교,서울특별시,2-가 문서에서 시정표를 찾지 못함(요약본이거나 표가 이미지일 수 있음),15-라 계획에 1학년 오후돌봄 종료 시각이 없음 (공시 첨부에 1학년 돌봄 운영 시간 없음(방과후 계획 위주)),https://www.schoolinfo.go.kr/ei/ss/Pneiss_b01_s0.do?SHL_IDF_CD=19eff7b8-89ef-4764-841e-68b1ddb95e6e,https://www.schoolinfo.go.kr/ei/pp/Pneipp_b14_s0p.do?GS_HANGMOK_CD=14&GS_HANGMOK_NO=2-%EA%B0%80&GS_HANGMOK_NM=%ED%95%99%EA%B5%90%EA%B5%90%EC%9C%A1%EA%B3%BC%EC%A0%95+%ED%8E%B8%EC%84%B1%E3%86%8D%EC%9A%B4%EC%98%81+%EB%B0%8F+%ED%8F%89%EA%B0%80%EC%97%90+%EA%B4%80%ED%95%9C+%EC%82%AC%ED%95%AD&GS_BURYU_CD=JG100&JG_BURYU_CD=JG020&JG_HANGMOK_CD=05&JG_GUBUN=1&JG_YEAR2=2026&HG_NM=%EC%84%9C%EC%9A%B8%EC%95%95%EA%B5%AC%EC%A0%95%EC%B4%88%EB%93%B1%ED%95%99%EA%B5%90&SHL_IDF_CD=19eff7b8-89ef-4764-841e-68b1ddb95e6e&GS_TYPE=Y&JG_YEAR=2026&SORT=BR&CHOSEN_JG_YEAR=2026&PRE_JG_YEAR=2026&LOAD_TYPE=single,2026 압구정초 학교교육과정 편성_운영_평가 계획.hwpx / 2026학년도 압구정초 연간학사일정.hwpx,https://www.schoolinfo.go.kr/ei/pp/Pneipp_b73_s0p.do?GS_HANGMOK_CD=73&GS_HANGMOK_NO=15-%EB%9D%BC&GS_HANGMOK_NM=%EB%B0%A9%EA%B3%BC%ED%9B%84%ED%95%99%EA%B5%90+%EC%9A%B4%EC%98%81+%EA%B3%84%ED%9A%8D+%EB%B0%8F+%EC%9A%B4%EC%98%81%E3%86%8D%EC%A7%80%EC%9B%90%ED%98%84%ED%99%A9&GS_BURYU_CD=JG130&JG_BURYU_CD=JG150&JG_HANGMOK_CD=59&JG_GUBUN=1&JG_YEAR2=2026&HG_NM=%EC%84%9C%EC%9A%B8%EC%95%95%EA%B5%AC%EC%A0%95%EC%B4%88%EB%93%B1%ED%95%99%EA%B5%90&SHL_IDF_CD=19eff7b8-89ef-4764-841e-68b1ddb95e6e&GS_TYPE=Y&JG_YEAR=2026&SORT=BR&CHOSEN_JG_YEAR=2026&PRE_JG_YEAR=2026&LOAD_TYPE=single,2026학년도 방과후·맞춤형프로그램 연간운영계획.hwp,,,,,,,,,,
expansion_seongnam_gangnam3,B000002298,서울역삼초등학교,서울특별시,2-가 문서에서 시정표를 찾지 못함(요약본이거나 표가 이미지일 수 있음),,https://www.schoolinfo.go.kr/ei/ss/Pneiss_b01_s0.do?SHL_IDF_CD=9670a132-da4d-4be4-80d6-e731421cf433,https://www.schoolinfo.go.kr/ei/pp/Pneipp_b14_s0p.do?GS_HANGMOK_CD=14&GS_HANGMOK_NO=2-%EA%B0%80&GS_HANGMOK_NM=%ED%95%99%EA%B5%90%EA%B5%90%EC%9C%A1%EA%B3%BC%EC%A0%95+%ED%8E%B8%EC%84%B1%E3%86%8D%EC%9A%B4%EC%98%81+%EB%B0%8F+%ED%8F%89%EA%B0%80%EC%97%90+%EA%B4%80%ED%95%9C+%EC%82%AC%ED%95%AD&GS_BURYU_CD=JG100&JG_BURYU_CD=JG020&JG_HANGMOK_CD=05&JG_GUBUN=1&JG_YEAR2=2026&HG_NM=%EC%84%9C%EC%9A%B8%EC%97%AD%EC%82%BC%EC%B4%88%EB%93%B1%ED%95%99%EA%B5%90&SHL_IDF_CD=9670a132-da4d-4be4-80d6-e731421cf433&GS_TYPE=Y&JG_YEAR=2026&SORT=BR&CHOSEN_JG_YEAR=2026&PRE_JG_YEAR=2026&LOAD_TYPE=single,2026 역삼초등학교 학교교육과정 편성 운영 및 평가에 관한 사항(교과체험활동 계획 포함).hwpx / 2026 역삼초등학교 연간학사일정.hwpx,https://www.schoolinfo.go.kr/ei/pp/Pneipp_b73_s0p.do?GS_HANGMOK_CD=73&GS_HANGMOK_NO=15-%EB%9D%BC&GS_HANGMOK_NM=%EB%B0%A9%EA%B3%BC%ED%9B%84%ED%95%99%EA%B5%90+%EC%9A%B4%EC%98%81+%EA%B3%84%ED%9A%8D+%EB%B0%8F+%EC%9A%B4%EC%98%81%E3%86%8D%EC%A7%80%EC%9B%90%ED%98%84%ED%99%A9&GS_BURYU_CD=JG130&JG_BURYU_CD=JG150&JG_HANGMOK_CD=59&JG_GUBUN=1&JG_YEAR2=2026&HG_NM=%EC%84%9C%EC%9A%B8%EC%97%AD%EC%82%BC%EC%B4%88%EB%93%B1%ED%95%99%EA%B5%90&SHL_IDF_CD=9670a132-da4d-4be4-80d6-e731421cf433&GS_TYPE=Y&JG_YEAR=2026&SORT=BR&CHOSEN_JG_YEAR=2026&PRE_JG_YEAR=2026&LOAD_TYPE=single,2026학년 돌봄교실 연간운영계획(안).hwp / 2026 방과후·맞춤형교실 연간운영계획(정보공시).hwp,,,,,,,,,,
expansion_seongnam_gangnam3,B000002299,서울대청초등학교,서울특별시,2-가 문서에서 시정표를 찾지 못함(요약본이거나 표가 이미지일 수 있음),15-라 계획에 1학년 오후돌봄 종료 시각이 없음 (공시 첨부에 1학년 돌봄 운영 시간 없음(방과후 계획 위주)),https://www.schoolinfo.go.kr/ei/ss/Pneiss_b01_s0.do?SHL_IDF_CD=b3266a34-f981-4984-8da7-44de97f2f5e4,https://www.schoolinfo.go.kr/ei/pp/Pneipp_b14_s0p.do?GS_HANGMOK_CD=14&GS_HANGMOK_NO=2-%EA%B0%80&GS_HANGMOK_NM=%ED%95%99%EA%B5%90%EA%B5%90%EC%9C%A1%EA%B3%BC%EC%A0%95+%ED%8E%B8%EC%84%B1%E3%86%8D%EC%9A%B4%EC%98%81+%EB%B0%8F+%ED%8F%89%EA%B0%80%EC%97%90+%EA%B4%80%ED%95%9C+%EC%82%AC%ED%95%AD&GS_BURYU_CD=JG100&JG_BURYU_CD=JG020&JG_HANGMOK_CD=05&JG_GUBUN=1&JG_YEAR2=2026&HG_NM=%EC%84%9C%EC%9A%B8%EB%8C%80%EC%B2%AD%EC%B4%88%EB%93%B1%ED%95%99%EA%B5%90&SHL_IDF_CD=b3266a34-f981-4984-8da7-44de97f2f5e4&GS_TYPE=Y&JG_YEAR=2026&SORT=BR&CHOSEN_JG_YEAR=2026&PRE_JG_YEAR=2026&LOAD_TYPE=single,2026학년도 서울대청초 학교교육과정 편성·운영·평가계획.hwpx / 2026학년도 서울대청초 연간학사일정.hwpx,https://www.schoolinfo.go.kr/ei/pp/Pneipp_b73_s0p.do?GS_HANGMOK_CD=73&GS_HANGMOK_NO=15-%EB%9D%BC&GS_HANGMOK_NM=%EB%B0%A9%EA%B3%BC%ED%9B%84%ED%95%99%EA%B5%90+%EC%9A%B4%EC%98%81+%EA%B3%84%ED%9A%8D+%EB%B0%8F+%EC%9A%B4%EC%98%81%E3%86%8D%EC%A7%80%EC%9B%90%ED%98%84%ED%99%A9&GS_BURYU_CD=JG130&JG_BURYU_CD=JG150&JG_HANGMOK_CD=59&JG_GUBUN=1&JG_YEAR2=2026&HG_NM=%EC%84%9C%EC%9A%B8%EB%8C%80%EC%B2%AD%EC%B4%88%EB%93%B1%ED%95%99%EA%B5%90&SHL_IDF_CD=b3266a34-f981-4984-8da7-44de97f2f5e4&GS_TYPE=Y&JG_YEAR=2026&SORT=BR&CHOSEN_JG_YEAR=2026&PRE_JG_YEAR=2026&LOAD_TYPE=single,1.2026 방과후·맞춤형교실 업체위탁 운영계획안.hwp,,,,,,,,,,
expansion_seongnam_gangnam3,B000002300,서울영희초등학교,서울특별시,2-가 첨부를 읽지 못함(파일 형식),15-라 계획에 1학년 오후돌봄 종료 시각이 없음 (공시 첨부에 1학년 돌봄 운영 시간 없음(방과후 계획 위주)),https://www.schoolinfo.go.kr/ei/ss/Pneiss_b01_s0.do?SHL_IDF_CD=c0c819e1-139e-46af-aa08-134deb7fd813,https://www.schoolinfo.go.kr/ei/pp/Pneipp_b14_s0p.do?GS_HANGMOK_CD=14&GS_HANGMOK_NO=2-%EA%B0%80&GS_HANGMOK_NM=%ED%95%99%EA%B5%90%EA%B5%90%EC%9C%A1%EA%B3%BC%EC%A0%95+%ED%8E%B8%EC%84%B1%E3%86%8D%EC%9A%B4%EC%98%81+%EB%B0%8F+%ED%8F%89%EA%B0%80%EC%97%90+%EA%B4%80%ED%95%9C+%EC%82%AC%ED%95%AD&GS_BURYU_CD=JG100&JG_BURYU_CD=JG020&JG_HANGMOK_CD=05&JG_GUBUN=1&JG_YEAR2=2026&HG_NM=%EC%84%9C%EC%9A%B8%EC%98%81%ED%9D%AC%EC%B4%88%EB%93%B1%ED%95%99%EA%B5%90&SHL_IDF_CD=c0c819e1-139e-46af-aa08-134deb7fd813&GS_TYPE=Y&JG_YEAR=2026&SORT=BR&CHOSEN_JG_YEAR=2026&PRE_JG_YEAR=2026&LOAD_TYPE=single,2026학년도 서울영희초등학교 학교교육계획서.zip,https://www.schoolinfo.go.kr/ei/pp/Pneipp_b73_s0p.do?GS_HANGMOK_CD=73&GS_HANGMOK_NO=15-%EB%9D%BC&GS_HANGMOK_NM=%EB%B0%A9%EA%B3%BC%ED%9B%84%ED%95%99%EA%B5%90+%EC%9A%B4%EC%98%81+%EA%B3%84%ED%9A%8D+%EB%B0%8F+%EC%9A%B4%EC%98%81%E3%86%8D%EC%A7%80%EC%9B%90%ED%98%84%ED%99%A9&GS_BURYU_CD=JG130&JG_BURYU_CD=JG150&JG_HANGMOK_CD=59&JG_GUBUN=1&JG_YEAR2=2026&HG_NM=%EC%84%9C%EC%9A%B8%EC%98%81%ED%9D%AC%EC%B4%88%EB%93%B1%ED%95%99%EA%B5%90&SHL_IDF_CD=c0c819e1-139e-46af-aa08-134deb7fd813&GS_TYPE=Y&JG_YEAR=2026&SORT=BR&CHOSEN_JG_YEAR=2026&PRE_JG_YEAR=2026&LOAD_TYPE=single,2026년 영희초 방과후·맞춤형 프로그램 운영계획(안).hwp,,,,,,,,,,
expansion_seongnam_gangnam3,B000002303,서울청담초등학교,서울특별시,체험 행사 일정표뿐,15-라 계획에 1학년 오후돌봄 종료 시각이 없음 (공시 첨부에 1학년 돌봄 운영 시간 없음(방과후 계획 위주)),https://www.schoolinfo.go.kr/ei/ss/Pneiss_b01_s0.do?SHL_IDF_CD=eb8e7e9c-a2be-48db-8577-81afc41c94f2,https://www.schoolinfo.go.kr/ei/pp/Pneipp_b14_s0p.do?GS_HANGMOK_CD=14&GS_HANGMOK_NO=2-%EA%B0%80&GS_HANGMOK_NM=%ED%95%99%EA%B5%90%EA%B5%90%EC%9C%A1%EA%B3%BC%EC%A0%95+%ED%8E%B8%EC%84%B1%E3%86%8D%EC%9A%B4%EC%98%81+%EB%B0%8F+%ED%8F%89%EA%B0%80%EC%97%90+%EA%B4%80%ED%95%9C+%EC%82%AC%ED%95%AD&GS_BURYU_CD=JG100&JG_BURYU_CD=JG020&JG_HANGMOK_CD=05&JG_GUBUN=1&JG_YEAR2=2026&HG_NM=%EC%84%9C%EC%9A%B8%EC%B2%AD%EB%8B%B4%EC%B4%88%EB%93%B1%ED%95%99%EA%B5%90&SHL_IDF_CD=eb8e7e9c-a2be-48db-8577-81afc41c94f2&GS_TYPE=Y&JG_YEAR=2026&SORT=BR&CHOSEN_JG_YEAR=2026&PRE_JG_YEAR=2026&LOAD_TYPE=single,"2026학년도 청담초 연간학사일정.hwpx / 2026학년도 청담초 학교교육과정 편성, 운영, 평가 계획.hwpx",https://www.schoolinfo.go.kr/ei/pp/Pneipp_b73_s0p.do?GS_HANGMOK_CD=73&GS_HANGMOK_NO=15-%EB%9D%BC&GS_HANGMOK_NM=%EB%B0%A9%EA%B3%BC%ED%9B%84%ED%95%99%EA%B5%90+%EC%9A%B4%EC%98%81+%EA%B3%84%ED%9A%8D+%EB%B0%8F+%EC%9A%B4%EC%98%81%E3%86%8D%EC%A7%80%EC%9B%90%ED%98%84%ED%99%A9&GS_BURYU_CD=JG130&JG_BURYU_CD=JG150&JG_HANGMOK_CD=59&JG_GUBUN=1&JG_YEAR2=2026&HG_NM=%EC%84%9C%EC%9A%B8%EC%B2%AD%EB%8B%B4%EC%B4%88%EB%93%B1%ED%95%99%EA%B5%90&SHL_IDF_CD=eb8e7e9c-a2be-48db-8577-81afc41c94f2&GS_TYPE=Y&JG_YEAR=2026&SORT=BR&CHOSEN_JG_YEAR=2026&PRE_JG_YEAR=2026&LOAD_TYPE=single,"2026학년도 방과후학교(방과후, 맞춤형) 프로그램 연간운영계획(안).hwp",,,,,,,,,,
expansion_seongnam_gangnam3,B000002304,서울포이초등학교,서울특별시,2-가 문서에서 시정표를 찾지 못함(요약본이거나 표가 이미지일 수 있음),,https://www.schoolinfo.go.kr/ei/ss/Pneiss_b01_s0.do?SHL_IDF_CD=cbd439b3-f280-4dfe-bbc2-9c480fe2bf18,https://www.schoolinfo.go.kr/ei/pp/Pneipp_b14_s0p.do?GS_HANGMOK_CD=14&GS_HANGMOK_NO=2-%EA%B0%80&GS_HANGMOK_NM=%ED%95%99%EA%B5%90%EA%B5%90%EC%9C%A1%EA%B3%BC%EC%A0%95+%ED%8E%B8%EC%84%B1%E3%86%8D%EC%9A%B4%EC%98%81+%EB%B0%8F+%ED%8F%89%EA%B0%80%EC%97%90+%EA%B4%80%ED%95%9C+%EC%82%AC%ED%95%AD&GS_BURYU_CD=JG100&JG_BURYU_CD=JG020&JG_HANGMOK_CD=05&JG_GUBUN=1&JG_YEAR2=2026&HG_NM=%EC%84%9C%EC%9A%B8%ED%8F%AC%EC%9D%B4%EC%B4%88%EB%93%B1%ED%95%99%EA%B5%90&SHL_IDF_CD=cbd439b3-f280-4dfe-bbc2-9c480fe2bf18&GS_TYPE=Y&JG_YEAR=2026&SORT=BR&CHOSEN_JG_YEAR=2026&PRE_JG_YEAR=2026&LOAD_TYPE=single,2026학년도 포이초 연간학사일정.hwpx / 2026학년도 포이초 학교교육과정 편성 운영 평가 계획.hwpx,https://www.schoolinfo.go.kr/ei/pp/Pneipp_b73_s0p.do?GS_HANGMOK_CD=73&GS_HANGMOK_NO=15-%EB%9D%BC&GS_HANGMOK_NM=%EB%B0%A9%EA%B3%BC%ED%9B%84%ED%95%99%EA%B5%90+%EC%9A%B4%EC%98%81+%EA%B3%84%ED%9A%8D+%EB%B0%8F+%EC%9A%B4%EC%98%81%E3%86%8D%EC%A7%80%EC%9B%90%ED%98%84%ED%99%A9&GS_BURYU_CD=JG130&JG_BURYU_CD=JG150&JG_HANGMOK_CD=59&JG_GUBUN=1&JG_YEAR2=2026&HG_NM=%EC%84%9C%EC%9A%B8%ED%8F%AC%EC%9D%B4%EC%B4%88%EB%93%B1%ED%95%99%EA%B5%90&SHL_IDF_CD=cbd439b3-f280-4dfe-bbc2-9c480fe2bf18&GS_TYPE=Y&JG_YEAR=2026&SORT=BR&CHOSEN_JG_YEAR=2026&PRE_JG_YEAR=2026&LOAD_TYPE=single,(포이초)2026학년도 더 좋은 맞춤형 방과후학교 여름방학 뉴스포츠 캠프 운영계획.hwp / (포이초)2026학년도 방과후맞춤형 운영계획.pdf / (포이초)2026학년도 초등돌봄교실 운영계획.pdf,,,,,,,,,,
expansion_seongnam_gangnam3,B000003707,성수초등학교,경기도,,15-라 계획에 1학년 오후돌봄 종료 시각이 없음 (공시 첨부에 1학년 돌봄 운영 시간 없음(방과후 계획 위주)),https://www.schoolinfo.go.kr/ei/ss/Pneiss_b01_s0.do?SHL_IDF_CD=c3f0fc0a-de0a-4a47-bd65-4f337b422309,https://www.schoolinfo.go.kr/ei/pp/Pneipp_b14_s0p.do?GS_HANGMOK_CD=14&GS_HANGMOK_NO=2-%EA%B0%80&GS_HANGMOK_NM=%ED%95%99%EA%B5%90%EA%B5%90%EC%9C%A1%EA%B3%BC%EC%A0%95+%ED%8E%B8%EC%84%B1%E3%86%8D%EC%9A%B4%EC%98%81+%EB%B0%8F+%ED%8F%89%EA%B0%80%EC%97%90+%EA%B4%80%ED%95%9C+%EC%82%AC%ED%95%AD&GS_BURYU_CD=JG100&JG_BURYU_CD=JG020&JG_HANGMOK_CD=05&JG_GUBUN=1&JG_YEAR2=2026&HG_NM=%EC%84%B1%EC%88%98%EC%B4%88%EB%93%B1%ED%95%99%EA%B5%90&SHL_IDF_CD=c3f0fc0a-de0a-4a47-bd65-4f337b422309&GS_TYPE=Y&JG_YEAR=2026&SORT=BR&CHOSEN_JG_YEAR=2026&PRE_JG_YEAR=2026&LOAD_TYPE=single,2026학년도 성수초등학교 학교교육과정 편성운영평가계획.hwp,https://www.schoolinfo.go.kr/ei/pp/Pneipp_b73_s0p.do?GS_HANGMOK_CD=73&GS_HANGMOK_NO=15-%EB%9D%BC&GS_HANGMOK_NM=%EB%B0%A9%EA%B3%BC%ED%9B%84%ED%95%99%EA%B5%90+%EC%9A%B4%EC%98%81+%EA%B3%84%ED%9A%8D+%EB%B0%8F+%EC%9A%B4%EC%98%81%E3%86%8D%EC%A7%80%EC%9B%90%ED%98%84%ED%99%A9&GS_BURYU_CD=JG130&JG_BURYU_CD=JG150&JG_HANGMOK_CD=59&JG_GUBUN=1&JG_YEAR2=2026&HG_NM=%EC%84%B1%EC%88%98%EC%B4%88%EB%93%B1%ED%95%99%EA%B5%90&SHL_IDF_CD=c3f0fc0a-de0a-4a47-bd65-4f337b422309&GS_TYPE=Y&JG_YEAR=2026&SORT=BR&CHOSEN_JG_YEAR=2026&PRE_JG_YEAR=2026&LOAD_TYPE=single,2026학년도 방과후 프로그램 운영계획.hwp,,,,,,,,,,
expansion_seongnam_gangnam3,B000003708,태평초등학교,경기도,2-가 문서에서 시정표를 찾지 못함(요약본이거나 표가 이미지일 수 있음),,https://www.schoolinfo.go.kr/ei/ss/Pneiss_b01_s0.do?SHL_IDF_CD=15f063c3-25f0-4b3e-9f85-2cb29570128f,https://www.schoolinfo.go.kr/ei/pp/Pneipp_b14_s0p.do?GS_HANGMOK_CD=14&GS_HANGMOK_NO=2-%EA%B0%80&GS_HANGMOK_NM=%ED%95%99%EA%B5%90%EA%B5%90%EC%9C%A1%EA%B3%BC%EC%A0%95+%ED%8E%B8%EC%84%B1%E3%86%8D%EC%9A%B4%EC%98%81+%EB%B0%8F+%ED%8F%89%EA%B0%80%EC%97%90+%EA%B4%80%ED%95%9C+%EC%82%AC%ED%95%AD&GS_BURYU_CD=JG100&JG_BURYU_CD=JG020&JG_HANGMOK_CD=05&JG_GUBUN=1&JG_YEAR2=2026&HG_NM=%ED%83%9C%ED%8F%89%EC%B4%88%EB%93%B1%ED%95%99%EA%B5%90&SHL_IDF_CD=15f063c3-25f0-4b3e-9f85-2cb29570128f&GS_TYPE=Y&JG_YEAR=2026&SORT=BR&CHOSEN_JG_YEAR=2026&PRE_JG_YEAR=2026&LOAD_TYPE=single,2026학년도 태평초 학습으로의 평가 운영계획.hwp / 2026학년도 태평초 연간학사일정.hwpx / 2026학년도 태평초 학교교육과정 편성 운영.hwpx,https://www.schoolinfo.go.kr/ei/pp/Pneipp_b73_s0p.do?GS_HANGMOK_CD=73&GS_HANGMOK_NO=15-%EB%9D%BC&GS_HANGMOK_NM=%EB%B0%A9%EA%B3%BC%ED%9B%84%ED%95%99%EA%B5%90+%EC%9A%B4%EC%98%81+%EA%B3%84%ED%9A%8D+%EB%B0%8F+%EC%9A%B4%EC%98%81%E3%86%8D%EC%A7%80%EC%9B%90%ED%98%84%ED%99%A9&GS_BURYU_CD=JG130&JG_BURYU_CD=JG150&JG_HANGMOK_CD=59&JG_GUBUN=1&JG_YEAR2=2026&HG_NM=%ED%83%9C%ED%8F%89%EC%B4%88%EB%93%B1%ED%95%99%EA%B5%90&SHL_IDF_CD=15f063c3-25f0-4b3e-9f85-2cb29570128f&GS_TYPE=Y&JG_YEAR=2026&SORT=BR&CHOSEN_JG_YEAR=2026&PRE_JG_YEAR=2026&LOAD_TYPE=single,2026학년도 태평초등학교 초등돌봄교실운영세부계획.hwp / 2026학년도 태평초등학교 방과후학교운영세부계획.hwp,,,,,,,,,,
expansion_seongnam_gangnam3,B000003710,복정초등학교,경기도,2-가 문서에서 시정표를 찾지 못함(요약본이거나 표가 이미지일 수 있음),,https://www.schoolinfo.go.kr/ei/ss/Pneiss_b01_s0.do?SHL_IDF_CD=4bc3c12a-2dfe-4bf5-a276-12756acdad05,https://www.schoolinfo.go.kr/ei/pp/Pneipp_b14_s0p.do?GS_HANGMOK_CD=14&GS_HANGMOK_NO=2-%EA%B0%80&GS_HANGMOK_NM=%ED%95%99%EA%B5%90%EA%B5%90%EC%9C%A1%EA%B3%BC%EC%A0%95+%ED%8E%B8%EC%84%B1%E3%86%8D%EC%9A%B4%EC%98%81+%EB%B0%8F+%ED%8F%89%EA%B0%80%EC%97%90+%EA%B4%80%ED%95%9C+%EC%82%AC%ED%95%AD&GS_BURYU_CD=JG100&JG_BURYU_CD=JG020&JG_HANGMOK_CD=05&JG_GUBUN=1&JG_YEAR2=2026&HG_NM=%EB%B3%B5%EC%A0%95%EC%B4%88%EB%93%B1%ED%95%99%EA%B5%90&SHL_IDF_CD=4bc3c12a-2dfe-4bf5-a276-12756acdad05&GS_TYPE=Y&JG_YEAR=2026&SORT=BR&CHOSEN_JG_YEAR=2026&PRE_JG_YEAR=2026&LOAD_TYPE=single,"학교교육과정 편성, 운영 및 평가.hwpx",https://www.schoolinfo.go.kr/ei/pp/Pneipp_b73_s0p.do?GS_HANGMOK_CD=73&GS_HANGMOK_NO=15-%EB%9D%BC&GS_HANGMOK_NM=%EB%B0%A9%EA%B3%BC%ED%9B%84%ED%95%99%EA%B5%90+%EC%9A%B4%EC%98%81+%EA%B3%84%ED%9A%8D+%EB%B0%8F+%EC%9A%B4%EC%98%81%E3%86%8D%EC%A7%80%EC%9B%90%ED%98%84%ED%99%A9&GS_BURYU_CD=JG130&JG_BURYU_CD=JG150&JG_HANGMOK_CD=59&JG_GUBUN=1&JG_YEAR2=2026&HG_NM=%EB%B3%B5%EC%A0%95%EC%B4%88%EB%93%B1%ED%95%99%EA%B5%90&SHL_IDF_CD=4bc3c12a-2dfe-4bf5-a276-12756acdad05&GS_TYPE=Y&JG_YEAR=2026&SORT=BR&CHOSEN_JG_YEAR=2026&PRE_JG_YEAR=2026&LOAD_TYPE=single,2026학년도 선택형 돌봄 운영계획.hwp / 2026 방과후 프로그램 운영계획.hwp,,,,,,,,,,
expansion_seongnam_gangnam3,B000003711,왕남초등학교,경기도,2-가 문서에서 시정표를 찾지 못함(요약본이거나 표가 이미지일 수 있음),,https://www.schoolinfo.go.kr/ei/ss/Pneiss_b01_s0.do?SHL_IDF_CD=ac63430b-67d4-4265-9d3e-f7f03b112bc9,https://www.schoolinfo.go.kr/ei/pp/Pneipp_b14_s0p.do?GS_HANGMOK_CD=14&GS_HANGMOK_NO=2-%EA%B0%80&GS_HANGMOK_NM=%ED%95%99%EA%B5%90%EA%B5%90%EC%9C%A1%EA%B3%BC%EC%A0%95+%ED%8E%B8%EC%84%B1%E3%86%8D%EC%9A%B4%EC%98%81+%EB%B0%8F+%ED%8F%89%EA%B0%80%EC%97%90+%EA%B4%80%ED%95%9C+%EC%82%AC%ED%95%AD&GS_BURYU_CD=JG100&JG_BURYU_CD=JG020&JG_HANGMOK_CD=05&JG_GUBUN=1&JG_YEAR2=2026&HG_NM=%EC%99%95%EB%82%A8%EC%B4%88%EB%93%B1%ED%95%99%EA%B5%90&SHL_IDF_CD=ac63430b-67d4-4265-9d3e-f7f03b112bc9&GS_TYPE=Y&JG_YEAR=2026&SORT=BR&CHOSEN_JG_YEAR=2026&PRE_JG_YEAR=2026&LOAD_TYPE=single,2026학년도 왕남초 연간학사일정.hwp / 2026학년도 왕남초 학교교육과정 편성·운영·평가에 관한 사항(교과체험활동 계획 포함).hwp,https://www.schoolinfo.go.kr/ei/pp/Pneipp_b73_s0p.do?GS_HANGMOK_CD=73&GS_HANGMOK_NO=15-%EB%9D%BC&GS_HANGMOK_NM=%EB%B0%A9%EA%B3%BC%ED%9B%84%ED%95%99%EA%B5%90+%EC%9A%B4%EC%98%81+%EA%B3%84%ED%9A%8D+%EB%B0%8F+%EC%9A%B4%EC%98%81%E3%86%8D%EC%A7%80%EC%9B%90%ED%98%84%ED%99%A9&GS_BURYU_CD=JG130&JG_BURYU_CD=JG150&JG_HANGMOK_CD=59&JG_GUBUN=1&JG_YEAR2=2026&HG_NM=%EC%99%95%EB%82%A8%EC%B4%88%EB%93%B1%ED%95%99%EA%B5%90&SHL_IDF_CD=ac63430b-67d4-4265-9d3e-f7f03b112bc9&GS_TYPE=Y&JG_YEAR=2026&SORT=BR&CHOSEN_JG_YEAR=2026&PRE_JG_YEAR=2026&LOAD_TYPE=single,2026학년도 왕남초 초동돌봄교실 운영 계획서.hwp / 2026학년도 왕남초등학교 방과후학교 연간운영계획.hwp,,,,,,,,,,
expansion_seongnam_gangnam3,B000003715,성남신흥초등학교,경기도,,15-라 계획에 1학년 오후돌봄 종료 시각이 없음 (공시 첨부에 1학년 돌봄 운영 시간 없음(방과후 계획 위주)),https://www.schoolinfo.go.kr/ei/ss/Pneiss_b01_s0.do?SHL_IDF_CD=f4f87202-6285-4228-9b0d-0f45a0cbef87,https://www.schoolinfo.go.kr/ei/pp/Pneipp_b14_s0p.do?GS_HANGMOK_CD=14&GS_HANGMOK_NO=2-%EA%B0%80&GS_HANGMOK_NM=%ED%95%99%EA%B5%90%EA%B5%90%EC%9C%A1%EA%B3%BC%EC%A0%95+%ED%8E%B8%EC%84%B1%E3%86%8D%EC%9A%B4%EC%98%81+%EB%B0%8F+%ED%8F%89%EA%B0%80%EC%97%90+%EA%B4%80%ED%95%9C+%EC%82%AC%ED%95%AD&GS_BURYU_CD=JG100&JG_BURYU_CD=JG020&JG_HANGMOK_CD=05&JG_GUBUN=1&JG_YEAR2=2026&HG_NM=%EC%84%B1%EB%82%A8%EC%8B%A0%ED%9D%A5%EC%B4%88%EB%93%B1%ED%95%99%EA%B5%90&SHL_IDF_CD=f4f87202-6285-4228-9b0d-0f45a0cbef87&GS_TYPE=Y&JG_YEAR=2026&SORT=BR&CHOSEN_JG_YEAR=2026&PRE_JG_YEAR=2026&LOAD_TYPE=single,학교운영위원회 교육과정 운영방법 심의안.hwp / 2026학년도 성남신흥 안전한 현장체험학습 계획.hwp / 2026학년도 성남신흥초등학교 연간학사일정.hwpx / 2026학년도 성남신흥초 학교교육과정 운영계획.hwp,https://www.schoolinfo.go.kr/ei/pp/Pneipp_b73_s0p.do?GS_HANGMOK_CD=73&GS_HANGMOK_NO=15-%EB%9D%BC&GS_HANGMOK_NM=%EB%B0%A9%EA%B3%BC%ED%9B%84%ED%95%99%EA%B5%90+%EC%9A%B4%EC%98%81+%EA%B3%84%ED%9A%8D+%EB%B0%8F+%EC%9A%B4%EC%98%81%E3%86%8D%EC%A7%80%EC%9B%90%ED%98%84%ED%99%A9&GS_BURYU_CD=JG130&JG_BURYU_CD=JG150&JG_HANGMOK_CD=59&JG_GUBUN=1&JG_YEAR2=2026&HG_NM=%EC%84%B1%EB%82%A8%EC%8B%A0%ED%9D%A5%EC%B4%88%EB%93%B1%ED%95%99%EA%B5%90&SHL_IDF_CD=f4f87202-6285-4228-9b0d-0f45a0cbef87&GS_TYPE=Y&JG_YEAR=2026&SORT=BR&CHOSEN_JG_YEAR=2026&PRE_JG_YEAR=2026&LOAD_TYPE=single,2026학년도 방과후교육 운영 계획.hwp,,,,,,,,,,
expansion_seongnam_gangnam3,B000003716,성남양지초등학교,경기도,2-가 문서에서 시정표를 찾지 못함(요약본이거나 표가 이미지일 수 있음),,https://www.schoolinfo.go.kr/ei/ss/Pneiss_b01_s0.do?SHL_IDF_CD=c5337add-92c6-40ca-8bc9-5724ed021c61,https://www.schoolinfo.go.kr/ei/pp/Pneipp_b14_s0p.do?GS_HANGMOK_CD=14&GS_HANGMOK_NO=2-%EA%B0%80&GS_HANGMOK_NM=%ED%95%99%EA%B5%90%EA%B5%90%EC%9C%A1%EA%B3%BC%EC%A0%95+%ED%8E%B8%EC%84%B1%E3%86%8D%EC%9A%B4%EC%98%81+%EB%B0%8F+%ED%8F%89%EA%B0%80%EC%97%90+%EA%B4%80%ED%95%9C+%EC%82%AC%ED%95%AD&GS_BURYU_CD=JG100&JG_BURYU_CD=JG020&JG_HANGMOK_CD=05&JG_GUBUN=1&JG_YEAR2=2026&HG_NM=%EC%84%B1%EB%82%A8%EC%96%91%EC%A7%80%EC%B4%88%EB%93%B1%ED%95%99%EA%B5%90&SHL_IDF_CD=c5337add-92c6-40ca-8bc9-5724ed021c61&GS_TYPE=Y&JG_YEAR=2026&SORT=BR&CHOSEN_JG_YEAR=2026&PRE_JG_YEAR=2026&LOAD_TYPE=single,학교교육과정 편성 및 운영 .hwpx,https://www.schoolinfo.go.kr/ei/pp/Pneipp_b73_s0p.do?GS_HANGMOK_CD=73&GS_HANGMOK_NO=15-%EB%9D%BC&GS_HANGMOK_NM=%EB%B0%A9%EA%B3%BC%ED%9B%84%ED%95%99%EA%B5%90+%EC%9A%B4%EC%98%81+%EA%B3%84%ED%9A%8D+%EB%B0%8F+%EC%9A%B4%EC%98%81%E3%86%8D%EC%A7%80%EC%9B%90%ED%98%84%ED%99%A9&GS_BURYU_CD=JG130&JG_BURYU_CD=JG150&JG_HANGMOK_CD=59&JG_GUBUN=1&JG_YEAR2=2026&HG_NM=%EC%84%B1%EB%82%A8%EC%96%91%EC%A7%80%EC%B4%88%EB%93%B1%ED%95%99%EA%B5%90&SHL_IDF_CD=c5337add-92c6-40ca-8bc9-5724ed021c61&GS_TYPE=Y&JG_YEAR=2026&SORT=BR&CHOSEN_JG_YEAR=2026&PRE_JG_YEAR=2026&LOAD_TYPE=single,2026학년도 방과후학교 운영 계획.hwp,,,,,,,,,,
expansion_seongnam_gangnam3,B000003717,금빛초등학교,경기도,시정표 제목만 있고 표 글자가 없음(이미지 표 가능),15-라 계획에 1학년 오후돌봄 종료 시각이 없음 (아침돌봄 시간만 있음),https://www.schoolinfo.go.kr/ei/ss/Pneiss_b01_s0.do?SHL_IDF_CD=f903d5de-313a-424b-a52e-3853a40491db,https://www.schoolinfo.go.kr/ei/pp/Pneipp_b14_s0p.do?GS_HANGMOK_CD=14&GS_HANGMOK_NO=2-%EA%B0%80&GS_HANGMOK_NM=%ED%95%99%EA%B5%90%EA%B5%90%EC%9C%A1%EA%B3%BC%EC%A0%95+%ED%8E%B8%EC%84%B1%E3%86%8D%EC%9A%B4%EC%98%81+%EB%B0%8F+%ED%8F%89%EA%B0%80%EC%97%90+%EA%B4%80%ED%95%9C+%EC%82%AC%ED%95%AD&GS_BURYU_CD=JG100&JG_BURYU_CD=JG020&JG_HANGMOK_CD=05&JG_GUBUN=1&JG_YEAR2=2026&HG_NM=%EA%B8%88%EB%B9%9B%EC%B4%88%EB%93%B1%ED%95%99%EA%B5%90&SHL_IDF_CD=f903d5de-313a-424b-a52e-3853a40491db&GS_TYPE=Y&JG_YEAR=2026&SORT=BR&CHOSEN_JG_YEAR=2026&PRE_JG_YEAR=2026&LOAD_TYPE=single,2026 금빛초 학교교육과정 편성운영 및 평가에 관한 사항.hwp,https://www.schoolinfo.go.kr/ei/pp/Pneipp_b73_s0p.do?GS_HANGMOK_CD=73&GS_HANGMOK_NO=15-%EB%9D%BC&GS_HANGMOK_NM=%EB%B0%A9%EA%B3%BC%ED%9B%84%ED%95%99%EA%B5%90+%EC%9A%B4%EC%98%81+%EA%B3%84%ED%9A%8D+%EB%B0%8F+%EC%9A%B4%EC%98%81%E3%86%8D%EC%A7%80%EC%9B%90%ED%98%84%ED%99%A9&GS_BURYU_CD=JG130&JG_BURYU_CD=JG150&JG_HANGMOK_CD=59&JG_GUBUN=1&JG_YEAR2=2026&HG_NM=%EA%B8%88%EB%B9%9B%EC%B4%88%EB%93%B1%ED%95%99%EA%B5%90&SHL_IDF_CD=f903d5de-313a-424b-a52e-3853a40491db&GS_TYPE=Y&JG_YEAR=2026&SORT=BR&CHOSEN_JG_YEAR=2026&PRE_JG_YEAR=2026&LOAD_TYPE=single,2026학년도 돌봄 및 방과후 프로그램 연간운영계획.hwpx,,,,,,,,,,
expansion_seongnam_gangnam3,B000003723,대일초등학교,경기도,,15-라 계획에 1학년 오후돌봄 종료 시각이 없음 (공시 첨부에 1학년 돌봄 운영 시간 없음(방과후 계획 위주)),https://www.schoolinfo.go.kr/ei/ss/Pneiss_b01_s0.do?SHL_IDF_CD=da056bed-640e-4b5c-a064-86dcc8418e03,https://www.schoolinfo.go.kr/ei/pp/Pneipp_b14_s0p.do?GS_HANGMOK_CD=14&GS_HANGMOK_NO=2-%EA%B0%80&GS_HANGMOK_NM=%ED%95%99%EA%B5%90%EA%B5%90%EC%9C%A1%EA%B3%BC%EC%A0%95+%ED%8E%B8%EC%84%B1%E3%86%8D%EC%9A%B4%EC%98%81+%EB%B0%8F+%ED%8F%89%EA%B0%80%EC%97%90+%EA%B4%80%ED%95%9C+%EC%82%AC%ED%95%AD&GS_BURYU_CD=JG100&JG_BURYU_CD=JG020&JG_HANGMOK_CD=05&JG_GUBUN=1&JG_YEAR2=2026&HG_NM=%EB%8C%80%EC%9D%BC%EC%B4%88%EB%93%B1%ED%95%99%EA%B5%90&SHL_IDF_CD=da056bed-640e-4b5c-a064-86dcc8418e03&GS_TYPE=Y&JG_YEAR=2026&SORT=BR&CHOSEN_JG_YEAR=2026&PRE_JG_YEAR=2026&LOAD_TYPE=single,2026학년도 대일초등학교 학교교육과정(정보공시용).hwp,https://www.schoolinfo.go.kr/ei/pp/Pneipp_b73_s0p.do?GS_HANGMOK_CD=73&GS_HANGMOK_NO=15-%EB%9D%BC&GS_HANGMOK_NM=%EB%B0%A9%EA%B3%BC%ED%9B%84%ED%95%99%EA%B5%90+%EC%9A%B4%EC%98%81+%EA%B3%84%ED%9A%8D+%EB%B0%8F+%EC%9A%B4%EC%98%81%E3%86%8D%EC%A7%80%EC%9B%90%ED%98%84%ED%99%A9&GS_BURYU_CD=JG130&JG_BURYU_CD=JG150&JG_HANGMOK_CD=59&JG_GUBUN=1&JG_YEAR2=2026&HG_NM=%EB%8C%80%EC%9D%BC%EC%B4%88%EB%93%B1%ED%95%99%EA%B5%90&SHL_IDF_CD=da056bed-640e-4b5c-a064-86dcc8418e03&GS_TYPE=Y&JG_YEAR=2026&SORT=BR&CHOSEN_JG_YEAR=2026&PRE_JG_YEAR=2026&LOAD_TYPE=single,2026학년도 방과후 프로그램 운영 계획-대일초.hwp,,,,,,,,,,
expansion_seongnam_gangnam3,B000003724,하원초등학교,경기도,2-가 문서에서 시정표를 찾지 못함(요약본이거나 표가 이미지일 수 있음),15-라 계획에 1학년 오후돌봄 종료 시각이 없음 (공시 첨부에 1학년 돌봄 운영 시간 없음(방과후 계획 위주)),https://www.schoolinfo.go.kr/ei/ss/Pneiss_b01_s0.do?SHL_IDF_CD=20709abe-355c-487c-a29d-3c23a0f8de84,https://www.schoolinfo.go.kr/ei/pp/Pneipp_b14_s0p.do?GS_HANGMOK_CD=14&GS_HANGMOK_NO=2-%EA%B0%80&GS_HANGMOK_NM=%ED%95%99%EA%B5%90%EA%B5%90%EC%9C%A1%EA%B3%BC%EC%A0%95+%ED%8E%B8%EC%84%B1%E3%86%8D%EC%9A%B4%EC%98%81+%EB%B0%8F+%ED%8F%89%EA%B0%80%EC%97%90+%EA%B4%80%ED%95%9C+%EC%82%AC%ED%95%AD&GS_BURYU_CD=JG100&JG_BURYU_CD=JG020&JG_HANGMOK_CD=05&JG_GUBUN=1&JG_YEAR2=2026&HG_NM=%ED%95%98%EC%9B%90%EC%B4%88%EB%93%B1%ED%95%99%EA%B5%90&SHL_IDF_CD=20709abe-355c-487c-a29d-3c23a0f8de84&GS_TYPE=Y&JG_YEAR=2026&SORT=BR&CHOSEN_JG_YEAR=2026&PRE_JG_YEAR=2026&LOAD_TYPE=single,2026학년도 하원초 학교교육과정 편성·운영·평가계획.hwpx,https://www.schoolinfo.go.kr/ei/pp/Pneipp_b73_s0p.do?GS_HANGMOK_CD=73&GS_HANGMOK_NO=15-%EB%9D%BC&GS_HANGMOK_NM=%EB%B0%A9%EA%B3%BC%ED%9B%84%ED%95%99%EA%B5%90+%EC%9A%B4%EC%98%81+%EA%B3%84%ED%9A%8D+%EB%B0%8F+%EC%9A%B4%EC%98%81%E3%86%8D%EC%A7%80%EC%9B%90%ED%98%84%ED%99%A9&GS_BURYU_CD=JG130&JG_BURYU_CD=JG150&JG_HANGMOK_CD=59&JG_GUBUN=1&JG_YEAR2=2026&HG_NM=%ED%95%98%EC%9B%90%EC%B4%88%EB%93%B1%ED%95%99%EA%B5%90&SHL_IDF_CD=20709abe-355c-487c-a29d-3c23a0f8de84&GS_TYPE=Y&JG_YEAR=2026&SORT=BR&CHOSEN_JG_YEAR=2026&PRE_JG_YEAR=2026&LOAD_TYPE=single,2026학년도 하원초 방과후 운영 계획(최종).hwpx,,,,,,,,,,
expansion_seongnam_gangnam3,B000003725,단남초등학교,경기도,2-가 문서에서 시정표를 찾지 못함(요약본이거나 표가 이미지일 수 있음),15-라 계획에 1학년 오후돌봄 종료 시각이 없음 (공시 첨부에 1학년 돌봄 운영 시간 없음(방과후 계획 위주)),https://www.schoolinfo.go.kr/ei/ss/Pneiss_b01_s0.do?SHL_IDF_CD=e3952386-5e86-479a-9b19-321550f34425,https://www.schoolinfo.go.kr/ei/pp/Pneipp_b14_s0p.do?GS_HANGMOK_CD=14&GS_HANGMOK_NO=2-%EA%B0%80&GS_HANGMOK_NM=%ED%95%99%EA%B5%90%EA%B5%90%EC%9C%A1%EA%B3%BC%EC%A0%95+%ED%8E%B8%EC%84%B1%E3%86%8D%EC%9A%B4%EC%98%81+%EB%B0%8F+%ED%8F%89%EA%B0%80%EC%97%90+%EA%B4%80%ED%95%9C+%EC%82%AC%ED%95%AD&GS_BURYU_CD=JG100&JG_BURYU_CD=JG020&JG_HANGMOK_CD=05&JG_GUBUN=1&JG_YEAR2=2026&HG_NM=%EB%8B%A8%EB%82%A8%EC%B4%88%EB%93%B1%ED%95%99%EA%B5%90&SHL_IDF_CD=e3952386-5e86-479a-9b19-321550f34425&GS_TYPE=Y&JG_YEAR=2026&SORT=BR&CHOSEN_JG_YEAR=2026&PRE_JG_YEAR=2026&LOAD_TYPE=single,2026학년도 단남초 학교교육과정 편성·운영·평가 계획.hwp,https://www.schoolinfo.go.kr/ei/pp/Pneipp_b73_s0p.do?GS_HANGMOK_CD=73&GS_HANGMOK_NO=15-%EB%9D%BC&GS_HANGMOK_NM=%EB%B0%A9%EA%B3%BC%ED%9B%84%ED%95%99%EA%B5%90+%EC%9A%B4%EC%98%81+%EA%B3%84%ED%9A%8D+%EB%B0%8F+%EC%9A%B4%EC%98%81%E3%86%8D%EC%A7%80%EC%9B%90%ED%98%84%ED%99%A9&GS_BURYU_CD=JG130&JG_BURYU_CD=JG150&JG_HANGMOK_CD=59&JG_GUBUN=1&JG_YEAR2=2026&HG_NM=%EB%8B%A8%EB%82%A8%EC%B4%88%EB%93%B1%ED%95%99%EA%B5%90&SHL_IDF_CD=e3952386-5e86-479a-9b19-321550f34425&GS_TYPE=Y&JG_YEAR=2026&SORT=BR&CHOSEN_JG_YEAR=2026&PRE_JG_YEAR=2026&LOAD_TYPE=single,2026학년도 방과후학교 연간운영 계획.hwpx,,,,,,,,,,
expansion_seongnam_gangnam3,B000003726,금상초등학교,경기도,,15-라 계획에 1학년 오후돌봄 종료 시각이 없음 (공시 첨부에 1학년 돌봄 운영 시간 없음(방과후 계획 위주)),https://www.schoolinfo.go.kr/ei/ss/Pneiss_b01_s0.do?SHL_IDF_CD=2c90f52d-6b9d-4a7f-8fd6-bc8c0236791d,https://www.schoolinfo.go.kr/ei/pp/Pneipp_b14_s0p.do?GS_HANGMOK_CD=14&GS_HANGMOK_NO=2-%EA%B0%80&GS_HANGMOK_NM=%ED%95%99%EA%B5%90%EA%B5%90%EC%9C%A1%EA%B3%BC%EC%A0%95+%ED%8E%B8%EC%84%B1%E3%86%8D%EC%9A%B4%EC%98%81+%EB%B0%8F+%ED%8F%89%EA%B0%80%EC%97%90+%EA%B4%80%ED%95%9C+%EC%82%AC%ED%95%AD&GS_BURYU_CD=JG100&JG_BURYU_CD=JG020&JG_HANGMOK_CD=05&JG_GUBUN=1&JG_YEAR2=2026&HG_NM=%EA%B8%88%EC%83%81%EC%B4%88%EB%93%B1%ED%95%99%EA%B5%90&SHL_IDF_CD=2c90f52d-6b9d-4a7f-8fd6-bc8c0236791d&GS_TYPE=Y&JG_YEAR=2026&SORT=BR&CHOSEN_JG_YEAR=2026&PRE_JG_YEAR=2026&LOAD_TYPE=single,2026학년도 금상초 학교교육과정_3.20..hwpx,https://www.schoolinfo.go.kr/ei/pp/Pneipp_b73_s0p.do?GS_HANGMOK_CD=73&GS_HANGMOK_NO=15-%EB%9D%BC&GS_HANGMOK_NM=%EB%B0%A9%EA%B3%BC%ED%9B%84%ED%95%99%EA%B5%90+%EC%9A%B4%EC%98%81+%EA%B3%84%ED%9A%8D+%EB%B0%8F+%EC%9A%B4%EC%98%81%E3%86%8D%EC%A7%80%EC%9B%90%ED%98%84%ED%99%A9&GS_BURYU_CD=JG130&JG_BURYU_CD=JG150&JG_HANGMOK_CD=59&JG_GUBUN=1&JG_YEAR2=2026&HG_NM=%EA%B8%88%EC%83%81%EC%B4%88%EB%93%B1%ED%95%99%EA%B5%90&SHL_IDF_CD=2c90f52d-6b9d-4a7f-8fd6-bc8c0236791d&GS_TYPE=Y&JG_YEAR=2026&SORT=BR&CHOSEN_JG_YEAR=2026&PRE_JG_YEAR=2026&LOAD_TYPE=single,2026학년도 방과후학교 및 맞춤형 프로그램 운영 계획(안)(수정).hwpx,,,,,,,,,,
expansion_seongnam_gangnam3,B000003739,당촌초등학교,경기도,,15-라 계획에 1학년 오후돌봄 종료 시각이 없음 (공시 첨부에 1학년 돌봄 운영 시간 없음(방과후 계획 위주)),https://www.schoolinfo.go.kr/ei/ss/Pneiss_b01_s0.do?SHL_IDF_CD=c7a5d54e-3e7b-455c-b179-87499d3d72f3,https://www.schoolinfo.go.kr/ei/pp/Pneipp_b14_s0p.do?GS_HANGMOK_CD=14&GS_HANGMOK_NO=2-%EA%B0%80&GS_HANGMOK_NM=%ED%95%99%EA%B5%90%EA%B5%90%EC%9C%A1%EA%B3%BC%EC%A0%95+%ED%8E%B8%EC%84%B1%E3%86%8D%EC%9A%B4%EC%98%81+%EB%B0%8F+%ED%8F%89%EA%B0%80%EC%97%90+%EA%B4%80%ED%95%9C+%EC%82%AC%ED%95%AD&GS_BURYU_CD=JG100&JG_BURYU_CD=JG020&JG_HANGMOK_CD=05&JG_GUBUN=1&JG_YEAR2=2026&HG_NM=%EB%8B%B9%EC%B4%8C%EC%B4%88%EB%93%B1%ED%95%99%EA%B5%90&SHL_IDF_CD=c7a5d54e-3e7b-455c-b179-87499d3d72f3&GS_TYPE=Y&JG_YEAR=2026&SORT=BR&CHOSEN_JG_YEAR=2026&PRE_JG_YEAR=2026&LOAD_TYPE=single,2026 당촌초 학교교육과정(3.16.).hwpx,https://www.schoolinfo.go.kr/ei/pp/Pneipp_b73_s0p.do?GS_HANGMOK_CD=73&GS_HANGMOK_NO=15-%EB%9D%BC&GS_HANGMOK_NM=%EB%B0%A9%EA%B3%BC%ED%9B%84%ED%95%99%EA%B5%90+%EC%9A%B4%EC%98%81+%EA%B3%84%ED%9A%8D+%EB%B0%8F+%EC%9A%B4%EC%98%81%E3%86%8D%EC%A7%80%EC%9B%90%ED%98%84%ED%99%A9&GS_BURYU_CD=JG130&JG_BURYU_CD=JG150&JG_HANGMOK_CD=59&JG_GUBUN=1&JG_YEAR2=2026&HG_NM=%EB%8B%B9%EC%B4%8C%EC%B4%88%EB%93%B1%ED%95%99%EA%B5%90&SHL_IDF_CD=c7a5d54e-3e7b-455c-b179-87499d3d72f3&GS_TYPE=Y&JG_YEAR=2026&SORT=BR&CHOSEN_JG_YEAR=2026&PRE_JG_YEAR=2026&LOAD_TYPE=single,2026 방과후돌봄운영계획.hwpx,,,,,,,,,,
expansion_seongnam_gangnam3,B000003743,보평초등학교,경기도,,15-라 계획에 1학년 오후돌봄 종료 시각이 없음 (공시 첨부에 1학년 돌봄 운영 시간 없음(방과후 계획 위주)),https://www.schoolinfo.go.kr/ei/ss/Pneiss_b01_s0.do?SHL_IDF_CD=d97bf351-0980-483b-9b46-bda8ea813809,https://www.schoolinfo.go.kr/ei/pp/Pneipp_b14_s0p.do?GS_HANGMOK_CD=14&GS_HANGMOK_NO=2-%EA%B0%80&GS_HANGMOK_NM=%ED%95%99%EA%B5%90%EA%B5%90%EC%9C%A1%EA%B3%BC%EC%A0%95+%ED%8E%B8%EC%84%B1%E3%86%8D%EC%9A%B4%EC%98%81+%EB%B0%8F+%ED%8F%89%EA%B0%80%EC%97%90+%EA%B4%80%ED%95%9C+%EC%82%AC%ED%95%AD&GS_BURYU_CD=JG100&JG_BURYU_CD=JG020&JG_HANGMOK_CD=05&JG_GUBUN=1&JG_YEAR2=2026&HG_NM=%EB%B3%B4%ED%8F%89%EC%B4%88%EB%93%B1%ED%95%99%EA%B5%90&SHL_IDF_CD=d97bf351-0980-483b-9b46-bda8ea813809&GS_TYPE=Y&JG_YEAR=2026&SORT=BR&CHOSEN_JG_YEAR=2026&PRE_JG_YEAR=2026&LOAD_TYPE=single,2026학년도 보평초 학교교육과정 편성 운영 평가계획.hwp / 2026학년도 보평초 연간학사일정 .hwpx,https://www.schoolinfo.go.kr/ei/pp/Pneipp_b73_s0p.do?GS_HANGMOK_CD=73&GS_HANGMOK_NO=15-%EB%9D%BC&GS_HANGMOK_NM=%EB%B0%A9%EA%B3%BC%ED%9B%84%ED%95%99%EA%B5%90+%EC%9A%B4%EC%98%81+%EA%B3%84%ED%9A%8D+%EB%B0%8F+%EC%9A%B4%EC%98%81%E3%86%8D%EC%A7%80%EC%9B%90%ED%98%84%ED%99%A9&GS_BURYU_CD=JG130&JG_BURYU_CD=JG150&JG_HANGMOK_CD=59&JG_GUBUN=1&JG_YEAR2=2026&HG_NM=%EB%B3%B4%ED%8F%89%EC%B4%88%EB%93%B1%ED%95%99%EA%B5%90&SHL_IDF_CD=d97bf351-0980-483b-9b46-bda8ea813809&GS_TYPE=Y&JG_YEAR=2026&SORT=BR&CHOSEN_JG_YEAR=2026&PRE_JG_YEAR=2026&LOAD_TYPE=single,2026학년도 방과후 운영 계획.hwp,,,,,,,,,,
expansion_seongnam_gangnam3,B000003745,낙생초등학교,경기도,2-가 문서에서 시정표를 찾지 못함(요약본이거나 표가 이미지일 수 있음),,https://www.schoolinfo.go.kr/ei/ss/Pneiss_b01_s0.do?SHL_IDF_CD=a08bd094-13a9-4615-95de-e42fd5f1693c,https://www.schoolinfo.go.kr/ei/pp/Pneipp_b14_s0p.do?GS_HANGMOK_CD=14&GS_HANGMOK_NO=2-%EA%B0%80&GS_HANGMOK_NM=%ED%95%99%EA%B5%90%EA%B5%90%EC%9C%A1%EA%B3%BC%EC%A0%95+%ED%8E%B8%EC%84%B1%E3%86%8D%EC%9A%B4%EC%98%81+%EB%B0%8F+%ED%8F%89%EA%B0%80%EC%97%90+%EA%B4%80%ED%95%9C+%EC%82%AC%ED%95%AD&GS_BURYU_CD=JG100&JG_BURYU_CD=JG020&JG_HANGMOK_CD=05&JG_GUBUN=1&JG_YEAR2=2026&HG_NM=%EB%82%99%EC%83%9D%EC%B4%88%EB%93%B1%ED%95%99%EA%B5%90&SHL_IDF_CD=a08bd094-13a9-4615-95de-e42fd5f1693c&GS_TYPE=Y&JG_YEAR=2026&SORT=BR&CHOSEN_JG_YEAR=2026&PRE_JG_YEAR=2026&LOAD_TYPE=single,2026학년도 낙생초 연간학사일정.pdf / 2026학년도 낙생초 학교교육과정 편성운영평가 계획.pdf,https://www.schoolinfo.go.kr/ei/pp/Pneipp_b73_s0p.do?GS_HANGMOK_CD=73&GS_HANGMOK_NO=15-%EB%9D%BC&GS_HANGMOK_NM=%EB%B0%A9%EA%B3%BC%ED%9B%84%ED%95%99%EA%B5%90+%EC%9A%B4%EC%98%81+%EA%B3%84%ED%9A%8D+%EB%B0%8F+%EC%9A%B4%EC%98%81%E3%86%8D%EC%A7%80%EC%9B%90%ED%98%84%ED%99%A9&GS_BURYU_CD=JG130&JG_BURYU_CD=JG150&JG_HANGMOK_CD=59&JG_GUBUN=1&JG_YEAR2=2026&HG_NM=%EB%82%99%EC%83%9D%EC%B4%88%EB%93%B1%ED%95%99%EA%B5%90&SHL_IDF_CD=a08bd094-13a9-4615-95de-e42fd5f1693c&GS_TYPE=Y&JG_YEAR=2026&SORT=BR&CHOSEN_JG_YEAR=2026&PRE_JG_YEAR=2026&LOAD_TYPE=single,2026학년도 낙생초 방과후·돌봄 운영계획.pdf,,,,,,,,,,
expansion_seongnam_gangnam3,B000003749,청솔초등학교,경기도,,15-라 계획에 1학년 오후돌봄 종료 시각이 없음 (공시 첨부에 1학년 돌봄 운영 시간 없음(방과후 계획 위주)),https://www.schoolinfo.go.kr/ei/ss/Pneiss_b01_s0.do?SHL_IDF_CD=61790737-8d27-499d-a021-5f7ffc653e3f,https://www.schoolinfo.go.kr/ei/pp/Pneipp_b14_s0p.do?GS_HANGMOK_CD=14&GS_HANGMOK_NO=2-%EA%B0%80&GS_HANGMOK_NM=%ED%95%99%EA%B5%90%EA%B5%90%EC%9C%A1%EA%B3%BC%EC%A0%95+%ED%8E%B8%EC%84%B1%E3%86%8D%EC%9A%B4%EC%98%81+%EB%B0%8F+%ED%8F%89%EA%B0%80%EC%97%90+%EA%B4%80%ED%95%9C+%EC%82%AC%ED%95%AD&GS_BURYU_CD=JG100&JG_BURYU_CD=JG020&JG_HANGMOK_CD=05&JG_GUBUN=1&JG_YEAR2=2026&HG_NM=%EC%B2%AD%EC%86%94%EC%B4%88%EB%93%B1%ED%95%99%EA%B5%90&SHL_IDF_CD=61790737-8d27-499d-a021-5f7ffc653e3f&GS_TYPE=Y&JG_YEAR=2026&SORT=BR&CHOSEN_JG_YEAR=2026&PRE_JG_YEAR=2026&LOAD_TYPE=single,2026 청솔초 학교교육과정.hwp,https://www.schoolinfo.go.kr/ei/pp/Pneipp_b73_s0p.do?GS_HANGMOK_CD=73&GS_HANGMOK_NO=15-%EB%9D%BC&GS_HANGMOK_NM=%EB%B0%A9%EA%B3%BC%ED%9B%84%ED%95%99%EA%B5%90+%EC%9A%B4%EC%98%81+%EA%B3%84%ED%9A%8D+%EB%B0%8F+%EC%9A%B4%EC%98%81%E3%86%8D%EC%A7%80%EC%9B%90%ED%98%84%ED%99%A9&GS_BURYU_CD=JG130&JG_BURYU_CD=JG150&JG_HANGMOK_CD=59&JG_GUBUN=1&JG_YEAR2=2026&HG_NM=%EC%B2%AD%EC%86%94%EC%B4%88%EB%93%B1%ED%95%99%EA%B5%90&SHL_IDF_CD=61790737-8d27-499d-a021-5f7ffc653e3f&GS_TYPE=Y&JG_YEAR=2026&SORT=BR&CHOSEN_JG_YEAR=2026&PRE_JG_YEAR=2026&LOAD_TYPE=single,2026학년도 방과후돌봄 운영계획.hwp,,,,,,,,,,
expansion_seongnam_gangnam3,B000003755,백현초등학교,경기도,2-가 문서에서 시정표를 찾지 못함(요약본이거나 표가 이미지일 수 있음),,https://www.schoolinfo.go.kr/ei/ss/Pneiss_b01_s0.do?SHL_IDF_CD=332807f9-3631-4141-9b38-437c9e83efa8,https://www.schoolinfo.go.kr/ei/pp/Pneipp_b14_s0p.do?GS_HANGMOK_CD=14&GS_HANGMOK_NO=2-%EA%B0%80&GS_HANGMOK_NM=%ED%95%99%EA%B5%90%EA%B5%90%EC%9C%A1%EA%B3%BC%EC%A0%95+%ED%8E%B8%EC%84%B1%E3%86%8D%EC%9A%B4%EC%98%81+%EB%B0%8F+%ED%8F%89%EA%B0%80%EC%97%90+%EA%B4%80%ED%95%9C+%EC%82%AC%ED%95%AD&GS_BURYU_CD=JG100&JG_BURYU_CD=JG020&JG_HANGMOK_CD=05&JG_GUBUN=1&JG_YEAR2=2026&HG_NM=%EB%B0%B1%ED%98%84%EC%B4%88%EB%93%B1%ED%95%99%EA%B5%90&SHL_IDF_CD=332807f9-3631-4141-9b38-437c9e83efa8&GS_TYPE=Y&JG_YEAR=2026&SORT=BR&CHOSEN_JG_YEAR=2026&PRE_JG_YEAR=2026&LOAD_TYPE=single,2-가. 학교교육과정 편성·운영 및 평가_백현초.hwpx / 2025 백현초 학교평가 결과 보고서(탑재용).pdf / 2026학년도 학사일정.hwpx,https://www.schoolinfo.go.kr/ei/pp/Pneipp_b73_s0p.do?GS_HANGMOK_CD=73&GS_HANGMOK_NO=15-%EB%9D%BC&GS_HANGMOK_NM=%EB%B0%A9%EA%B3%BC%ED%9B%84%ED%95%99%EA%B5%90+%EC%9A%B4%EC%98%81+%EA%B3%84%ED%9A%8D+%EB%B0%8F+%EC%9A%B4%EC%98%81%E3%86%8D%EC%A7%80%EC%9B%90%ED%98%84%ED%99%A9&GS_BURYU_CD=JG130&JG_BURYU_CD=JG150&JG_HANGMOK_CD=59&JG_GUBUN=1&JG_YEAR2=2026&HG_NM=%EB%B0%B1%ED%98%84%EC%B4%88%EB%93%B1%ED%95%99%EA%B5%90&SHL_IDF_CD=332807f9-3631-4141-9b38-437c9e83efa8&GS_TYPE=Y&JG_YEAR=2026&SORT=BR&CHOSEN_JG_YEAR=2026&PRE_JG_YEAR=2026&LOAD_TYPE=single,2026학년도 돌봄교실 연간 운영 계획.hwp / 2026학년도 수익자 방과후 연간 운영 계획.hwp,,,,,,,,,,
expansion_seongnam_gangnam3,B000003762,야탑초등학교,경기도,2-가 문서에서 시정표를 찾지 못함(요약본이거나 표가 이미지일 수 있음),15-라 계획에 1학년 오후돌봄 종료 시각이 없음 (아침돌봄 시간만 있음),https://www.schoolinfo.go.kr/ei/ss/Pneiss_b01_s0.do?SHL_IDF_CD=50755c0f-6c19-4ace-8201-1091084ed768,https://www.schoolinfo.go.kr/ei/pp/Pneipp_b14_s0p.do?GS_HANGMOK_CD=14&GS_HANGMOK_NO=2-%EA%B0%80&GS_HANGMOK_NM=%ED%95%99%EA%B5%90%EA%B5%90%EC%9C%A1%EA%B3%BC%EC%A0%95+%ED%8E%B8%EC%84%B1%E3%86%8D%EC%9A%B4%EC%98%81+%EB%B0%8F+%ED%8F%89%EA%B0%80%EC%97%90+%EA%B4%80%ED%95%9C+%EC%82%AC%ED%95%AD&GS_BURYU_CD=JG100&JG_BURYU_CD=JG020&JG_HANGMOK_CD=05&JG_GUBUN=1&JG_YEAR2=2026&HG_NM=%EC%95%BC%ED%83%91%EC%B4%88%EB%93%B1%ED%95%99%EA%B5%90&SHL_IDF_CD=50755c0f-6c19-4ace-8201-1091084ed768&GS_TYPE=Y&JG_YEAR=2026&SORT=BR&CHOSEN_JG_YEAR=2026&PRE_JG_YEAR=2026&LOAD_TYPE=single,2026학년도 야탑초 연간학사일정.pdf / 2026학년도 야탑초 학교교육과정 편성·운영·평가 계획.hwp,https://www.schoolinfo.go.kr/ei/pp/Pneipp_b73_s0p.do?GS_HANGMOK_CD=73&GS_HANGMOK_NO=15-%EB%9D%BC&GS_HANGMOK_NM=%EB%B0%A9%EA%B3%BC%ED%9B%84%ED%95%99%EA%B5%90+%EC%9A%B4%EC%98%81+%EA%B3%84%ED%9A%8D+%EB%B0%8F+%EC%9A%B4%EC%98%81%E3%86%8D%EC%A7%80%EC%9B%90%ED%98%84%ED%99%A9&GS_BURYU_CD=JG130&JG_BURYU_CD=JG150&JG_HANGMOK_CD=59&JG_GUBUN=1&JG_YEAR2=2026&HG_NM=%EC%95%BC%ED%83%91%EC%B4%88%EB%93%B1%ED%95%99%EA%B5%90&SHL_IDF_CD=50755c0f-6c19-4ace-8201-1091084ed768&GS_TYPE=Y&JG_YEAR=2026&SORT=BR&CHOSEN_JG_YEAR=2026&PRE_JG_YEAR=2026&LOAD_TYPE=single,2026학년도 야탑초 방과후·돌봄 운영 계획(정보공시).hwpx,,,,,,,,,,
expansion_seongnam_gangnam3,B000003764,성남장안초등학교,경기도,,15-라 계획에 1학년 오후돌봄 종료 시각이 없음 (공시 첨부에 1학년 돌봄 운영 시간 없음(방과후 계획 위주)),https://www.schoolinfo.go.kr/ei/ss/Pneiss_b01_s0.do?SHL_IDF_CD=e9aa54a5-6f18-4be7-868f-9a96fe219b7d,https://www.schoolinfo.go.kr/ei/pp/Pneipp_b14_s0p.do?GS_HANGMOK_CD=14&GS_HANGMOK_NO=2-%EA%B0%80&GS_HANGMOK_NM=%ED%95%99%EA%B5%90%EA%B5%90%EC%9C%A1%EA%B3%BC%EC%A0%95+%ED%8E%B8%EC%84%B1%E3%86%8D%EC%9A%B4%EC%98%81+%EB%B0%8F+%ED%8F%89%EA%B0%80%EC%97%90+%EA%B4%80%ED%95%9C+%EC%82%AC%ED%95%AD&GS_BURYU_CD=JG100&JG_BURYU_CD=JG020&JG_HANGMOK_CD=05&JG_GUBUN=1&JG_YEAR2=2026&HG_NM=%EC%84%B1%EB%82%A8%EC%9E%A5%EC%95%88%EC%B4%88%EB%93%B1%ED%95%99%EA%B5%90&SHL_IDF_CD=e9aa54a5-6f18-4be7-868f-9a96fe219b7d&GS_TYPE=Y&JG_YEAR=2026&SORT=BR&CHOSEN_JG_YEAR=2026&PRE_JG_YEAR=2026&LOAD_TYPE=single,2026학년도 성남장안초등학교 학교교육과정 편성 운영 및 평가 계획.hwp,https://www.schoolinfo.go.kr/ei/pp/Pneipp_b73_s0p.do?GS_HANGMOK_CD=73&GS_HANGMOK_NO=15-%EB%9D%BC&GS_HANGMOK_NM=%EB%B0%A9%EA%B3%BC%ED%9B%84%ED%95%99%EA%B5%90+%EC%9A%B4%EC%98%81+%EA%B3%84%ED%9A%8D+%EB%B0%8F+%EC%9A%B4%EC%98%81%E3%86%8D%EC%A7%80%EC%9B%90%ED%98%84%ED%99%A9&GS_BURYU_CD=JG130&JG_BURYU_CD=JG150&JG_HANGMOK_CD=59&JG_GUBUN=1&JG_YEAR2=2026&HG_NM=%EC%84%B1%EB%82%A8%EC%9E%A5%EC%95%88%EC%B4%88%EB%93%B1%ED%95%99%EA%B5%90&SHL_IDF_CD=e9aa54a5-6f18-4be7-868f-9a96fe219b7d&GS_TYPE=Y&JG_YEAR=2026&SORT=BR&CHOSEN_JG_YEAR=2026&PRE_JG_YEAR=2026&LOAD_TYPE=single,2026학년도 성남장안초 방과후학교 운영계획(안).hwp,,,,,,,,,,
expansion_seongnam_gangnam3,B000003766,늘푸른초등학교,경기도,2-가 문서에서 시정표를 찾지 못함(요약본이거나 표가 이미지일 수 있음),,https://www.schoolinfo.go.kr/ei/ss/Pneiss_b01_s0.do?SHL_IDF_CD=902416d3-c09c-4b3a-bf26-3fb6b9c05c43,https://www.schoolinfo.go.kr/ei/pp/Pneipp_b14_s0p.do?GS_HANGMOK_CD=14&GS_HANGMOK_NO=2-%EA%B0%80&GS_HANGMOK_NM=%ED%95%99%EA%B5%90%EA%B5%90%EC%9C%A1%EA%B3%BC%EC%A0%95+%ED%8E%B8%EC%84%B1%E3%86%8D%EC%9A%B4%EC%98%81+%EB%B0%8F+%ED%8F%89%EA%B0%80%EC%97%90+%EA%B4%80%ED%95%9C+%EC%82%AC%ED%95%AD&GS_BURYU_CD=JG100&JG_BURYU_CD=JG020&JG_HANGMOK_CD=05&JG_GUBUN=1&JG_YEAR2=2026&HG_NM=%EB%8A%98%ED%91%B8%EB%A5%B8%EC%B4%88%EB%93%B1%ED%95%99%EA%B5%90&SHL_IDF_CD=902416d3-c09c-4b3a-bf26-3fb6b9c05c43&GS_TYPE=Y&JG_YEAR=2026&SORT=BR&CHOSEN_JG_YEAR=2026&PRE_JG_YEAR=2026&LOAD_TYPE=single,2026학년도 늘푸른초 학교교육과정 편성 운영 평가계획(정보공시).hwp,https://www.schoolinfo.go.kr/ei/pp/Pneipp_b73_s0p.do?GS_HANGMOK_CD=73&GS_HANGMOK_NO=15-%EB%9D%BC&GS_HANGMOK_NM=%EB%B0%A9%EA%B3%BC%ED%9B%84%ED%95%99%EA%B5%90+%EC%9A%B4%EC%98%81+%EA%B3%84%ED%9A%8D+%EB%B0%8F+%EC%9A%B4%EC%98%81%E3%86%8D%EC%A7%80%EC%9B%90%ED%98%84%ED%99%A9&GS_BURYU_CD=JG130&JG_BURYU_CD=JG150&JG_HANGMOK_CD=59&JG_GUBUN=1&JG_YEAR2=2026&HG_NM=%EB%8A%98%ED%91%B8%EB%A5%B8%EC%B4%88%EB%93%B1%ED%95%99%EA%B5%90&SHL_IDF_CD=902416d3-c09c-4b3a-bf26-3fb6b9c05c43&GS_TYPE=Y&JG_YEAR=2026&SORT=BR&CHOSEN_JG_YEAR=2026&PRE_JG_YEAR=2026&LOAD_TYPE=single,2026 돌봄교실 운영 계획.hwp / 2026학년도 방과후돌봄 운영계획.hwp,,,,,,,,,,
expansion_seongnam_gangnam3,B000003767,중탑초등학교,경기도,2-가 문서에서 시정표를 찾지 못함(요약본이거나 표가 이미지일 수 있음),15-라 계획에 1학년 오후돌봄 종료 시각이 없음 (아침돌봄 시간만 있음),https://www.schoolinfo.go.kr/ei/ss/Pneiss_b01_s0.do?SHL_IDF_CD=84e56f86-0034-4a87-bb94-81b7e51eef20,https://www.schoolinfo.go.kr/ei/pp/Pneipp_b14_s0p.do?GS_HANGMOK_CD=14&GS_HANGMOK_NO=2-%EA%B0%80&GS_HANGMOK_NM=%ED%95%99%EA%B5%90%EA%B5%90%EC%9C%A1%EA%B3%BC%EC%A0%95+%ED%8E%B8%EC%84%B1%E3%86%8D%EC%9A%B4%EC%98%81+%EB%B0%8F+%ED%8F%89%EA%B0%80%EC%97%90+%EA%B4%80%ED%95%9C+%EC%82%AC%ED%95%AD&GS_BURYU_CD=JG100&JG_BURYU_CD=JG020&JG_HANGMOK_CD=05&JG_GUBUN=1&JG_YEAR2=2026&HG_NM=%EC%A4%91%ED%83%91%EC%B4%88%EB%93%B1%ED%95%99%EA%B5%90&SHL_IDF_CD=84e56f86-0034-4a87-bb94-81b7e51eef20&GS_TYPE=Y&JG_YEAR=2026&SORT=BR&CHOSEN_JG_YEAR=2026&PRE_JG_YEAR=2026&LOAD_TYPE=single,2026학년도 교육과정계획(4월 정보공시).hwp,https://www.schoolinfo.go.kr/ei/pp/Pneipp_b73_s0p.do?GS_HANGMOK_CD=73&GS_HANGMOK_NO=15-%EB%9D%BC&GS_HANGMOK_NM=%EB%B0%A9%EA%B3%BC%ED%9B%84%ED%95%99%EA%B5%90+%EC%9A%B4%EC%98%81+%EA%B3%84%ED%9A%8D+%EB%B0%8F+%EC%9A%B4%EC%98%81%E3%86%8D%EC%A7%80%EC%9B%90%ED%98%84%ED%99%A9&GS_BURYU_CD=JG130&JG_BURYU_CD=JG150&JG_HANGMOK_CD=59&JG_GUBUN=1&JG_YEAR2=2026&HG_NM=%EC%A4%91%ED%83%91%EC%B4%88%EB%93%B1%ED%95%99%EA%B5%90&SHL_IDF_CD=84e56f86-0034-4a87-bb94-81b7e51eef20&GS_TYPE=Y&JG_YEAR=2026&SORT=BR&CHOSEN_JG_YEAR=2026&PRE_JG_YEAR=2026&LOAD_TYPE=single,"2026학년도 중탑초 방과후[수익자, 초1-2 맞춤형 프로그램] 연간운영계획.hwp",,,,,,,,,,
expansion_seongnam_gangnam3,B000003768,돌마초등학교,경기도,,15-라 계획에 1학년 오후돌봄 종료 시각이 없음 (공시 첨부에 1학년 돌봄 운영 시간 없음(방과후 계획 위주)),https://www.schoolinfo.go.kr/ei/ss/Pneiss_b01_s0.do?SHL_IDF_CD=35430cd1-cd99-42d0-a580-d27823533e7b,https://www.schoolinfo.go.kr/ei/pp/Pneipp_b14_s0p.do?GS_HANGMOK_CD=14&GS_HANGMOK_NO=2-%EA%B0%80&GS_HANGMOK_NM=%ED%95%99%EA%B5%90%EA%B5%90%EC%9C%A1%EA%B3%BC%EC%A0%95+%ED%8E%B8%EC%84%B1%E3%86%8D%EC%9A%B4%EC%98%81+%EB%B0%8F+%ED%8F%89%EA%B0%80%EC%97%90+%EA%B4%80%ED%95%9C+%EC%82%AC%ED%95%AD&GS_BURYU_CD=JG100&JG_BURYU_CD=JG020&JG_HANGMOK_CD=05&JG_GUBUN=1&JG_YEAR2=2026&HG_NM=%EB%8F%8C%EB%A7%88%EC%B4%88%EB%93%B1%ED%95%99%EA%B5%90&SHL_IDF_CD=35430cd1-cd99-42d0-a580-d27823533e7b&GS_TYPE=Y&JG_YEAR=2026&SORT=BR&CHOSEN_JG_YEAR=2026&PRE_JG_YEAR=2026&LOAD_TYPE=single,(260230)2026학년도 돌마초 학교교육과정 편성운영 및 평가.hwp,https://www.schoolinfo.go.kr/ei/pp/Pneipp_b73_s0p.do?GS_HANGMOK_CD=73&GS_HANGMOK_NO=15-%EB%9D%BC&GS_HANGMOK_NM=%EB%B0%A9%EA%B3%BC%ED%9B%84%ED%95%99%EA%B5%90+%EC%9A%B4%EC%98%81+%EA%B3%84%ED%9A%8D+%EB%B0%8F+%EC%9A%B4%EC%98%81%E3%86%8D%EC%A7%80%EC%9B%90%ED%98%84%ED%99%A9&GS_BURYU_CD=JG130&JG_BURYU_CD=JG150&JG_HANGMOK_CD=59&JG_GUBUN=1&JG_YEAR2=2026&HG_NM=%EB%8F%8C%EB%A7%88%EC%B4%88%EB%93%B1%ED%95%99%EA%B5%90&SHL_IDF_CD=35430cd1-cd99-42d0-a580-d27823533e7b&GS_TYPE=Y&JG_YEAR=2026&SORT=BR&CHOSEN_JG_YEAR=2026&PRE_JG_YEAR=2026&LOAD_TYPE=single,2026학년도 돌마초 방과후학교 운영 세부 추진계획(학교운영위원회 심의안).hwp,,,,,,,,,,
expansion_seongnam_gangnam3,B000003771,성남정자초등학교,경기도,,15-라 계획에 1학년 오후돌봄 종료 시각이 없음 (공시 첨부에 1학년 돌봄 운영 시간 없음(방과후 계획 위주)),https://www.schoolinfo.go.kr/ei/ss/Pneiss_b01_s0.do?SHL_IDF_CD=45c23c4f-94be-415e-9810-bc75022f2da9,https://www.schoolinfo.go.kr/ei/pp/Pneipp_b14_s0p.do?GS_HANGMOK_CD=14&GS_HANGMOK_NO=2-%EA%B0%80&GS_HANGMOK_NM=%ED%95%99%EA%B5%90%EA%B5%90%EC%9C%A1%EA%B3%BC%EC%A0%95+%ED%8E%B8%EC%84%B1%E3%86%8D%EC%9A%B4%EC%98%81+%EB%B0%8F+%ED%8F%89%EA%B0%80%EC%97%90+%EA%B4%80%ED%95%9C+%EC%82%AC%ED%95%AD&GS_BURYU_CD=JG100&JG_BURYU_CD=JG020&JG_HANGMOK_CD=05&JG_GUBUN=1&JG_YEAR2=2026&HG_NM=%EC%84%B1%EB%82%A8%EC%A0%95%EC%9E%90%EC%B4%88%EB%93%B1%ED%95%99%EA%B5%90&SHL_IDF_CD=45c23c4f-94be-415e-9810-bc75022f2da9&GS_TYPE=Y&JG_YEAR=2026&SORT=BR&CHOSEN_JG_YEAR=2026&PRE_JG_YEAR=2026&LOAD_TYPE=single,2026학년도 성남정자초 학교교육과정 편성 운영 및 평가 계획.pdf,https://www.schoolinfo.go.kr/ei/pp/Pneipp_b73_s0p.do?GS_HANGMOK_CD=73&GS_HANGMOK_NO=15-%EB%9D%BC&GS_HANGMOK_NM=%EB%B0%A9%EA%B3%BC%ED%9B%84%ED%95%99%EA%B5%90+%EC%9A%B4%EC%98%81+%EA%B3%84%ED%9A%8D+%EB%B0%8F+%EC%9A%B4%EC%98%81%E3%86%8D%EC%A7%80%EC%9B%90%ED%98%84%ED%99%A9&GS_BURYU_CD=JG130&JG_BURYU_CD=JG150&JG_HANGMOK_CD=59&JG_GUBUN=1&JG_YEAR2=2026&HG_NM=%EC%84%B1%EB%82%A8%EC%A0%95%EC%9E%90%EC%B4%88%EB%93%B1%ED%95%99%EA%B5%90&SHL_IDF_CD=45c23c4f-94be-415e-9810-bc75022f2da9&GS_TYPE=Y&JG_YEAR=2026&SORT=BR&CHOSEN_JG_YEAR=2026&PRE_JG_YEAR=2026&LOAD_TYPE=single,2026학년도 방과후 운영 계획 (1).hwp,,,,,,,,,,
expansion_seongnam_gangnam3,B000003772,수내초등학교,경기도,2-가 문서에서 시정표를 찾지 못함(요약본이거나 표가 이미지일 수 있음),,https://www.schoolinfo.go.kr/ei/ss/Pneiss_b01_s0.do?SHL_IDF_CD=08b9716d-6f0e-459d-9122-022daee936eb,https://www.schoolinfo.go.kr/ei/pp/Pneipp_b14_s0p.do?GS_HANGMOK_CD=14&GS_HANGMOK_NO=2-%EA%B0%80&GS_HANGMOK_NM=%ED%95%99%EA%B5%90%EA%B5%90%EC%9C%A1%EA%B3%BC%EC%A0%95+%ED%8E%B8%EC%84%B1%E3%86%8D%EC%9A%B4%EC%98%81+%EB%B0%8F+%ED%8F%89%EA%B0%80%EC%97%90+%EA%B4%80%ED%95%9C+%EC%82%AC%ED%95%AD&GS_BURYU_CD=JG100&JG_BURYU_CD=JG020&JG_HANGMOK_CD=05&JG_GUBUN=1&JG_YEAR2=2026&HG_NM=%EC%88%98%EB%82%B4%EC%B4%88%EB%93%B1%ED%95%99%EA%B5%90&SHL_IDF_CD=08b9716d-6f0e-459d-9122-022daee936eb&GS_TYPE=Y&JG_YEAR=2026&SORT=BR&CHOSEN_JG_YEAR=2026&PRE_JG_YEAR=2026&LOAD_TYPE=single,2026학년도 수내초등학교 연간학사일정.hwp / 2026학년도 수내초등학교 학교교육과정 편성운영 및 평가계획.hwp,https://www.schoolinfo.go.kr/ei/pp/Pneipp_b73_s0p.do?GS_HANGMOK_CD=73&GS_HANGMOK_NO=15-%EB%9D%BC&GS_HANGMOK_NM=%EB%B0%A9%EA%B3%BC%ED%9B%84%ED%95%99%EA%B5%90+%EC%9A%B4%EC%98%81+%EA%B3%84%ED%9A%8D+%EB%B0%8F+%EC%9A%B4%EC%98%81%E3%86%8D%EC%A7%80%EC%9B%90%ED%98%84%ED%99%A9&GS_BURYU_CD=JG130&JG_BURYU_CD=JG150&JG_HANGMOK_CD=59&JG_GUBUN=1&JG_YEAR2=2026&HG_NM=%EC%88%98%EB%82%B4%EC%B4%88%EB%93%B1%ED%95%99%EA%B5%90&SHL_IDF_CD=08b9716d-6f0e-459d-9122-022daee936eb&GS_TYPE=Y&JG_YEAR=2026&SORT=BR&CHOSEN_JG_YEAR=2026&PRE_JG_YEAR=2026&LOAD_TYPE=single,2026학년도 수내초 방과후·돌봄 운영 계획.hwpx,,,,,,,,,,
expansion_seongnam_gangnam3,B000024195,성남여수초등학교,경기도,시정표 제목만 있고 표 글자가 없음(이미지 표 가능),,https://www.schoolinfo.go.kr/ei/ss/Pneiss_b01_s0.do?SHL_IDF_CD=bd96568c-7c08-48b2-ab66-c171b4980e76,https://www.schoolinfo.go.kr/ei/pp/Pneipp_b14_s0p.do?GS_HANGMOK_CD=14&GS_HANGMOK_NO=2-%EA%B0%80&GS_HANGMOK_NM=%ED%95%99%EA%B5%90%EA%B5%90%EC%9C%A1%EA%B3%BC%EC%A0%95+%ED%8E%B8%EC%84%B1%E3%86%8D%EC%9A%B4%EC%98%81+%EB%B0%8F+%ED%8F%89%EA%B0%80%EC%97%90+%EA%B4%80%ED%95%9C+%EC%82%AC%ED%95%AD&GS_BURYU_CD=JG100&JG_BURYU_CD=JG020&JG_HANGMOK_CD=05&JG_GUBUN=1&JG_YEAR2=2026&HG_NM=%EC%84%B1%EB%82%A8%EC%97%AC%EC%88%98%EC%B4%88%EB%93%B1%ED%95%99%EA%B5%90&SHL_IDF_CD=bd96568c-7c08-48b2-ab66-c171b4980e76&GS_TYPE=Y&JG_YEAR=2026&SORT=BR&CHOSEN_JG_YEAR=2026&PRE_JG_YEAR=2026&LOAD_TYPE=single,2026 성남여수초 학교교육과정(정보공시-개인정보 삭제).pdf,https://www.schoolinfo.go.kr/ei/pp/Pneipp_b73_s0p.do?GS_HANGMOK_CD=73&GS_HANGMOK_NO=15-%EB%9D%BC&GS_HANGMOK_NM=%EB%B0%A9%EA%B3%BC%ED%9B%84%ED%95%99%EA%B5%90+%EC%9A%B4%EC%98%81+%EA%B3%84%ED%9A%8D+%EB%B0%8F+%EC%9A%B4%EC%98%81%E3%86%8D%EC%A7%80%EC%9B%90%ED%98%84%ED%99%A9&GS_BURYU_CD=JG130&JG_BURYU_CD=JG150&JG_HANGMOK_CD=59&JG_GUBUN=1&JG_YEAR2=2026&HG_NM=%EC%84%B1%EB%82%A8%EC%97%AC%EC%88%98%EC%B4%88%EB%93%B1%ED%95%99%EA%B5%90&SHL_IDF_CD=bd96568c-7c08-48b2-ab66-c171b4980e76&GS_TYPE=Y&JG_YEAR=2026&SORT=BR&CHOSEN_JG_YEAR=2026&PRE_JG_YEAR=2026&LOAD_TYPE=single,2026학년도 초등방과후 돌봄 운영계획.hwp / 2026학년도 돌봄교실 연간 운영계획.hwp,,,,,,,,,,
expansion_seongnam_gangnam3,B000024239,위례푸른초등학교,경기도,,15-라 계획에 1학년 오후돌봄 종료 시각이 없음 (공시 첨부에 1학년 돌봄 운영 시간 없음(방과후 계획 위주)),https://www.schoolinfo.go.kr/ei/ss/Pneiss_b01_s0.do?SHL_IDF_CD=c7c294a9-10d4-4ee1-9912-b4eae294d872,https://www.schoolinfo.go.kr/ei/pp/Pneipp_b14_s0p.do?GS_HANGMOK_CD=14&GS_HANGMOK_NO=2-%EA%B0%80&GS_HANGMOK_NM=%ED%95%99%EA%B5%90%EA%B5%90%EC%9C%A1%EA%B3%BC%EC%A0%95+%ED%8E%B8%EC%84%B1%E3%86%8D%EC%9A%B4%EC%98%81+%EB%B0%8F+%ED%8F%89%EA%B0%80%EC%97%90+%EA%B4%80%ED%95%9C+%EC%82%AC%ED%95%AD&GS_BURYU_CD=JG100&JG_BURYU_CD=JG020&JG_HANGMOK_CD=05&JG_GUBUN=1&JG_YEAR2=2026&HG_NM=%EC%9C%84%EB%A1%80%ED%91%B8%EB%A5%B8%EC%B4%88%EB%93%B1%ED%95%99%EA%B5%90&SHL_IDF_CD=c7c294a9-10d4-4ee1-9912-b4eae294d872&GS_TYPE=Y&JG_YEAR=2026&SORT=BR&CHOSEN_JG_YEAR=2026&PRE_JG_YEAR=2026&LOAD_TYPE=single,2026학년도 학교교육과정(3.27.).hwp,https://www.schoolinfo.go.kr/ei/pp/Pneipp_b73_s0p.do?GS_HANGMOK_CD=73&GS_HANGMOK_NO=15-%EB%9D%BC&GS_HANGMOK_NM=%EB%B0%A9%EA%B3%BC%ED%9B%84%ED%95%99%EA%B5%90+%EC%9A%B4%EC%98%81+%EA%B3%84%ED%9A%8D+%EB%B0%8F+%EC%9A%B4%EC%98%81%E3%86%8D%EC%A7%80%EC%9B%90%ED%98%84%ED%99%A9&GS_BURYU_CD=JG130&JG_BURYU_CD=JG150&JG_HANGMOK_CD=59&JG_GUBUN=1&JG_YEAR2=2026&HG_NM=%EC%9C%84%EB%A1%80%ED%91%B8%EB%A5%B8%EC%B4%88%EB%93%B1%ED%95%99%EA%B5%90&SHL_IDF_CD=c7c294a9-10d4-4ee1-9912-b4eae294d872&GS_TYPE=Y&JG_YEAR=2026&SORT=BR&CHOSEN_JG_YEAR=2026&PRE_JG_YEAR=2026&LOAD_TYPE=single,2026학년도 방과후 프로그램 운영 계획(위례푸른초).hwp,,,,,,,,,,
expansion_seongnam_gangnam3,B000024506,서울우솔초등학교,서울특별시,,15-라 계획에 1학년 오후돌봄 종료 시각이 없음 (공시 첨부에 1학년 돌봄 운영 시간 없음(방과후 계획 위주)),https://www.schoolinfo.go.kr/ei/ss/Pneiss_b01_s0.do?SHL_IDF_CD=0eb1ae7e-4be3-49f8-baae-9a118180b218,https://www.schoolinfo.go.kr/ei/pp/Pneipp_b14_s0p.do?GS_HANGMOK_CD=14&GS_HANGMOK_NO=2-%EA%B0%80&GS_HANGMOK_NM=%ED%95%99%EA%B5%90%EA%B5%90%EC%9C%A1%EA%B3%BC%EC%A0%95+%ED%8E%B8%EC%84%B1%E3%86%8D%EC%9A%B4%EC%98%81+%EB%B0%8F+%ED%8F%89%EA%B0%80%EC%97%90+%EA%B4%80%ED%95%9C+%EC%82%AC%ED%95%AD&GS_BURYU_CD=JG100&JG_BURYU_CD=JG020&JG_HANGMOK_CD=05&JG_GUBUN=1&JG_YEAR2=2026&HG_NM=%EC%84%9C%EC%9A%B8%EC%9A%B0%EC%86%94%EC%B4%88%EB%93%B1%ED%95%99%EA%B5%90&SHL_IDF_CD=0eb1ae7e-4be3-49f8-baae-9a118180b218&GS_TYPE=Y&JG_YEAR=2026&SORT=BR&CHOSEN_JG_YEAR=2026&PRE_JG_YEAR=2026&LOAD_TYPE=single,"2026학년도 학교교육과정 편성, 운영 및 학생평가 계획.hwp",https://www.schoolinfo.go.kr/ei/pp/Pneipp_b73_s0p.do?GS_HANGMOK_CD=73&GS_HANGMOK_NO=15-%EB%9D%BC&GS_HANGMOK_NM=%EB%B0%A9%EA%B3%BC%ED%9B%84%ED%95%99%EA%B5%90+%EC%9A%B4%EC%98%81+%EA%B3%84%ED%9A%8D+%EB%B0%8F+%EC%9A%B4%EC%98%81%E3%86%8D%EC%A7%80%EC%9B%90%ED%98%84%ED%99%A9&GS_BURYU_CD=JG130&JG_BURYU_CD=JG150&JG_HANGMOK_CD=59&JG_GUBUN=1&JG_YEAR2=2026&HG_NM=%EC%84%9C%EC%9A%B8%EC%9A%B0%EC%86%94%EC%B4%88%EB%93%B1%ED%95%99%EA%B5%90&SHL_IDF_CD=0eb1ae7e-4be3-49f8-baae-9a118180b218&GS_TYPE=Y&JG_YEAR=2026&SORT=BR&CHOSEN_JG_YEAR=2026&PRE_JG_YEAR=2026&LOAD_TYPE=single,2026학년도 방과후교실 연간 운영 계획.hwp,,,,,,,,,,
expansion_seongnam_gangnam3,B000025000,서울자곡초등학교,서울특별시,,15-라 계획에 1학년 오후돌봄 종료 시각이 없음 (공시 첨부에 1학년 돌봄 운영 시간 없음(방과후 계획 위주)),https://www.schoolinfo.go.kr/ei/ss/Pneiss_b01_s0.do?SHL_IDF_CD=db31ec3b-18c3-4c8c-9288-bbbca8f28114,https://www.schoolinfo.go.kr/ei/pp/Pneipp_b14_s0p.do?GS_HANGMOK_CD=14&GS_HANGMOK_NO=2-%EA%B0%80&GS_HANGMOK_NM=%ED%95%99%EA%B5%90%EA%B5%90%EC%9C%A1%EA%B3%BC%EC%A0%95+%ED%8E%B8%EC%84%B1%E3%86%8D%EC%9A%B4%EC%98%81+%EB%B0%8F+%ED%8F%89%EA%B0%80%EC%97%90+%EA%B4%80%ED%95%9C+%EC%82%AC%ED%95%AD&GS_BURYU_CD=JG100&JG_BURYU_CD=JG020&JG_HANGMOK_CD=05&JG_GUBUN=1&JG_YEAR2=2026&HG_NM=%EC%84%9C%EC%9A%B8%EC%9E%90%EA%B3%A1%EC%B4%88%EB%93%B1%ED%95%99%EA%B5%90&SHL_IDF_CD=db31ec3b-18c3-4c8c-9288-bbbca8f28114&GS_TYPE=Y&JG_YEAR=2026&SORT=BR&CHOSEN_JG_YEAR=2026&PRE_JG_YEAR=2026&LOAD_TYPE=single,2026학년도 자곡초 연간학사 일정.hwpx / 2026학년도 자곡초 학교교육과정 편성 운영 및 평가 계획.hwpx,https://www.schoolinfo.go.kr/ei/pp/Pneipp_b73_s0p.do?GS_HANGMOK_CD=73&GS_HANGMOK_NO=15-%EB%9D%BC&GS_HANGMOK_NM=%EB%B0%A9%EA%B3%BC%ED%9B%84%ED%95%99%EA%B5%90+%EC%9A%B4%EC%98%81+%EA%B3%84%ED%9A%8D+%EB%B0%8F+%EC%9A%B4%EC%98%81%E3%86%8D%EC%A7%80%EC%9B%90%ED%98%84%ED%99%A9&GS_BURYU_CD=JG130&JG_BURYU_CD=JG150&JG_HANGMOK_CD=59&JG_GUBUN=1&JG_YEAR2=2026&HG_NM=%EC%84%9C%EC%9A%B8%EC%9E%90%EA%B3%A1%EC%B4%88%EB%93%B1%ED%95%99%EA%B5%90&SHL_IDF_CD=db31ec3b-18c3-4c8c-9288-bbbca8f28114&GS_TYPE=Y&JG_YEAR=2026&SORT=BR&CHOSEN_JG_YEAR=2026&PRE_JG_YEAR=2026&LOAD_TYPE=single,(서울00초등학교-1796) (학운위)2026학년도 방과후·맞춤형 프로그램 운영 외 심의.pdf,,,,,,,,,,
expansion_seongnam_gangnam3,B000025001,서울율현초등학교,서울특별시,2-가 문서에서 시정표를 찾지 못함(요약본이거나 표가 이미지일 수 있음),15-라 계획에 1학년 오후돌봄 종료 시각이 없음 (공시 첨부에 1학년 돌봄 운영 시간 없음(방과후 계획 위주)),https://www.schoolinfo.go.kr/ei/ss/Pneiss_b01_s0.do?SHL_IDF_CD=9b3778f3-f5de-4cf3-bfe7-7105baf710e0,https://www.schoolinfo.go.kr/ei/pp/Pneipp_b14_s0p.do?GS_HANGMOK_CD=14&GS_HANGMOK_NO=2-%EA%B0%80&GS_HANGMOK_NM=%ED%95%99%EA%B5%90%EA%B5%90%EC%9C%A1%EA%B3%BC%EC%A0%95+%ED%8E%B8%EC%84%B1%E3%86%8D%EC%9A%B4%EC%98%81+%EB%B0%8F+%ED%8F%89%EA%B0%80%EC%97%90+%EA%B4%80%ED%95%9C+%EC%82%AC%ED%95%AD&GS_BURYU_CD=JG100&JG_BURYU_CD=JG020&JG_HANGMOK_CD=05&JG_GUBUN=1&JG_YEAR2=2026&HG_NM=%EC%84%9C%EC%9A%B8%EC%9C%A8%ED%98%84%EC%B4%88%EB%93%B1%ED%95%99%EA%B5%90&SHL_IDF_CD=9b3778f3-f5de-4cf3-bfe7-7105baf710e0&GS_TYPE=Y&JG_YEAR=2026&SORT=BR&CHOSEN_JG_YEAR=2026&PRE_JG_YEAR=2026&LOAD_TYPE=single,학교교육과정 편성운영 및 평가에 관한 사항.hwp,https://www.schoolinfo.go.kr/ei/pp/Pneipp_b73_s0p.do?GS_HANGMOK_CD=73&GS_HANGMOK_NO=15-%EB%9D%BC&GS_HANGMOK_NM=%EB%B0%A9%EA%B3%BC%ED%9B%84%ED%95%99%EA%B5%90+%EC%9A%B4%EC%98%81+%EA%B3%84%ED%9A%8D+%EB%B0%8F+%EC%9A%B4%EC%98%81%E3%86%8D%EC%A7%80%EC%9B%90%ED%98%84%ED%99%A9&GS_BURYU_CD=JG130&JG_BURYU_CD=JG150&JG_HANGMOK_CD=59&JG_GUBUN=1&JG_YEAR2=2026&HG_NM=%EC%84%9C%EC%9A%B8%EC%9C%A8%ED%98%84%EC%B4%88%EB%93%B1%ED%95%99%EA%B5%90&SHL_IDF_CD=9b3778f3-f5de-4cf3-bfe7-7105baf710e0&GS_TYPE=Y&JG_YEAR=2026&SORT=BR&CHOSEN_JG_YEAR=2026&PRE_JG_YEAR=2026&LOAD_TYPE=single,2026학년도 서울율현초 방과후교실 운영 계획.hwpx,,,,,,,,,,
expansion_seongnam_gangnam3,B000025372,서울해누리초등학교,서울특별시,2-가 문서에서 시정표를 찾지 못함(요약본이거나 표가 이미지일 수 있음),15-라 계획에 1학년 오후돌봄 종료 시각이 없음 (공시 첨부에 1학년 돌봄 운영 시간 없음(방과후 계획 위주)),https://www.schoolinfo.go.kr/ei/ss/Pneiss_b01_s0.do?SHL_IDF_CD=3c118a18-c09d-43b2-965b-f7714f55c015,https://www.schoolinfo.go.kr/ei/pp/Pneipp_b14_s0p.do?GS_HANGMOK_CD=14&GS_HANGMOK_NO=2-%EA%B0%80&GS_HANGMOK_NM=%ED%95%99%EA%B5%90%EA%B5%90%EC%9C%A1%EA%B3%BC%EC%A0%95+%ED%8E%B8%EC%84%B1%E3%86%8D%EC%9A%B4%EC%98%81+%EB%B0%8F+%ED%8F%89%EA%B0%80%EC%97%90+%EA%B4%80%ED%95%9C+%EC%82%AC%ED%95%AD&GS_BURYU_CD=JG100&JG_BURYU_CD=JG020&JG_HANGMOK_CD=05&JG_GUBUN=1&JG_YEAR2=2026&HG_NM=%EC%84%9C%EC%9A%B8%ED%95%B4%EB%88%84%EB%A6%AC%EC%B4%88%EB%93%B1%ED%95%99%EA%B5%90&SHL_IDF_CD=3c118a18-c09d-43b2-965b-f7714f55c015&GS_TYPE=Y&JG_YEAR=2026&SORT=BR&CHOSEN_JG_YEAR=2026&PRE_JG_YEAR=2026&LOAD_TYPE=single,(2-가) 2026 서울해누리초 학교교육과정 편성 운영 평가 계획.pdf,https://www.schoolinfo.go.kr/ei/pp/Pneipp_b73_s0p.do?GS_HANGMOK_CD=73&GS_HANGMOK_NO=15-%EB%9D%BC&GS_HANGMOK_NM=%EB%B0%A9%EA%B3%BC%ED%9B%84%ED%95%99%EA%B5%90+%EC%9A%B4%EC%98%81+%EA%B3%84%ED%9A%8D+%EB%B0%8F+%EC%9A%B4%EC%98%81%E3%86%8D%EC%A7%80%EC%9B%90%ED%98%84%ED%99%A9&GS_BURYU_CD=JG130&JG_BURYU_CD=JG150&JG_HANGMOK_CD=59&JG_GUBUN=1&JG_YEAR2=2026&HG_NM=%EC%84%9C%EC%9A%B8%ED%95%B4%EB%88%84%EB%A6%AC%EC%B4%88%EB%93%B1%ED%95%99%EA%B5%90&SHL_IDF_CD=3c118a18-c09d-43b2-965b-f7714f55c015&GS_TYPE=Y&JG_YEAR=2026&SORT=BR&CHOSEN_JG_YEAR=2026&PRE_JG_YEAR=2026&LOAD_TYPE=single,학교운영위원회심의안건(방과후.맞춤형)운영계획.hwp,,,,,,,,,,
expansion_seongnam_gangnam3,B000025375,서울위례별초등학교,서울특별시,2-가 문서에서 시정표를 찾지 못함(요약본이거나 표가 이미지일 수 있음),15-라 계획에 1학년 오후돌봄 종료 시각이 없음 (공시 첨부에 1학년 돌봄 운영 시간 없음(방과후 계획 위주)),https://www.schoolinfo.go.kr/ei/ss/Pneiss_b01_s0.do?SHL_IDF_CD=d0745976-af2e-46b0-8b23-a1ac6fcb635e,https://www.schoolinfo.go.kr/ei/pp/Pneipp_b14_s0p.do?GS_HANGMOK_CD=14&GS_HANGMOK_NO=2-%EA%B0%80&GS_HANGMOK_NM=%ED%95%99%EA%B5%90%EA%B5%90%EC%9C%A1%EA%B3%BC%EC%A0%95+%ED%8E%B8%EC%84%B1%E3%86%8D%EC%9A%B4%EC%98%81+%EB%B0%8F+%ED%8F%89%EA%B0%80%EC%97%90+%EA%B4%80%ED%95%9C+%EC%82%AC%ED%95%AD&GS_BURYU_CD=JG100&JG_BURYU_CD=JG020&JG_HANGMOK_CD=05&JG_GUBUN=1&JG_YEAR2=2026&HG_NM=%EC%84%9C%EC%9A%B8%EC%9C%84%EB%A1%80%EB%B3%84%EC%B4%88%EB%93%B1%ED%95%99%EA%B5%90&SHL_IDF_CD=d0745976-af2e-46b0-8b23-a1ac6fcb635e&GS_TYPE=Y&JG_YEAR=2026&SORT=BR&CHOSEN_JG_YEAR=2026&PRE_JG_YEAR=2026&LOAD_TYPE=single,2026학년도 학교교육과정 편성 운영 평가 계획(수정).pdf / 2026학년도 연간학사일정.pdf,https://www.schoolinfo.go.kr/ei/pp/Pneipp_b73_s0p.do?GS_HANGMOK_CD=73&GS_HANGMOK_NO=15-%EB%9D%BC&GS_HANGMOK_NM=%EB%B0%A9%EA%B3%BC%ED%9B%84%ED%95%99%EA%B5%90+%EC%9A%B4%EC%98%81+%EA%B3%84%ED%9A%8D+%EB%B0%8F+%EC%9A%B4%EC%98%81%E3%86%8D%EC%A7%80%EC%9B%90%ED%98%84%ED%99%A9&GS_BURYU_CD=JG130&JG_BURYU_CD=JG150&JG_HANGMOK_CD=59&JG_GUBUN=1&JG_YEAR2=2026&HG_NM=%EC%84%9C%EC%9A%B8%EC%9C%84%EB%A1%80%EB%B3%84%EC%B4%88%EB%93%B1%ED%95%99%EA%B5%90&SHL_IDF_CD=d0745976-af2e-46b0-8b23-a1ac6fcb635e&GS_TYPE=Y&JG_YEAR=2026&SORT=BR&CHOSEN_JG_YEAR=2026&PRE_JG_YEAR=2026&LOAD_TYPE=single,2026학년도 방과후·맞춤형교실 연간 운영 계획(안).hwp,,,,,,,,,,
expansion_seongnam_gangnam3,B000025891,서울언남초등학교,서울특별시,시정표 제목만 있고 표 글자가 없음(이미지 표 가능),,https://www.schoolinfo.go.kr/ei/ss/Pneiss_b01_s0.do?SHL_IDF_CD=dcee3284-a4c9-4706-b482-2458868ad9c9,https://www.schoolinfo.go.kr/ei/pp/Pneipp_b14_s0p.do?GS_HANGMOK_CD=14&GS_HANGMOK_NO=2-%EA%B0%80&GS_HANGMOK_NM=%ED%95%99%EA%B5%90%EA%B5%90%EC%9C%A1%EA%B3%BC%EC%A0%95+%ED%8E%B8%EC%84%B1%E3%86%8D%EC%9A%B4%EC%98%81+%EB%B0%8F+%ED%8F%89%EA%B0%80%EC%97%90+%EA%B4%80%ED%95%9C+%EC%82%AC%ED%95%AD&GS_BURYU_CD=JG100&JG_BURYU_CD=JG020&JG_HANGMOK_CD=05&JG_GUBUN=1&JG_YEAR2=2026&HG_NM=%EC%84%9C%EC%9A%B8%EC%96%B8%EB%82%A8%EC%B4%88%EB%93%B1%ED%95%99%EA%B5%90&SHL_IDF_CD=dcee3284-a4c9-4706-b482-2458868ad9c9&GS_TYPE=Y&JG_YEAR=2026&SORT=BR&CHOSEN_JG_YEAR=2026&PRE_JG_YEAR=2026&LOAD_TYPE=single,2026학년도 서울언남초 연간학사일정.pdf / 2026학년도 서울언남초 학교교육과정 편성·운영·평가 계획.pdf,https://www.schoolinfo.go.kr/ei/pp/Pneipp_b73_s0p.do?GS_HANGMOK_CD=73&GS_HANGMOK_NO=15-%EB%9D%BC&GS_HANGMOK_NM=%EB%B0%A9%EA%B3%BC%ED%9B%84%ED%95%99%EA%B5%90+%EC%9A%B4%EC%98%81+%EA%B3%84%ED%9A%8D+%EB%B0%8F+%EC%9A%B4%EC%98%81%E3%86%8D%EC%A7%80%EC%9B%90%ED%98%84%ED%99%A9&GS_BURYU_CD=JG130&JG_BURYU_CD=JG150&JG_HANGMOK_CD=59&JG_GUBUN=1&JG_YEAR2=2026&HG_NM=%EC%84%9C%EC%9A%B8%EC%96%B8%EB%82%A8%EC%B4%88%EB%93%B1%ED%95%99%EA%B5%90&SHL_IDF_CD=dcee3284-a4c9-4706-b482-2458868ad9c9&GS_TYPE=Y&JG_YEAR=2026&SORT=BR&CHOSEN_JG_YEAR=2026&PRE_JG_YEAR=2026&LOAD_TYPE=single,(학운위)2026학년도 돌봄교실 운영 계획.hwp / 2026학년도 방과후·맞춤형·특수학급 방과후교실 운영계획(안).hwp,,,,,,,,,,
expansion_seongnam_gangnam3,B000030583,서울개현초등학교,서울특별시,2-가 문서에서 시정표를 찾지 못함(요약본이거나 표가 이미지일 수 있음),,https://www.schoolinfo.go.kr/ei/ss/Pneiss_b01_s0.do?SHL_IDF_CD=1bba76c3-065c-4e1a-b5ca-073b355992f5,https://www.schoolinfo.go.kr/ei/pp/Pneipp_b14_s0p.do?GS_HANGMOK_CD=14&GS_HANGMOK_NO=2-%EA%B0%80&GS_HANGMOK_NM=%ED%95%99%EA%B5%90%EA%B5%90%EC%9C%A1%EA%B3%BC%EC%A0%95+%ED%8E%B8%EC%84%B1%E3%86%8D%EC%9A%B4%EC%98%81+%EB%B0%8F+%ED%8F%89%EA%B0%80%EC%97%90+%EA%B4%80%ED%95%9C+%EC%82%AC%ED%95%AD&GS_BURYU_CD=JG100&JG_BURYU_CD=JG020&JG_HANGMOK_CD=05&JG_GUBUN=1&JG_YEAR2=2026&HG_NM=%EC%84%9C%EC%9A%B8%EA%B0%9C%ED%98%84%EC%B4%88%EB%93%B1%ED%95%99%EA%B5%90&SHL_IDF_CD=1bba76c3-065c-4e1a-b5ca-073b355992f5&GS_TYPE=Y&JG_YEAR=2026&SORT=BR&CHOSEN_JG_YEAR=2026&PRE_JG_YEAR=2026&LOAD_TYPE=single,2026학년도 개현초 연간학사일정_1.hwp / 2026학년도 개현초 학교교육과정 편성·운영·평가계획_1.hwp,https://www.schoolinfo.go.kr/ei/pp/Pneipp_b73_s0p.do?GS_HANGMOK_CD=73&GS_HANGMOK_NO=15-%EB%9D%BC&GS_HANGMOK_NM=%EB%B0%A9%EA%B3%BC%ED%9B%84%ED%95%99%EA%B5%90+%EC%9A%B4%EC%98%81+%EA%B3%84%ED%9A%8D+%EB%B0%8F+%EC%9A%B4%EC%98%81%E3%86%8D%EC%A7%80%EC%9B%90%ED%98%84%ED%99%A9&GS_BURYU_CD=JG130&JG_BURYU_CD=JG150&JG_HANGMOK_CD=59&JG_GUBUN=1&JG_YEAR2=2026&HG_NM=%EC%84%9C%EC%9A%B8%EA%B0%9C%ED%98%84%EC%B4%88%EB%93%B1%ED%95%99%EA%B5%90&SHL_IDF_CD=1bba76c3-065c-4e1a-b5ca-073b355992f5&GS_TYPE=Y&JG_YEAR=2026&SORT=BR&CHOSEN_JG_YEAR=2026&PRE_JG_YEAR=2026&LOAD_TYPE=single,★2026학년도 방과후돌봄  돌봄교실 운영계획(안).hwp / ★2026학년도 방과후·돌봄 연간운영계획(안).hwp,,,,,,,,,,
wave2_seoul,B000001838,서울휘경초등학교,서울특별시,2-가 문서에서 시정표를 찾지 못함(요약본이거나 표가 이미지일 수 있음),,https://www.schoolinfo.go.kr/ei/ss/Pneiss_b01_s0.do?SHL_IDF_CD=1f14db4a-2ea4-4a7d-b99c-2ab610ed4f7d,https://www.schoolinfo.go.kr/ei/pp/Pneipp_b14_s0p.do?GS_HANGMOK_CD=14&GS_HANGMOK_NO=2-%EA%B0%80&GS_HANGMOK_NM=%ED%95%99%EA%B5%90%EA%B5%90%EC%9C%A1%EA%B3%BC%EC%A0%95+%ED%8E%B8%EC%84%B1%E3%86%8D%EC%9A%B4%EC%98%81+%EB%B0%8F+%ED%8F%89%EA%B0%80%EC%97%90+%EA%B4%80%ED%95%9C+%EC%82%AC%ED%95%AD&GS_BURYU_CD=JG100&JG_BURYU_CD=JG020&JG_HANGMOK_CD=05&JG_GUBUN=1&JG_YEAR2=2026&HG_NM=%EC%84%9C%EC%9A%B8%ED%9C%98%EA%B2%BD%EC%B4%88%EB%93%B1%ED%95%99%EA%B5%90&SHL_IDF_CD=1f14db4a-2ea4-4a7d-b99c-2ab610ed4f7d&GS_TYPE=Y&JG_YEAR=2026&SORT=BR&CHOSEN_JG_YEAR=2026&PRE_JG_YEAR=2026&LOAD_TYPE=single,"2026 학교교육과정 편성, 운영 및 평가에 관한 사항.pdf",https://www.schoolinfo.go.kr/ei/pp/Pneipp_b73_s0p.do?GS_HANGMOK_CD=73&GS_HANGMOK_NO=15-%EB%9D%BC&GS_HANGMOK_NM=%EB%B0%A9%EA%B3%BC%ED%9B%84%ED%95%99%EA%B5%90+%EC%9A%B4%EC%98%81+%EA%B3%84%ED%9A%8D+%EB%B0%8F+%EC%9A%B4%EC%98%81%E3%86%8D%EC%A7%80%EC%9B%90%ED%98%84%ED%99%A9&GS_BURYU_CD=JG130&JG_BURYU_CD=JG150&JG_HANGMOK_CD=59&JG_GUBUN=1&JG_YEAR2=2026&HG_NM=%EC%84%9C%EC%9A%B8%ED%9C%98%EA%B2%BD%EC%B4%88%EB%93%B1%ED%95%99%EA%B5%90&SHL_IDF_CD=1f14db4a-2ea4-4a7d-b99c-2ab610ed4f7d&GS_TYPE=Y&JG_YEAR=2026&SORT=BR&CHOSEN_JG_YEAR=2026&PRE_JG_YEAR=2026&LOAD_TYPE=single,2026학년도 특수학급 방과후교실 운영 계획.hwp / 2026학년도 돌봄 프로그램운영 계획.hwp / 2026학년도 방과후교실 연간 운영계획(안).hwp,,,,,,,,,,
wave2_seoul,B000001839,서울동답초등학교,서울특별시,2-가 문서에서 시정표를 찾지 못함(요약본이거나 표가 이미지일 수 있음),,https://www.schoolinfo.go.kr/ei/ss/Pneiss_b01_s0.do?SHL_IDF_CD=1d5fa23d-01a8-4afa-a29f-06593992f4eb,https://www.schoolinfo.go.kr/ei/pp/Pneipp_b14_s0p.do?GS_HANGMOK_CD=14&GS_HANGMOK_NO=2-%EA%B0%80&GS_HANGMOK_NM=%ED%95%99%EA%B5%90%EA%B5%90%EC%9C%A1%EA%B3%BC%EC%A0%95+%ED%8E%B8%EC%84%B1%E3%86%8D%EC%9A%B4%EC%98%81+%EB%B0%8F+%ED%8F%89%EA%B0%80%EC%97%90+%EA%B4%80%ED%95%9C+%EC%82%AC%ED%95%AD&GS_BURYU_CD=JG100&JG_BURYU_CD=JG020&JG_HANGMOK_CD=05&JG_GUBUN=1&JG_YEAR2=2026&HG_NM=%EC%84%9C%EC%9A%B8%EB%8F%99%EB%8B%B5%EC%B4%88%EB%93%B1%ED%95%99%EA%B5%90&SHL_IDF_CD=1d5fa23d-01a8-4afa-a29f-06593992f4eb&GS_TYPE=Y&JG_YEAR=2026&SORT=BR&CHOSEN_JG_YEAR=2026&PRE_JG_YEAR=2026&LOAD_TYPE=single,2026학년도 동답초 연간학사일정.hwpx / 2026학년도 동답초 학교교육과정 편성?운영?평가 계획.hwpx,https://www.schoolinfo.go.kr/ei/pp/Pneipp_b73_s0p.do?GS_HANGMOK_CD=73&GS_HANGMOK_NO=15-%EB%9D%BC&GS_HANGMOK_NM=%EB%B0%A9%EA%B3%BC%ED%9B%84%ED%95%99%EA%B5%90+%EC%9A%B4%EC%98%81+%EA%B3%84%ED%9A%8D+%EB%B0%8F+%EC%9A%B4%EC%98%81%E3%86%8D%EC%A7%80%EC%9B%90%ED%98%84%ED%99%A9&GS_BURYU_CD=JG130&JG_BURYU_CD=JG150&JG_HANGMOK_CD=59&JG_GUBUN=1&JG_YEAR2=2026&HG_NM=%EC%84%9C%EC%9A%B8%EB%8F%99%EB%8B%B5%EC%B4%88%EB%93%B1%ED%95%99%EA%B5%90&SHL_IDF_CD=1d5fa23d-01a8-4afa-a29f-06593992f4eb&GS_TYPE=Y&JG_YEAR=2026&SORT=BR&CHOSEN_JG_YEAR=2026&PRE_JG_YEAR=2026&LOAD_TYPE=single,2026학년도 동답초 돌봄교실 운영 계획(안).pdf / 2026학년도 동답초 방과후·맞춤형교실 운영 계획(안).pdf,,,,,,,,,,
wave2_seoul,B000001841,서울신답초등학교,서울특별시,,15-라 계획에 1학년 오후돌봄 종료 시각이 없음,https://www.schoolinfo.go.kr/ei/ss/Pneiss_b01_s0.do?SHL_IDF_CD=572824dc-4bb0-4cd8-9484-fe6faaa55310,https://www.schoolinfo.go.kr/ei/pp/Pneipp_b14_s0p.do?GS_HANGMOK_CD=14&GS_HANGMOK_NO=2-%EA%B0%80&GS_HANGMOK_NM=%ED%95%99%EA%B5%90%EA%B5%90%EC%9C%A1%EA%B3%BC%EC%A0%95+%ED%8E%B8%EC%84%B1%E3%86%8D%EC%9A%B4%EC%98%81+%EB%B0%8F+%ED%8F%89%EA%B0%80%EC%97%90+%EA%B4%80%ED%95%9C+%EC%82%AC%ED%95%AD&GS_BURYU_CD=JG100&JG_BURYU_CD=JG020&JG_HANGMOK_CD=05&JG_GUBUN=1&JG_YEAR2=2026&HG_NM=%EC%84%9C%EC%9A%B8%EC%8B%A0%EB%8B%B5%EC%B4%88%EB%93%B1%ED%95%99%EA%B5%90&SHL_IDF_CD=572824dc-4bb0-4cd8-9484-fe6faaa55310&GS_TYPE=Y&JG_YEAR=2026&SORT=BR&CHOSEN_JG_YEAR=2026&PRE_JG_YEAR=2026&LOAD_TYPE=single,2026학년도 신답교육계획(공개용).pdf,https://www.schoolinfo.go.kr/ei/pp/Pneipp_b73_s0p.do?GS_HANGMOK_CD=73&GS_HANGMOK_NO=15-%EB%9D%BC&GS_HANGMOK_NM=%EB%B0%A9%EA%B3%BC%ED%9B%84%ED%95%99%EA%B5%90+%EC%9A%B4%EC%98%81+%EA%B3%84%ED%9A%8D+%EB%B0%8F+%EC%9A%B4%EC%98%81%E3%86%8D%EC%A7%80%EC%9B%90%ED%98%84%ED%99%A9&GS_BURYU_CD=JG130&JG_BURYU_CD=JG150&JG_HANGMOK_CD=59&JG_GUBUN=1&JG_YEAR2=2026&HG_NM=%EC%84%9C%EC%9A%B8%EC%8B%A0%EB%8B%B5%EC%B4%88%EB%93%B1%ED%95%99%EA%B5%90&SHL_IDF_CD=572824dc-4bb0-4cd8-9484-fe6faaa55310&GS_TYPE=Y&JG_YEAR=2026&SORT=BR&CHOSEN_JG_YEAR=2026&PRE_JG_YEAR=2026&LOAD_TYPE=single,"2026학년도 방과후, 맞춤형교실 운영계획.hwp",,,,,,,,,,
wave2_seoul,B000001842,서울용두초등학교,서울특별시,2-가 문서에서 시정표를 찾지 못함(요약본이거나 표가 이미지일 수 있음),,https://www.schoolinfo.go.kr/ei/ss/Pneiss_b01_s0.do?SHL_IDF_CD=0eb8403d-bcd9-4617-be8c-e05f3dfd64e4,https://www.schoolinfo.go.kr/ei/pp/Pneipp_b14_s0p.do?GS_HANGMOK_CD=14&GS_HANGMOK_NO=2-%EA%B0%80&GS_HANGMOK_NM=%ED%95%99%EA%B5%90%EA%B5%90%EC%9C%A1%EA%B3%BC%EC%A0%95+%ED%8E%B8%EC%84%B1%E3%86%8D%EC%9A%B4%EC%98%81+%EB%B0%8F+%ED%8F%89%EA%B0%80%EC%97%90+%EA%B4%80%ED%95%9C+%EC%82%AC%ED%95%AD&GS_BURYU_CD=JG100&JG_BURYU_CD=JG020&JG_HANGMOK_CD=05&JG_GUBUN=1&JG_YEAR2=2026&HG_NM=%EC%84%9C%EC%9A%B8%EC%9A%A9%EB%91%90%EC%B4%88%EB%93%B1%ED%95%99%EA%B5%90&SHL_IDF_CD=0eb8403d-bcd9-4617-be8c-e05f3dfd64e4&GS_TYPE=Y&JG_YEAR=2026&SORT=BR&CHOSEN_JG_YEAR=2026&PRE_JG_YEAR=2026&LOAD_TYPE=single,(2-가) 2026학년도 서울용두초 학사일정.hwp / (2-가) 2026학년도 서울용두초 학교교육과정 편성·운영·평가계획.hwp,https://www.schoolinfo.go.kr/ei/pp/Pneipp_b73_s0p.do?GS_HANGMOK_CD=73&GS_HANGMOK_NO=15-%EB%9D%BC&GS_HANGMOK_NM=%EB%B0%A9%EA%B3%BC%ED%9B%84%ED%95%99%EA%B5%90+%EC%9A%B4%EC%98%81+%EA%B3%84%ED%9A%8D+%EB%B0%8F+%EC%9A%B4%EC%98%81%E3%86%8D%EC%A7%80%EC%9B%90%ED%98%84%ED%99%A9&GS_BURYU_CD=JG130&JG_BURYU_CD=JG150&JG_HANGMOK_CD=59&JG_GUBUN=1&JG_YEAR2=2026&HG_NM=%EC%84%9C%EC%9A%B8%EC%9A%A9%EB%91%90%EC%B4%88%EB%93%B1%ED%95%99%EA%B5%90&SHL_IDF_CD=0eb8403d-bcd9-4617-be8c-e05f3dfd64e4&GS_TYPE=Y&JG_YEAR=2026&SORT=BR&CHOSEN_JG_YEAR=2026&PRE_JG_YEAR=2026&LOAD_TYPE=single,2026학년도 돌봄교실 운영 계획.hwp / 2026학년도 방과후·맞춤형 운영 계획.hwpx,,,,,,,,,,
wave2_seoul,B000001843,서울이문초등학교,서울특별시,2-가 문서에서 시정표를 찾지 못함(요약본이거나 표가 이미지일 수 있음),15-라 계획에 1학년 오후돌봄 종료 시각이 없음,https://www.schoolinfo.go.kr/ei/ss/Pneiss_b01_s0.do?SHL_IDF_CD=3319c699-6afd-4df3-9849-fd65c839a49b,https://www.schoolinfo.go.kr/ei/pp/Pneipp_b14_s0p.do?GS_HANGMOK_CD=14&GS_HANGMOK_NO=2-%EA%B0%80&GS_HANGMOK_NM=%ED%95%99%EA%B5%90%EA%B5%90%EC%9C%A1%EA%B3%BC%EC%A0%95+%ED%8E%B8%EC%84%B1%E3%86%8D%EC%9A%B4%EC%98%81+%EB%B0%8F+%ED%8F%89%EA%B0%80%EC%97%90+%EA%B4%80%ED%95%9C+%EC%82%AC%ED%95%AD&GS_BURYU_CD=JG100&JG_BURYU_CD=JG020&JG_HANGMOK_CD=05&JG_GUBUN=1&JG_YEAR2=2026&HG_NM=%EC%84%9C%EC%9A%B8%EC%9D%B4%EB%AC%B8%EC%B4%88%EB%93%B1%ED%95%99%EA%B5%90&SHL_IDF_CD=3319c699-6afd-4df3-9849-fd65c839a49b&GS_TYPE=Y&JG_YEAR=2026&SORT=BR&CHOSEN_JG_YEAR=2026&PRE_JG_YEAR=2026&LOAD_TYPE=single,(이문초)2026학년도 학교교육과정 편성 운영(창의적 체험활동 및 체험활동 계획 포함).pdf / (이문초)2026학년도 교육과정 평가 계획.pdf,https://www.schoolinfo.go.kr/ei/pp/Pneipp_b73_s0p.do?GS_HANGMOK_CD=73&GS_HANGMOK_NO=15-%EB%9D%BC&GS_HANGMOK_NM=%EB%B0%A9%EA%B3%BC%ED%9B%84%ED%95%99%EA%B5%90+%EC%9A%B4%EC%98%81+%EA%B3%84%ED%9A%8D+%EB%B0%8F+%EC%9A%B4%EC%98%81%E3%86%8D%EC%A7%80%EC%9B%90%ED%98%84%ED%99%A9&GS_BURYU_CD=JG130&JG_BURYU_CD=JG150&JG_HANGMOK_CD=59&JG_GUBUN=1&JG_YEAR2=2026&HG_NM=%EC%84%9C%EC%9A%B8%EC%9D%B4%EB%AC%B8%EC%B4%88%EB%93%B1%ED%95%99%EA%B5%90&SHL_IDF_CD=3319c699-6afd-4df3-9849-fd65c839a49b&GS_TYPE=Y&JG_YEAR=2026&SORT=BR&CHOSEN_JG_YEAR=2026&PRE_JG_YEAR=2026&LOAD_TYPE=single,(정보공시)2026학년도 이문초등학교 방과후학교 운영 계획.hwpx,,,,,,,,,,
wave2_seoul,B000001844,서울군자초등학교,서울특별시,2-가 문서에서 시정표를 찾지 못함(요약본이거나 표가 이미지일 수 있음),,https://www.schoolinfo.go.kr/ei/ss/Pneiss_b01_s0.do?SHL_IDF_CD=6f788f20-20ef-43cb-a3e2-96e89b6d904f,https://www.schoolinfo.go.kr/ei/pp/Pneipp_b14_s0p.do?GS_HANGMOK_CD=14&GS_HANGMOK_NO=2-%EA%B0%80&GS_HANGMOK_NM=%ED%95%99%EA%B5%90%EA%B5%90%EC%9C%A1%EA%B3%BC%EC%A0%95+%ED%8E%B8%EC%84%B1%E3%86%8D%EC%9A%B4%EC%98%81+%EB%B0%8F+%ED%8F%89%EA%B0%80%EC%97%90+%EA%B4%80%ED%95%9C+%EC%82%AC%ED%95%AD&GS_BURYU_CD=JG100&JG_BURYU_CD=JG020&JG_HANGMOK_CD=05&JG_GUBUN=1&JG_YEAR2=2026&HG_NM=%EC%84%9C%EC%9A%B8%EA%B5%B0%EC%9E%90%EC%B4%88%EB%93%B1%ED%95%99%EA%B5%90&SHL_IDF_CD=6f788f20-20ef-43cb-a3e2-96e89b6d904f&GS_TYPE=Y&JG_YEAR=2026&SORT=BR&CHOSEN_JG_YEAR=2026&PRE_JG_YEAR=2026&LOAD_TYPE=single,2026학년도 군자초 학교교육과정 편성운영 및 평가계획.pdf,https://www.schoolinfo.go.kr/ei/pp/Pneipp_b73_s0p.do?GS_HANGMOK_CD=73&GS_HANGMOK_NO=15-%EB%9D%BC&GS_HANGMOK_NM=%EB%B0%A9%EA%B3%BC%ED%9B%84%ED%95%99%EA%B5%90+%EC%9A%B4%EC%98%81+%EA%B3%84%ED%9A%8D+%EB%B0%8F+%EC%9A%B4%EC%98%81%E3%86%8D%EC%A7%80%EC%9B%90%ED%98%84%ED%99%A9&GS_BURYU_CD=JG130&JG_BURYU_CD=JG150&JG_HANGMOK_CD=59&JG_GUBUN=1&JG_YEAR2=2026&HG_NM=%EC%84%9C%EC%9A%B8%EA%B5%B0%EC%9E%90%EC%B4%88%EB%93%B1%ED%95%99%EA%B5%90&SHL_IDF_CD=6f788f20-20ef-43cb-a3e2-96e89b6d904f&GS_TYPE=Y&JG_YEAR=2026&SORT=BR&CHOSEN_JG_YEAR=2026&PRE_JG_YEAR=2026&LOAD_TYPE=single,2026학년도 방과후맞춤형 교실 연간운영계획.hwp / 2026학년도 돌봄교실 연간운영계획.hwp,,,,,,,,,,
wave2_seoul,B000001845,서울장평초등학교,서울특별시,시정표는 탐지됐으나 1학년 정규 시정을 읽지 못함,,https://www.schoolinfo.go.kr/ei/ss/Pneiss_b01_s0.do?SHL_IDF_CD=cd40a060-aa80-4f8d-96e9-4f19bb02f4b7,https://www.schoolinfo.go.kr/ei/pp/Pneipp_b14_s0p.do?GS_HANGMOK_CD=14&GS_HANGMOK_NO=2-%EA%B0%80&GS_HANGMOK_NM=%ED%95%99%EA%B5%90%EA%B5%90%EC%9C%A1%EA%B3%BC%EC%A0%95+%ED%8E%B8%EC%84%B1%E3%86%8D%EC%9A%B4%EC%98%81+%EB%B0%8F+%ED%8F%89%EA%B0%80%EC%97%90+%EA%B4%80%ED%95%9C+%EC%82%AC%ED%95%AD&GS_BURYU_CD=JG100&JG_BURYU_CD=JG020&JG_HANGMOK_CD=05&JG_GUBUN=1&JG_YEAR2=2026&HG_NM=%EC%84%9C%EC%9A%B8%EC%9E%A5%ED%8F%89%EC%B4%88%EB%93%B1%ED%95%99%EA%B5%90&SHL_IDF_CD=cd40a060-aa80-4f8d-96e9-4f19bb02f4b7&GS_TYPE=Y&JG_YEAR=2026&SORT=BR&CHOSEN_JG_YEAR=2026&PRE_JG_YEAR=2026&LOAD_TYPE=single,2026학년도 서울장평초 연간학사일정.pdf / 2026학년도 서울장평초 학교교육과정 편성·운영·평가 계획.pdf,https://www.schoolinfo.go.kr/ei/pp/Pneipp_b73_s0p.do?GS_HANGMOK_CD=73&GS_HANGMOK_NO=15-%EB%9D%BC&GS_HANGMOK_NM=%EB%B0%A9%EA%B3%BC%ED%9B%84%ED%95%99%EA%B5%90+%EC%9A%B4%EC%98%81+%EA%B3%84%ED%9A%8D+%EB%B0%8F+%EC%9A%B4%EC%98%81%E3%86%8D%EC%A7%80%EC%9B%90%ED%98%84%ED%99%A9&GS_BURYU_CD=JG130&JG_BURYU_CD=JG150&JG_HANGMOK_CD=59&JG_GUBUN=1&JG_YEAR2=2026&HG_NM=%EC%84%9C%EC%9A%B8%EC%9E%A5%ED%8F%89%EC%B4%88%EB%93%B1%ED%95%99%EA%B5%90&SHL_IDF_CD=cd40a060-aa80-4f8d-96e9-4f19bb02f4b7&GS_TYPE=Y&JG_YEAR=2026&SORT=BR&CHOSEN_JG_YEAR=2026&PRE_JG_YEAR=2026&LOAD_TYPE=single,(학운위)2026 늘봄학교 연간 운영 계획(안)_장평초.hwp / (학운위) 2026 초등돌봄교실 운영 계획(안).hwp,,,,,,,,,,
wave2_seoul,B000001846,서울안평초등학교,서울특별시,2-가 문서에서 시정표를 찾지 못함(요약본이거나 표가 이미지일 수 있음),,https://www.schoolinfo.go.kr/ei/ss/Pneiss_b01_s0.do?SHL_IDF_CD=fca41a97-1f45-4a3a-b303-0dd15e7c3c12,https://www.schoolinfo.go.kr/ei/pp/Pneipp_b14_s0p.do?GS_HANGMOK_CD=14&GS_HANGMOK_NO=2-%EA%B0%80&GS_HANGMOK_NM=%ED%95%99%EA%B5%90%EA%B5%90%EC%9C%A1%EA%B3%BC%EC%A0%95+%ED%8E%B8%EC%84%B1%E3%86%8D%EC%9A%B4%EC%98%81+%EB%B0%8F+%ED%8F%89%EA%B0%80%EC%97%90+%EA%B4%80%ED%95%9C+%EC%82%AC%ED%95%AD&GS_BURYU_CD=JG100&JG_BURYU_CD=JG020&JG_HANGMOK_CD=05&JG_GUBUN=1&JG_YEAR2=2026&HG_NM=%EC%84%9C%EC%9A%B8%EC%95%88%ED%8F%89%EC%B4%88%EB%93%B1%ED%95%99%EA%B5%90&SHL_IDF_CD=fca41a97-1f45-4a3a-b303-0dd15e7c3c12&GS_TYPE=Y&JG_YEAR=2026&SORT=BR&CHOSEN_JG_YEAR=2026&PRE_JG_YEAR=2026&LOAD_TYPE=single,2026학년도 안평초 학교교육과정 편성운영평가 계획.hwp,https://www.schoolinfo.go.kr/ei/pp/Pneipp_b73_s0p.do?GS_HANGMOK_CD=73&GS_HANGMOK_NO=15-%EB%9D%BC&GS_HANGMOK_NM=%EB%B0%A9%EA%B3%BC%ED%9B%84%ED%95%99%EA%B5%90+%EC%9A%B4%EC%98%81+%EA%B3%84%ED%9A%8D+%EB%B0%8F+%EC%9A%B4%EC%98%81%E3%86%8D%EC%A7%80%EC%9B%90%ED%98%84%ED%99%A9&GS_BURYU_CD=JG130&JG_BURYU_CD=JG150&JG_HANGMOK_CD=59&JG_GUBUN=1&JG_YEAR2=2026&HG_NM=%EC%84%9C%EC%9A%B8%EC%95%88%ED%8F%89%EC%B4%88%EB%93%B1%ED%95%99%EA%B5%90&SHL_IDF_CD=fca41a97-1f45-4a3a-b303-0dd15e7c3c12&GS_TYPE=Y&JG_YEAR=2026&SORT=BR&CHOSEN_JG_YEAR=2026&PRE_JG_YEAR=2026&LOAD_TYPE=single,2026학년도 방과후·맞춤형 연간 운영 계획.pdf / 2026학년도 민참 컴퓨터교실 연간 및 1분기 운영계획.pdf / 2026학년도 돌봄교실 운영 계획.pdf,,,,,,,,,,
wave2_seoul,B000001848,서울전동초등학교,서울특별시,2-가 문서에서 시정표를 찾지 못함(요약본이거나 표가 이미지일 수 있음),,https://www.schoolinfo.go.kr/ei/ss/Pneiss_b01_s0.do?SHL_IDF_CD=e9b61bcf-f11f-4ff8-8633-8223507c5244,https://www.schoolinfo.go.kr/ei/pp/Pneipp_b14_s0p.do?GS_HANGMOK_CD=14&GS_HANGMOK_NO=2-%EA%B0%80&GS_HANGMOK_NM=%ED%95%99%EA%B5%90%EA%B5%90%EC%9C%A1%EA%B3%BC%EC%A0%95+%ED%8E%B8%EC%84%B1%E3%86%8D%EC%9A%B4%EC%98%81+%EB%B0%8F+%ED%8F%89%EA%B0%80%EC%97%90+%EA%B4%80%ED%95%9C+%EC%82%AC%ED%95%AD&GS_BURYU_CD=JG100&JG_BURYU_CD=JG020&JG_HANGMOK_CD=05&JG_GUBUN=1&JG_YEAR2=2026&HG_NM=%EC%84%9C%EC%9A%B8%EC%A0%84%EB%8F%99%EC%B4%88%EB%93%B1%ED%95%99%EA%B5%90&SHL_IDF_CD=e9b61bcf-f11f-4ff8-8633-8223507c5244&GS_TYPE=Y&JG_YEAR=2026&SORT=BR&CHOSEN_JG_YEAR=2026&PRE_JG_YEAR=2026&LOAD_TYPE=single,2-가-(2) 연간학사일정.hwp / 2-가-(1) 2026학년도 전동초 학교교육과정 편성·운영·평가 계획.hwp,https://www.schoolinfo.go.kr/ei/pp/Pneipp_b73_s0p.do?GS_HANGMOK_CD=73&GS_HANGMOK_NO=15-%EB%9D%BC&GS_HANGMOK_NM=%EB%B0%A9%EA%B3%BC%ED%9B%84%ED%95%99%EA%B5%90+%EC%9A%B4%EC%98%81+%EA%B3%84%ED%9A%8D+%EB%B0%8F+%EC%9A%B4%EC%98%81%E3%86%8D%EC%A7%80%EC%9B%90%ED%98%84%ED%99%A9&GS_BURYU_CD=JG130&JG_BURYU_CD=JG150&JG_HANGMOK_CD=59&JG_GUBUN=1&JG_YEAR2=2026&HG_NM=%EC%84%9C%EC%9A%B8%EC%A0%84%EB%8F%99%EC%B4%88%EB%93%B1%ED%95%99%EA%B5%90&SHL_IDF_CD=e9b61bcf-f11f-4ff8-8633-8223507c5244&GS_TYPE=Y&JG_YEAR=2026&SORT=BR&CHOSEN_JG_YEAR=2026&PRE_JG_YEAR=2026&LOAD_TYPE=single,(공시자료)2026학년도 돌봄교실 운영 계획(안).hwp / (공시자료)2026학년도 방과후교실연간운영계획(안).hwp,,,,,,,,,,
wave2_seoul,B000001849,서울전곡초등학교,서울특별시,2-가 문서에서 시정표를 찾지 못함(요약본이거나 표가 이미지일 수 있음),15-라 계획에 1학년 오후돌봄 종료 시각이 없음,https://www.schoolinfo.go.kr/ei/ss/Pneiss_b01_s0.do?SHL_IDF_CD=7f970e85-c104-43d1-9eaa-188bfa3fc2b3,https://www.schoolinfo.go.kr/ei/pp/Pneipp_b14_s0p.do?GS_HANGMOK_CD=14&GS_HANGMOK_NO=2-%EA%B0%80&GS_HANGMOK_NM=%ED%95%99%EA%B5%90%EA%B5%90%EC%9C%A1%EA%B3%BC%EC%A0%95+%ED%8E%B8%EC%84%B1%E3%86%8D%EC%9A%B4%EC%98%81+%EB%B0%8F+%ED%8F%89%EA%B0%80%EC%97%90+%EA%B4%80%ED%95%9C+%EC%82%AC%ED%95%AD&GS_BURYU_CD=JG100&JG_BURYU_CD=JG020&JG_HANGMOK_CD=05&JG_GUBUN=1&JG_YEAR2=2026&HG_NM=%EC%84%9C%EC%9A%B8%EC%A0%84%EA%B3%A1%EC%B4%88%EB%93%B1%ED%95%99%EA%B5%90&SHL_IDF_CD=7f970e85-c104-43d1-9eaa-188bfa3fc2b3&GS_TYPE=Y&JG_YEAR=2026&SORT=BR&CHOSEN_JG_YEAR=2026&PRE_JG_YEAR=2026&LOAD_TYPE=single,학교교육과정 편성 운영 및 평가 계획.hwp,https://www.schoolinfo.go.kr/ei/pp/Pneipp_b73_s0p.do?GS_HANGMOK_CD=73&GS_HANGMOK_NO=15-%EB%9D%BC&GS_HANGMOK_NM=%EB%B0%A9%EA%B3%BC%ED%9B%84%ED%95%99%EA%B5%90+%EC%9A%B4%EC%98%81+%EA%B3%84%ED%9A%8D+%EB%B0%8F+%EC%9A%B4%EC%98%81%E3%86%8D%EC%A7%80%EC%9B%90%ED%98%84%ED%99%A9&GS_BURYU_CD=JG130&JG_BURYU_CD=JG150&JG_HANGMOK_CD=59&JG_GUBUN=1&JG_YEAR2=2026&HG_NM=%EC%84%9C%EC%9A%B8%EC%A0%84%EA%B3%A1%EC%B4%88%EB%93%B1%ED%95%99%EA%B5%90&SHL_IDF_CD=7f970e85-c104-43d1-9eaa-188bfa3fc2b3&GS_TYPE=Y&JG_YEAR=2026&SORT=BR&CHOSEN_JG_YEAR=2026&PRE_JG_YEAR=2026&LOAD_TYPE=single,2026학년 늘봄학교 운영 계획(안).hwp,,,,,,,,,,
wave2_seoul,B000001850,서울전농초등학교,서울특별시,2-가 문서에서 시정표를 찾지 못함(요약본이거나 표가 이미지일 수 있음),,https://www.schoolinfo.go.kr/ei/ss/Pneiss_b01_s0.do?SHL_IDF_CD=d0193204-a9ba-435e-8f28-61e3a4d7bc8e,https://www.schoolinfo.go.kr/ei/pp/Pneipp_b14_s0p.do?GS_HANGMOK_CD=14&GS_HANGMOK_NO=2-%EA%B0%80&GS_HANGMOK_NM=%ED%95%99%EA%B5%90%EA%B5%90%EC%9C%A1%EA%B3%BC%EC%A0%95+%ED%8E%B8%EC%84%B1%E3%86%8D%EC%9A%B4%EC%98%81+%EB%B0%8F+%ED%8F%89%EA%B0%80%EC%97%90+%EA%B4%80%ED%95%9C+%EC%82%AC%ED%95%AD&GS_BURYU_CD=JG100&JG_BURYU_CD=JG020&JG_HANGMOK_CD=05&JG_GUBUN=1&JG_YEAR2=2026&HG_NM=%EC%84%9C%EC%9A%B8%EC%A0%84%EB%86%8D%EC%B4%88%EB%93%B1%ED%95%99%EA%B5%90&SHL_IDF_CD=d0193204-a9ba-435e-8f28-61e3a4d7bc8e&GS_TYPE=Y&JG_YEAR=2026&SORT=BR&CHOSEN_JG_YEAR=2026&PRE_JG_YEAR=2026&LOAD_TYPE=single,2026학년도 전농초 학교교육과정 편성운영평가 계획.hwp,https://www.schoolinfo.go.kr/ei/pp/Pneipp_b73_s0p.do?GS_HANGMOK_CD=73&GS_HANGMOK_NO=15-%EB%9D%BC&GS_HANGMOK_NM=%EB%B0%A9%EA%B3%BC%ED%9B%84%ED%95%99%EA%B5%90+%EC%9A%B4%EC%98%81+%EA%B3%84%ED%9A%8D+%EB%B0%8F+%EC%9A%B4%EC%98%81%E3%86%8D%EC%A7%80%EC%9B%90%ED%98%84%ED%99%A9&GS_BURYU_CD=JG130&JG_BURYU_CD=JG150&JG_HANGMOK_CD=59&JG_GUBUN=1&JG_YEAR2=2026&HG_NM=%EC%84%9C%EC%9A%B8%EC%A0%84%EB%86%8D%EC%B4%88%EB%93%B1%ED%95%99%EA%B5%90&SHL_IDF_CD=d0193204-a9ba-435e-8f28-61e3a4d7bc8e&GS_TYPE=Y&JG_YEAR=2026&SORT=BR&CHOSEN_JG_YEAR=2026&PRE_JG_YEAR=2026&LOAD_TYPE=single,"(전농초)2026학년도 맞춤형교실,방과후교실 운영계획안.hwp / (전농초) 2026학년도 돌봄교실 연간 운영계획(안).hwp",,,,,,,,,,
wave2_seoul,B000001851,서울홍파초등학교,서울특별시,2-가 문서에서 시정표를 찾지 못함(요약본이거나 표가 이미지일 수 있음),15-라 계획에 1학년 오후돌봄 종료 시각이 없음,https://www.schoolinfo.go.kr/ei/ss/Pneiss_b01_s0.do?SHL_IDF_CD=4eabd118-f487-4c8f-9595-7a363b829cd3,https://www.schoolinfo.go.kr/ei/pp/Pneipp_b14_s0p.do?GS_HANGMOK_CD=14&GS_HANGMOK_NO=2-%EA%B0%80&GS_HANGMOK_NM=%ED%95%99%EA%B5%90%EA%B5%90%EC%9C%A1%EA%B3%BC%EC%A0%95+%ED%8E%B8%EC%84%B1%E3%86%8D%EC%9A%B4%EC%98%81+%EB%B0%8F+%ED%8F%89%EA%B0%80%EC%97%90+%EA%B4%80%ED%95%9C+%EC%82%AC%ED%95%AD&GS_BURYU_CD=JG100&JG_BURYU_CD=JG020&JG_HANGMOK_CD=05&JG_GUBUN=1&JG_YEAR2=2026&HG_NM=%EC%84%9C%EC%9A%B8%ED%99%8D%ED%8C%8C%EC%B4%88%EB%93%B1%ED%95%99%EA%B5%90&SHL_IDF_CD=4eabd118-f487-4c8f-9595-7a363b829cd3&GS_TYPE=Y&JG_YEAR=2026&SORT=BR&CHOSEN_JG_YEAR=2026&PRE_JG_YEAR=2026&LOAD_TYPE=single,2026학년도 홍파초 학교교육과정 편성·운영·평가 계획.hwp,https://www.schoolinfo.go.kr/ei/pp/Pneipp_b73_s0p.do?GS_HANGMOK_CD=73&GS_HANGMOK_NO=15-%EB%9D%BC&GS_HANGMOK_NM=%EB%B0%A9%EA%B3%BC%ED%9B%84%ED%95%99%EA%B5%90+%EC%9A%B4%EC%98%81+%EA%B3%84%ED%9A%8D+%EB%B0%8F+%EC%9A%B4%EC%98%81%E3%86%8D%EC%A7%80%EC%9B%90%ED%98%84%ED%99%A9&GS_BURYU_CD=JG130&JG_BURYU_CD=JG150&JG_HANGMOK_CD=59&JG_GUBUN=1&JG_YEAR2=2026&HG_NM=%EC%84%9C%EC%9A%B8%ED%99%8D%ED%8C%8C%EC%B4%88%EB%93%B1%ED%95%99%EA%B5%90&SHL_IDF_CD=4eabd118-f487-4c8f-9595-7a363b829cd3&GS_TYPE=Y&JG_YEAR=2026&SORT=BR&CHOSEN_JG_YEAR=2026&PRE_JG_YEAR=2026&LOAD_TYPE=single,(홍파초)2026학년도 방과후_맞춤형 프로그램 위탁업체 연간 운영계획.hwp,,,,,,,,,,
wave2_seoul,B000001852,서울종암초등학교,서울특별시,시정표 제목만 있고 표 글자가 없음(이미지 표 가능),,https://www.schoolinfo.go.kr/ei/ss/Pneiss_b01_s0.do?SHL_IDF_CD=6774d7d9-ec03-43f5-98a4-337afef404c6,https://www.schoolinfo.go.kr/ei/pp/Pneipp_b14_s0p.do?GS_HANGMOK_CD=14&GS_HANGMOK_NO=2-%EA%B0%80&GS_HANGMOK_NM=%ED%95%99%EA%B5%90%EA%B5%90%EC%9C%A1%EA%B3%BC%EC%A0%95+%ED%8E%B8%EC%84%B1%E3%86%8D%EC%9A%B4%EC%98%81+%EB%B0%8F+%ED%8F%89%EA%B0%80%EC%97%90+%EA%B4%80%ED%95%9C+%EC%82%AC%ED%95%AD&GS_BURYU_CD=JG100&JG_BURYU_CD=JG020&JG_HANGMOK_CD=05&JG_GUBUN=1&JG_YEAR2=2026&HG_NM=%EC%84%9C%EC%9A%B8%EC%A2%85%EC%95%94%EC%B4%88%EB%93%B1%ED%95%99%EA%B5%90&SHL_IDF_CD=6774d7d9-ec03-43f5-98a4-337afef404c6&GS_TYPE=Y&JG_YEAR=2026&SORT=BR&CHOSEN_JG_YEAR=2026&PRE_JG_YEAR=2026&LOAD_TYPE=single,"2026학년도 종암초 학교교육과정 편성,운영 평가 계획.hwp / 2026학년도 종암초 연간학사일정.hwp",https://www.schoolinfo.go.kr/ei/pp/Pneipp_b73_s0p.do?GS_HANGMOK_CD=73&GS_HANGMOK_NO=15-%EB%9D%BC&GS_HANGMOK_NM=%EB%B0%A9%EA%B3%BC%ED%9B%84%ED%95%99%EA%B5%90+%EC%9A%B4%EC%98%81+%EA%B3%84%ED%9A%8D+%EB%B0%8F+%EC%9A%B4%EC%98%81%E3%86%8D%EC%A7%80%EC%9B%90%ED%98%84%ED%99%A9&GS_BURYU_CD=JG130&JG_BURYU_CD=JG150&JG_HANGMOK_CD=59&JG_GUBUN=1&JG_YEAR2=2026&HG_NM=%EC%84%9C%EC%9A%B8%EC%A2%85%EC%95%94%EC%B4%88%EB%93%B1%ED%95%99%EA%B5%90&SHL_IDF_CD=6774d7d9-ec03-43f5-98a4-337afef404c6&GS_TYPE=Y&JG_YEAR=2026&SORT=BR&CHOSEN_JG_YEAR=2026&PRE_JG_YEAR=2026&LOAD_TYPE=single,2026학년도 종암초 초등돌봄교실 운영계획.hwp / 2026학년도 종암초 방과후·맞춤형 운영계획 (안).hwpx,,,,,,,,,,
wave2_seoul,B000001853,서울홍릉초등학교,서울특별시,2-가 문서에서 시정표를 찾지 못함(요약본이거나 표가 이미지일 수 있음),,https://www.schoolinfo.go.kr/ei/ss/Pneiss_b01_s0.do?SHL_IDF_CD=177dc8c6-b6f0-4bb1-9bc0-c245c10ecb6e,https://www.schoolinfo.go.kr/ei/pp/Pneipp_b14_s0p.do?GS_HANGMOK_CD=14&GS_HANGMOK_NO=2-%EA%B0%80&GS_HANGMOK_NM=%ED%95%99%EA%B5%90%EA%B5%90%EC%9C%A1%EA%B3%BC%EC%A0%95+%ED%8E%B8%EC%84%B1%E3%86%8D%EC%9A%B4%EC%98%81+%EB%B0%8F+%ED%8F%89%EA%B0%80%EC%97%90+%EA%B4%80%ED%95%9C+%EC%82%AC%ED%95%AD&GS_BURYU_CD=JG100&JG_BURYU_CD=JG020&JG_HANGMOK_CD=05&JG_GUBUN=1&JG_YEAR2=2026&HG_NM=%EC%84%9C%EC%9A%B8%ED%99%8D%EB%A6%89%EC%B4%88%EB%93%B1%ED%95%99%EA%B5%90&SHL_IDF_CD=177dc8c6-b6f0-4bb1-9bc0-c245c10ecb6e&GS_TYPE=Y&JG_YEAR=2026&SORT=BR&CHOSEN_JG_YEAR=2026&PRE_JG_YEAR=2026&LOAD_TYPE=single,2026학년도 홍릉초 학교교육과정 편성?운영?평가 계획.pdf,https://www.schoolinfo.go.kr/ei/pp/Pneipp_b73_s0p.do?GS_HANGMOK_CD=73&GS_HANGMOK_NO=15-%EB%9D%BC&GS_HANGMOK_NM=%EB%B0%A9%EA%B3%BC%ED%9B%84%ED%95%99%EA%B5%90+%EC%9A%B4%EC%98%81+%EA%B3%84%ED%9A%8D+%EB%B0%8F+%EC%9A%B4%EC%98%81%E3%86%8D%EC%A7%80%EC%9B%90%ED%98%84%ED%99%A9&GS_BURYU_CD=JG130&JG_BURYU_CD=JG150&JG_HANGMOK_CD=59&JG_GUBUN=1&JG_YEAR2=2026&HG_NM=%EC%84%9C%EC%9A%B8%ED%99%8D%EB%A6%89%EC%B4%88%EB%93%B1%ED%95%99%EA%B5%90&SHL_IDF_CD=177dc8c6-b6f0-4bb1-9bc0-c245c10ecb6e&GS_TYPE=Y&JG_YEAR=2026&SORT=BR&CHOSEN_JG_YEAR=2026&PRE_JG_YEAR=2026&LOAD_TYPE=single,(학운위 심의)2026학년도 초등돌봄교실 운영계획(안)_돌봄.hwp / 2026 방과후(특수방과후)·맞춤형 프로그램 연간운영계획.hwp,,,,,,,,,,
wave2_seoul,B000001854,서울청량초등학교,서울특별시,,15-라 계획에 1학년 오후돌봄 종료 시각이 없음,https://www.schoolinfo.go.kr/ei/ss/Pneiss_b01_s0.do?SHL_IDF_CD=d0df9971-ba33-4f36-98c1-74b5d782a8d4,https://www.schoolinfo.go.kr/ei/pp/Pneipp_b14_s0p.do?GS_HANGMOK_CD=14&GS_HANGMOK_NO=2-%EA%B0%80&GS_HANGMOK_NM=%ED%95%99%EA%B5%90%EA%B5%90%EC%9C%A1%EA%B3%BC%EC%A0%95+%ED%8E%B8%EC%84%B1%E3%86%8D%EC%9A%B4%EC%98%81+%EB%B0%8F+%ED%8F%89%EA%B0%80%EC%97%90+%EA%B4%80%ED%95%9C+%EC%82%AC%ED%95%AD&GS_BURYU_CD=JG100&JG_BURYU_CD=JG020&JG_HANGMOK_CD=05&JG_GUBUN=1&JG_YEAR2=2026&HG_NM=%EC%84%9C%EC%9A%B8%EC%B2%AD%EB%9F%89%EC%B4%88%EB%93%B1%ED%95%99%EA%B5%90&SHL_IDF_CD=d0df9971-ba33-4f36-98c1-74b5d782a8d4&GS_TYPE=Y&JG_YEAR=2026&SORT=BR&CHOSEN_JG_YEAR=2026&PRE_JG_YEAR=2026&LOAD_TYPE=single,2026학년도 서울청량초 연간학사일정.hwp / 2026학년도 서울청량초 학교교육과정 편성 운영 평가 계획.hwp,https://www.schoolinfo.go.kr/ei/pp/Pneipp_b73_s0p.do?GS_HANGMOK_CD=73&GS_HANGMOK_NO=15-%EB%9D%BC&GS_HANGMOK_NM=%EB%B0%A9%EA%B3%BC%ED%9B%84%ED%95%99%EA%B5%90+%EC%9A%B4%EC%98%81+%EA%B3%84%ED%9A%8D+%EB%B0%8F+%EC%9A%B4%EC%98%81%E3%86%8D%EC%A7%80%EC%9B%90%ED%98%84%ED%99%A9&GS_BURYU_CD=JG130&JG_BURYU_CD=JG150&JG_HANGMOK_CD=59&JG_GUBUN=1&JG_YEAR2=2026&HG_NM=%EC%84%9C%EC%9A%B8%EC%B2%AD%EB%9F%89%EC%B4%88%EB%93%B1%ED%95%99%EA%B5%90&SHL_IDF_CD=d0df9971-ba33-4f36-98c1-74b5d782a8d4&GS_TYPE=Y&JG_YEAR=2026&SORT=BR&CHOSEN_JG_YEAR=2026&PRE_JG_YEAR=2026&LOAD_TYPE=single,(학운위안건)2026학년도 방과후 및 맞춤형교실 운영 계획 심의(안)-최종본.hwp / 2. 2025학년도 학교회계 결산서(안).pdf / 2026학년도 민참컴퓨터교실 1기 개설 현황 보고.hwp / 2026학년도 방과후교실 1기 개설 현황 보고.hwp,,,,,,,,,,
wave2_seoul,B000001855,서울휘봉초등학교,서울특별시,,15-라 계획에 1학년 오후돌봄 종료 시각이 없음,https://www.schoolinfo.go.kr/ei/ss/Pneiss_b01_s0.do?SHL_IDF_CD=a55532cd-b24e-40f9-9b66-5d0ff7d9566c,https://www.schoolinfo.go.kr/ei/pp/Pneipp_b14_s0p.do?GS_HANGMOK_CD=14&GS_HANGMOK_NO=2-%EA%B0%80&GS_HANGMOK_NM=%ED%95%99%EA%B5%90%EA%B5%90%EC%9C%A1%EA%B3%BC%EC%A0%95+%ED%8E%B8%EC%84%B1%E3%86%8D%EC%9A%B4%EC%98%81+%EB%B0%8F+%ED%8F%89%EA%B0%80%EC%97%90+%EA%B4%80%ED%95%9C+%EC%82%AC%ED%95%AD&GS_BURYU_CD=JG100&JG_BURYU_CD=JG020&JG_HANGMOK_CD=05&JG_GUBUN=1&JG_YEAR2=2026&HG_NM=%EC%84%9C%EC%9A%B8%ED%9C%98%EB%B4%89%EC%B4%88%EB%93%B1%ED%95%99%EA%B5%90&SHL_IDF_CD=a55532cd-b24e-40f9-9b66-5d0ff7d9566c&GS_TYPE=Y&JG_YEAR=2026&SORT=BR&CHOSEN_JG_YEAR=2026&PRE_JG_YEAR=2026&LOAD_TYPE=single,(휘봉초)2026학년도 학교교육과정 평가 계획.pdf / (휘봉초)2026학년도 학교교육과정 편성운영 계획.pdf,https://www.schoolinfo.go.kr/ei/pp/Pneipp_b73_s0p.do?GS_HANGMOK_CD=73&GS_HANGMOK_NO=15-%EB%9D%BC&GS_HANGMOK_NM=%EB%B0%A9%EA%B3%BC%ED%9B%84%ED%95%99%EA%B5%90+%EC%9A%B4%EC%98%81+%EA%B3%84%ED%9A%8D+%EB%B0%8F+%EC%9A%B4%EC%98%81%E3%86%8D%EC%A7%80%EC%9B%90%ED%98%84%ED%99%A9&GS_BURYU_CD=JG130&JG_BURYU_CD=JG150&JG_HANGMOK_CD=59&JG_GUBUN=1&JG_YEAR2=2026&HG_NM=%EC%84%9C%EC%9A%B8%ED%9C%98%EB%B4%89%EC%B4%88%EB%93%B1%ED%95%99%EA%B5%90&SHL_IDF_CD=a55532cd-b24e-40f9-9b66-5d0ff7d9566c&GS_TYPE=Y&JG_YEAR=2026&SORT=BR&CHOSEN_JG_YEAR=2026&PRE_JG_YEAR=2026&LOAD_TYPE=single,(취봉초) 2026학년도 방과후·맞춤형프로그램 연간운영계획(안)(강사명 삭제).hwp,,,,,,,,,,
wave2_seoul,B000001856,경희초등학교,서울특별시,2-가 문서에서 시정표를 찾지 못함(요약본이거나 표가 이미지일 수 있음),15-라 계획에 1학년 오후돌봄 종료 시각이 없음,https://www.schoolinfo.go.kr/ei/ss/Pneiss_b01_s0.do?SHL_IDF_CD=30b5c818-362d-4eac-8b41-cfbe9ccd4800,https://www.schoolinfo.go.kr/ei/pp/Pneipp_b14_s0p.do?GS_HANGMOK_CD=14&GS_HANGMOK_NO=2-%EA%B0%80&GS_HANGMOK_NM=%ED%95%99%EA%B5%90%EA%B5%90%EC%9C%A1%EA%B3%BC%EC%A0%95+%ED%8E%B8%EC%84%B1%E3%86%8D%EC%9A%B4%EC%98%81+%EB%B0%8F+%ED%8F%89%EA%B0%80%EC%97%90+%EA%B4%80%ED%95%9C+%EC%82%AC%ED%95%AD&GS_BURYU_CD=JG100&JG_BURYU_CD=JG020&JG_HANGMOK_CD=05&JG_GUBUN=1&JG_YEAR2=2026&HG_NM=%EA%B2%BD%ED%9D%AC%EC%B4%88%EB%93%B1%ED%95%99%EA%B5%90&SHL_IDF_CD=30b5c818-362d-4eac-8b41-cfbe9ccd4800&GS_TYPE=Y&JG_YEAR=2026&SORT=BR&CHOSEN_JG_YEAR=2026&PRE_JG_YEAR=2026&LOAD_TYPE=single,(정보공시1차)2026학년도 경희초 연간학사일정.hwp / (정보공시1차)2026학년도 경희초 학교교육과정_편성 운영 및 평가.hwp,https://www.schoolinfo.go.kr/ei/pp/Pneipp_b73_s0p.do?GS_HANGMOK_CD=73&GS_HANGMOK_NO=15-%EB%9D%BC&GS_HANGMOK_NM=%EB%B0%A9%EA%B3%BC%ED%9B%84%ED%95%99%EA%B5%90+%EC%9A%B4%EC%98%81+%EA%B3%84%ED%9A%8D+%EB%B0%8F+%EC%9A%B4%EC%98%81%E3%86%8D%EC%A7%80%EC%9B%90%ED%98%84%ED%99%A9&GS_BURYU_CD=JG130&JG_BURYU_CD=JG150&JG_HANGMOK_CD=59&JG_GUBUN=1&JG_YEAR2=2026&HG_NM=%EA%B2%BD%ED%9D%AC%EC%B4%88%EB%93%B1%ED%95%99%EA%B5%90&SHL_IDF_CD=30b5c818-362d-4eac-8b41-cfbe9ccd4800&GS_TYPE=Y&JG_YEAR=2026&SORT=BR&CHOSEN_JG_YEAR=2026&PRE_JG_YEAR=2026&LOAD_TYPE=single,2026학년도 경희초 방과후학교 운영계획.hwp,,,,,,,,,,
wave2_seoul,B000001858,은석초등학교,서울특별시,2-가 문서에서 시정표를 찾지 못함(요약본이거나 표가 이미지일 수 있음),15-라 계획에 1학년 오후돌봄 종료 시각이 없음,https://www.schoolinfo.go.kr/ei/ss/Pneiss_b01_s0.do?SHL_IDF_CD=81f0cde5-7867-4302-94bd-363bd90cbc44,https://www.schoolinfo.go.kr/ei/pp/Pneipp_b14_s0p.do?GS_HANGMOK_CD=14&GS_HANGMOK_NO=2-%EA%B0%80&GS_HANGMOK_NM=%ED%95%99%EA%B5%90%EA%B5%90%EC%9C%A1%EA%B3%BC%EC%A0%95+%ED%8E%B8%EC%84%B1%E3%86%8D%EC%9A%B4%EC%98%81+%EB%B0%8F+%ED%8F%89%EA%B0%80%EC%97%90+%EA%B4%80%ED%95%9C+%EC%82%AC%ED%95%AD&GS_BURYU_CD=JG100&JG_BURYU_CD=JG020&JG_HANGMOK_CD=05&JG_GUBUN=1&JG_YEAR2=2026&HG_NM=%EC%9D%80%EC%84%9D%EC%B4%88%EB%93%B1%ED%95%99%EA%B5%90&SHL_IDF_CD=81f0cde5-7867-4302-94bd-363bd90cbc44&GS_TYPE=Y&JG_YEAR=2026&SORT=BR&CHOSEN_JG_YEAR=2026&PRE_JG_YEAR=2026&LOAD_TYPE=single,(은석초)정보공시 1차-1.hwp,https://www.schoolinfo.go.kr/ei/pp/Pneipp_b73_s0p.do?GS_HANGMOK_CD=73&GS_HANGMOK_NO=15-%EB%9D%BC&GS_HANGMOK_NM=%EB%B0%A9%EA%B3%BC%ED%9B%84%ED%95%99%EA%B5%90+%EC%9A%B4%EC%98%81+%EA%B3%84%ED%9A%8D+%EB%B0%8F+%EC%9A%B4%EC%98%81%E3%86%8D%EC%A7%80%EC%9B%90%ED%98%84%ED%99%A9&GS_BURYU_CD=JG130&JG_BURYU_CD=JG150&JG_HANGMOK_CD=59&JG_GUBUN=1&JG_YEAR2=2026&HG_NM=%EC%9D%80%EC%84%9D%EC%B4%88%EB%93%B1%ED%95%99%EA%B5%90&SHL_IDF_CD=81f0cde5-7867-4302-94bd-363bd90cbc44&GS_TYPE=Y&JG_YEAR=2026&SORT=BR&CHOSEN_JG_YEAR=2026&PRE_JG_YEAR=2026&LOAD_TYPE=single,2026학년도 방과후학교 운영계획 1부.hwp,,,,,,,,,,
wave2_seoul,B000001863,서울망우초등학교,서울특별시,시정표 제목만 있고 표 글자가 없음(이미지 표 가능),,https://www.schoolinfo.go.kr/ei/ss/Pneiss_b01_s0.do?SHL_IDF_CD=b8fb03b1-0685-43c1-a264-60d6386af0ca,https://www.schoolinfo.go.kr/ei/pp/Pneipp_b14_s0p.do?GS_HANGMOK_CD=14&GS_HANGMOK_NO=2-%EA%B0%80&GS_HANGMOK_NM=%ED%95%99%EA%B5%90%EA%B5%90%EC%9C%A1%EA%B3%BC%EC%A0%95+%ED%8E%B8%EC%84%B1%E3%86%8D%EC%9A%B4%EC%98%81+%EB%B0%8F+%ED%8F%89%EA%B0%80%EC%97%90+%EA%B4%80%ED%95%9C+%EC%82%AC%ED%95%AD&GS_BURYU_CD=JG100&JG_BURYU_CD=JG020&JG_HANGMOK_CD=05&JG_GUBUN=1&JG_YEAR2=2026&HG_NM=%EC%84%9C%EC%9A%B8%EB%A7%9D%EC%9A%B0%EC%B4%88%EB%93%B1%ED%95%99%EA%B5%90&SHL_IDF_CD=b8fb03b1-0685-43c1-a264-60d6386af0ca&GS_TYPE=Y&JG_YEAR=2026&SORT=BR&CHOSEN_JG_YEAR=2026&PRE_JG_YEAR=2026&LOAD_TYPE=single,2026학년도 서울망우초등학교 학교교육과정 편성 운영 및 평가계획.hwp / 2026학년도 서울망우초등학교 연간학사일정.hwpx,https://www.schoolinfo.go.kr/ei/pp/Pneipp_b73_s0p.do?GS_HANGMOK_CD=73&GS_HANGMOK_NO=15-%EB%9D%BC&GS_HANGMOK_NM=%EB%B0%A9%EA%B3%BC%ED%9B%84%ED%95%99%EA%B5%90+%EC%9A%B4%EC%98%81+%EA%B3%84%ED%9A%8D+%EB%B0%8F+%EC%9A%B4%EC%98%81%E3%86%8D%EC%A7%80%EC%9B%90%ED%98%84%ED%99%A9&GS_BURYU_CD=JG130&JG_BURYU_CD=JG150&JG_HANGMOK_CD=59&JG_GUBUN=1&JG_YEAR2=2026&HG_NM=%EC%84%9C%EC%9A%B8%EB%A7%9D%EC%9A%B0%EC%B4%88%EB%93%B1%ED%95%99%EA%B5%90&SHL_IDF_CD=b8fb03b1-0685-43c1-a264-60d6386af0ca&GS_TYPE=Y&JG_YEAR=2026&SORT=BR&CHOSEN_JG_YEAR=2026&PRE_JG_YEAR=2026&LOAD_TYPE=single,2026학년도 서울망우초등학교 방과후학교 운영 계획.hwp / 2026학년도 서울망우초등학교 초등돌봄교실 운영 계획.hwp,,,,,,,,,,
wave2_seoul,B000001866,서울중곡초등학교,서울특별시,2-가 문서에서 시정표를 찾지 못함(요약본이거나 표가 이미지일 수 있음),15-라 계획에 1학년 오후돌봄 종료 시각이 없음 (돌봄반 종료 시각 문구 없음),https://www.schoolinfo.go.kr/ei/ss/Pneiss_b01_s0.do?SHL_IDF_CD=ed738542-aa0c-4c27-b6c7-6077c08b79ad,https://www.schoolinfo.go.kr/ei/pp/Pneipp_b14_s0p.do?GS_HANGMOK_CD=14&GS_HANGMOK_NO=2-%EA%B0%80&GS_HANGMOK_NM=%ED%95%99%EA%B5%90%EA%B5%90%EC%9C%A1%EA%B3%BC%EC%A0%95+%ED%8E%B8%EC%84%B1%E3%86%8D%EC%9A%B4%EC%98%81+%EB%B0%8F+%ED%8F%89%EA%B0%80%EC%97%90+%EA%B4%80%ED%95%9C+%EC%82%AC%ED%95%AD&GS_BURYU_CD=JG100&JG_BURYU_CD=JG020&JG_HANGMOK_CD=05&JG_GUBUN=1&JG_YEAR2=2026&HG_NM=%EC%84%9C%EC%9A%B8%EC%A4%91%EA%B3%A1%EC%B4%88%EB%93%B1%ED%95%99%EA%B5%90&SHL_IDF_CD=ed738542-aa0c-4c27-b6c7-6077c08b79ad&GS_TYPE=Y&JG_YEAR=2026&SORT=BR&CHOSEN_JG_YEAR=2026&PRE_JG_YEAR=2026&LOAD_TYPE=single,2026학년도 중곡초 연간학사일정.hwp / 2026학년도 중곡초 학교교육과정 편성운영 및 평가에 관한 사항.hwp,https://www.schoolinfo.go.kr/ei/pp/Pneipp_b73_s0p.do?GS_HANGMOK_CD=73&GS_HANGMOK_NO=15-%EB%9D%BC&GS_HANGMOK_NM=%EB%B0%A9%EA%B3%BC%ED%9B%84%ED%95%99%EA%B5%90+%EC%9A%B4%EC%98%81+%EA%B3%84%ED%9A%8D+%EB%B0%8F+%EC%9A%B4%EC%98%81%E3%86%8D%EC%A7%80%EC%9B%90%ED%98%84%ED%99%A9&GS_BURYU_CD=JG130&JG_BURYU_CD=JG150&JG_HANGMOK_CD=59&JG_GUBUN=1&JG_YEAR2=2026&HG_NM=%EC%84%9C%EC%9A%B8%EC%A4%91%EA%B3%A1%EC%B4%88%EB%93%B1%ED%95%99%EA%B5%90&SHL_IDF_CD=ed738542-aa0c-4c27-b6c7-6077c08b79ad&GS_TYPE=Y&JG_YEAR=2026&SORT=BR&CHOSEN_JG_YEAR=2026&PRE_JG_YEAR=2026&LOAD_TYPE=single,2026학년도 서울중곡초등학교 방과후교실 연간 운영 계획.hwp,,,,,,,,,,
wave2_seoul,B000001867,서울면동초등학교,서울특별시,2-가 문서에서 시정표를 찾지 못함(요약본이거나 표가 이미지일 수 있음),15-라 계획에 1학년 오후돌봄 종료 시각이 없음 (돌봄 시간 문구 없음),https://www.schoolinfo.go.kr/ei/ss/Pneiss_b01_s0.do?SHL_IDF_CD=9ec67924-096a-48da-9b4b-7f413e10ed44,https://www.schoolinfo.go.kr/ei/pp/Pneipp_b14_s0p.do?GS_HANGMOK_CD=14&GS_HANGMOK_NO=2-%EA%B0%80&GS_HANGMOK_NM=%ED%95%99%EA%B5%90%EA%B5%90%EC%9C%A1%EA%B3%BC%EC%A0%95+%ED%8E%B8%EC%84%B1%E3%86%8D%EC%9A%B4%EC%98%81+%EB%B0%8F+%ED%8F%89%EA%B0%80%EC%97%90+%EA%B4%80%ED%95%9C+%EC%82%AC%ED%95%AD&GS_BURYU_CD=JG100&JG_BURYU_CD=JG020&JG_HANGMOK_CD=05&JG_GUBUN=1&JG_YEAR2=2026&HG_NM=%EC%84%9C%EC%9A%B8%EB%A9%B4%EB%8F%99%EC%B4%88%EB%93%B1%ED%95%99%EA%B5%90&SHL_IDF_CD=9ec67924-096a-48da-9b4b-7f413e10ed44&GS_TYPE=Y&JG_YEAR=2026&SORT=BR&CHOSEN_JG_YEAR=2026&PRE_JG_YEAR=2026&LOAD_TYPE=single,2026학년도 학교교육과정 편성운영평가 계획.pdf / 2026학년도 연간 학사 일정.pdf,https://www.schoolinfo.go.kr/ei/pp/Pneipp_b73_s0p.do?GS_HANGMOK_CD=73&GS_HANGMOK_NO=15-%EB%9D%BC&GS_HANGMOK_NM=%EB%B0%A9%EA%B3%BC%ED%9B%84%ED%95%99%EA%B5%90+%EC%9A%B4%EC%98%81+%EA%B3%84%ED%9A%8D+%EB%B0%8F+%EC%9A%B4%EC%98%81%E3%86%8D%EC%A7%80%EC%9B%90%ED%98%84%ED%99%A9&GS_BURYU_CD=JG130&JG_BURYU_CD=JG150&JG_HANGMOK_CD=59&JG_GUBUN=1&JG_YEAR2=2026&HG_NM=%EC%84%9C%EC%9A%B8%EB%A9%B4%EB%8F%99%EC%B4%88%EB%93%B1%ED%95%99%EA%B5%90&SHL_IDF_CD=9ec67924-096a-48da-9b4b-7f413e10ed44&GS_TYPE=Y&JG_YEAR=2026&SORT=BR&CHOSEN_JG_YEAR=2026&PRE_JG_YEAR=2026&LOAD_TYPE=single,2026학년도 방과후교실 연간 운영 계획.hwp,,,,,,,,,,
wave2_seoul,B000001869,서울중랑초등학교,서울특별시,2-가 문서에서 시정표를 찾지 못함(요약본이거나 표가 이미지일 수 있음),,https://www.schoolinfo.go.kr/ei/ss/Pneiss_b01_s0.do?SHL_IDF_CD=7e24e835-2148-4dc6-95d5-e7509eb0433a,https://www.schoolinfo.go.kr/ei/pp/Pneipp_b14_s0p.do?GS_HANGMOK_CD=14&GS_HANGMOK_NO=2-%EA%B0%80&GS_HANGMOK_NM=%ED%95%99%EA%B5%90%EA%B5%90%EC%9C%A1%EA%B3%BC%EC%A0%95+%ED%8E%B8%EC%84%B1%E3%86%8D%EC%9A%B4%EC%98%81+%EB%B0%8F+%ED%8F%89%EA%B0%80%EC%97%90+%EA%B4%80%ED%95%9C+%EC%82%AC%ED%95%AD&GS_BURYU_CD=JG100&JG_BURYU_CD=JG020&JG_HANGMOK_CD=05&JG_GUBUN=1&JG_YEAR2=2026&HG_NM=%EC%84%9C%EC%9A%B8%EC%A4%91%EB%9E%91%EC%B4%88%EB%93%B1%ED%95%99%EA%B5%90&SHL_IDF_CD=7e24e835-2148-4dc6-95d5-e7509eb0433a&GS_TYPE=Y&JG_YEAR=2026&SORT=BR&CHOSEN_JG_YEAR=2026&PRE_JG_YEAR=2026&LOAD_TYPE=single,2026학년도 중랑초 연간학사일정.hwp / 2026학년도 중랑초 학교교육과정 편성·운영·평가 계획.hwp,https://www.schoolinfo.go.kr/ei/pp/Pneipp_b73_s0p.do?GS_HANGMOK_CD=73&GS_HANGMOK_NO=15-%EB%9D%BC&GS_HANGMOK_NM=%EB%B0%A9%EA%B3%BC%ED%9B%84%ED%95%99%EA%B5%90+%EC%9A%B4%EC%98%81+%EA%B3%84%ED%9A%8D+%EB%B0%8F+%EC%9A%B4%EC%98%81%E3%86%8D%EC%A7%80%EC%9B%90%ED%98%84%ED%99%A9&GS_BURYU_CD=JG130&JG_BURYU_CD=JG150&JG_HANGMOK_CD=59&JG_GUBUN=1&JG_YEAR2=2026&HG_NM=%EC%84%9C%EC%9A%B8%EC%A4%91%EB%9E%91%EC%B4%88%EB%93%B1%ED%95%99%EA%B5%90&SHL_IDF_CD=7e24e835-2148-4dc6-95d5-e7509eb0433a&GS_TYPE=Y&JG_YEAR=2026&SORT=BR&CHOSEN_JG_YEAR=2026&PRE_JG_YEAR=2026&LOAD_TYPE=single,2026학년도 초등돌봄교실 연간 운영 계획(안).hwp / 2026학년도 방과후·맞춤형 위탁업체 선정 및 연간 운영 계획(안).hwp,,,,,,,,,,
wave2_seoul,B000001870,서울원묵초등학교,서울특별시,2-가 문서에서 시정표를 찾지 못함(요약본이거나 표가 이미지일 수 있음),,https://www.schoolinfo.go.kr/ei/ss/Pneiss_b01_s0.do?SHL_IDF_CD=24373295-57c0-4262-9db4-0eed3523d78a,https://www.schoolinfo.go.kr/ei/pp/Pneipp_b14_s0p.do?GS_HANGMOK_CD=14&GS_HANGMOK_NO=2-%EA%B0%80&GS_HANGMOK_NM=%ED%95%99%EA%B5%90%EA%B5%90%EC%9C%A1%EA%B3%BC%EC%A0%95+%ED%8E%B8%EC%84%B1%E3%86%8D%EC%9A%B4%EC%98%81+%EB%B0%8F+%ED%8F%89%EA%B0%80%EC%97%90+%EA%B4%80%ED%95%9C+%EC%82%AC%ED%95%AD&GS_BURYU_CD=JG100&JG_BURYU_CD=JG020&JG_HANGMOK_CD=05&JG_GUBUN=1&JG_YEAR2=2026&HG_NM=%EC%84%9C%EC%9A%B8%EC%9B%90%EB%AC%B5%EC%B4%88%EB%93%B1%ED%95%99%EA%B5%90&SHL_IDF_CD=24373295-57c0-4262-9db4-0eed3523d78a&GS_TYPE=Y&JG_YEAR=2026&SORT=BR&CHOSEN_JG_YEAR=2026&PRE_JG_YEAR=2026&LOAD_TYPE=single,2026학년도 원묵초 연간학사일정.pdf / 2026학년도 원묵초 학교교육과정 편성·운영·평가 계획.pdf,https://www.schoolinfo.go.kr/ei/pp/Pneipp_b73_s0p.do?GS_HANGMOK_CD=73&GS_HANGMOK_NO=15-%EB%9D%BC&GS_HANGMOK_NM=%EB%B0%A9%EA%B3%BC%ED%9B%84%ED%95%99%EA%B5%90+%EC%9A%B4%EC%98%81+%EA%B3%84%ED%9A%8D+%EB%B0%8F+%EC%9A%B4%EC%98%81%E3%86%8D%EC%A7%80%EC%9B%90%ED%98%84%ED%99%A9&GS_BURYU_CD=JG130&JG_BURYU_CD=JG150&JG_HANGMOK_CD=59&JG_GUBUN=1&JG_YEAR2=2026&HG_NM=%EC%84%9C%EC%9A%B8%EC%9B%90%EB%AC%B5%EC%B4%88%EB%93%B1%ED%95%99%EA%B5%90&SHL_IDF_CD=24373295-57c0-4262-9db4-0eed3523d78a&GS_TYPE=Y&JG_YEAR=2026&SORT=BR&CHOSEN_JG_YEAR=2026&PRE_JG_YEAR=2026&LOAD_TYPE=single,2026학년도 원묵초등학교 방과후학교 운영 계획.hwp / 2026학년도 원묵초등학교 초등돌봄교실 운영 계획.hwp,,,,,,,,,,
wave2_seoul,B000001872,서울신묵초등학교,서울특별시,시정표 제목만 있고 표 글자가 없음(이미지 표 가능),,https://www.schoolinfo.go.kr/ei/ss/Pneiss_b01_s0.do?SHL_IDF_CD=3eaeddec-bb5a-4b25-9a0b-6480a0c4ca34,https://www.schoolinfo.go.kr/ei/pp/Pneipp_b14_s0p.do?GS_HANGMOK_CD=14&GS_HANGMOK_NO=2-%EA%B0%80&GS_HANGMOK_NM=%ED%95%99%EA%B5%90%EA%B5%90%EC%9C%A1%EA%B3%BC%EC%A0%95+%ED%8E%B8%EC%84%B1%E3%86%8D%EC%9A%B4%EC%98%81+%EB%B0%8F+%ED%8F%89%EA%B0%80%EC%97%90+%EA%B4%80%ED%95%9C+%EC%82%AC%ED%95%AD&GS_BURYU_CD=JG100&JG_BURYU_CD=JG020&JG_HANGMOK_CD=05&JG_GUBUN=1&JG_YEAR2=2026&HG_NM=%EC%84%9C%EC%9A%B8%EC%8B%A0%EB%AC%B5%EC%B4%88%EB%93%B1%ED%95%99%EA%B5%90&SHL_IDF_CD=3eaeddec-bb5a-4b25-9a0b-6480a0c4ca34&GS_TYPE=Y&JG_YEAR=2026&SORT=BR&CHOSEN_JG_YEAR=2026&PRE_JG_YEAR=2026&LOAD_TYPE=single,(신묵초)2026학년도 학교교육과정 편성 운영 및 평가에 관한 사항 1부.hwp,https://www.schoolinfo.go.kr/ei/pp/Pneipp_b73_s0p.do?GS_HANGMOK_CD=73&GS_HANGMOK_NO=15-%EB%9D%BC&GS_HANGMOK_NM=%EB%B0%A9%EA%B3%BC%ED%9B%84%ED%95%99%EA%B5%90+%EC%9A%B4%EC%98%81+%EA%B3%84%ED%9A%8D+%EB%B0%8F+%EC%9A%B4%EC%98%81%E3%86%8D%EC%A7%80%EC%9B%90%ED%98%84%ED%99%A9&GS_BURYU_CD=JG130&JG_BURYU_CD=JG150&JG_HANGMOK_CD=59&JG_GUBUN=1&JG_YEAR2=2026&HG_NM=%EC%84%9C%EC%9A%B8%EC%8B%A0%EB%AC%B5%EC%B4%88%EB%93%B1%ED%95%99%EA%B5%90&SHL_IDF_CD=3eaeddec-bb5a-4b25-9a0b-6480a0c4ca34&GS_TYPE=Y&JG_YEAR=2026&SORT=BR&CHOSEN_JG_YEAR=2026&PRE_JG_YEAR=2026&LOAD_TYPE=single,"2026학년도 돌봄교실 연간교육계획안 및 안전교육계획안.hwpx / 2026학년도 방과후·맞춤형교실 연간운영계획(안).hwp / 2026년 4월 돌봄교실 교육계획안1.hwp / 2026학년도 제1기 방과후교실 운영 계획(안).hwp / 2025학년도 돌봄교실 연간교육 계획안 및 안전교육 계획안.hwpx / 2025학년도 늘봄학교(선택형,맞춤형) 연간 운영 계획(안).hwp",,,,,,,,,,
wave2_seoul,B000001873,서울상봉초등학교,서울특별시,2-가 문서에서 시정표를 찾지 못함(요약본이거나 표가 이미지일 수 있음),,https://www.schoolinfo.go.kr/ei/ss/Pneiss_b01_s0.do?SHL_IDF_CD=c2f1eecb-0e1a-44b9-bd5a-184619e8908f,https://www.schoolinfo.go.kr/ei/pp/Pneipp_b14_s0p.do?GS_HANGMOK_CD=14&GS_HANGMOK_NO=2-%EA%B0%80&GS_HANGMOK_NM=%ED%95%99%EA%B5%90%EA%B5%90%EC%9C%A1%EA%B3%BC%EC%A0%95+%ED%8E%B8%EC%84%B1%E3%86%8D%EC%9A%B4%EC%98%81+%EB%B0%8F+%ED%8F%89%EA%B0%80%EC%97%90+%EA%B4%80%ED%95%9C+%EC%82%AC%ED%95%AD&GS_BURYU_CD=JG100&JG_BURYU_CD=JG020&JG_HANGMOK_CD=05&JG_GUBUN=1&JG_YEAR2=2026&HG_NM=%EC%84%9C%EC%9A%B8%EC%83%81%EB%B4%89%EC%B4%88%EB%93%B1%ED%95%99%EA%B5%90&SHL_IDF_CD=c2f1eecb-0e1a-44b9-bd5a-184619e8908f&GS_TYPE=Y&JG_YEAR=2026&SORT=BR&CHOSEN_JG_YEAR=2026&PRE_JG_YEAR=2026&LOAD_TYPE=single,2026학년도 상봉초 연간학사일정.hwp / 2026학년도 상봉초 학교교육과정 편성 운영 및 평가 계획.hwpx,https://www.schoolinfo.go.kr/ei/pp/Pneipp_b73_s0p.do?GS_HANGMOK_CD=73&GS_HANGMOK_NO=15-%EB%9D%BC&GS_HANGMOK_NM=%EB%B0%A9%EA%B3%BC%ED%9B%84%ED%95%99%EA%B5%90+%EC%9A%B4%EC%98%81+%EA%B3%84%ED%9A%8D+%EB%B0%8F+%EC%9A%B4%EC%98%81%E3%86%8D%EC%A7%80%EC%9B%90%ED%98%84%ED%99%A9&GS_BURYU_CD=JG130&JG_BURYU_CD=JG150&JG_HANGMOK_CD=59&JG_GUBUN=1&JG_YEAR2=2026&HG_NM=%EC%84%9C%EC%9A%B8%EC%83%81%EB%B4%89%EC%B4%88%EB%93%B1%ED%95%99%EA%B5%90&SHL_IDF_CD=c2f1eecb-0e1a-44b9-bd5a-184619e8908f&GS_TYPE=Y&JG_YEAR=2026&SORT=BR&CHOSEN_JG_YEAR=2026&PRE_JG_YEAR=2026&LOAD_TYPE=single,2026학년도 상봉초 돌봄교실 운영계획.hwp / 2026학년도 상봉초 방과후교실 연간운영계획.hwp,,,,,,,,,,
wave2_seoul,B000001874,서울신현초등학교,서울특별시,2-가 문서에서 시정표를 찾지 못함(요약본이거나 표가 이미지일 수 있음),15-라 계획에 1학년 오후돌봄 종료 시각이 없음 (돌봄 종료 시각 문구 없음),https://www.schoolinfo.go.kr/ei/ss/Pneiss_b01_s0.do?SHL_IDF_CD=ca981827-923b-4b7e-9ffd-7d3c621a72b0,https://www.schoolinfo.go.kr/ei/pp/Pneipp_b14_s0p.do?GS_HANGMOK_CD=14&GS_HANGMOK_NO=2-%EA%B0%80&GS_HANGMOK_NM=%ED%95%99%EA%B5%90%EA%B5%90%EC%9C%A1%EA%B3%BC%EC%A0%95+%ED%8E%B8%EC%84%B1%E3%86%8D%EC%9A%B4%EC%98%81+%EB%B0%8F+%ED%8F%89%EA%B0%80%EC%97%90+%EA%B4%80%ED%95%9C+%EC%82%AC%ED%95%AD&GS_BURYU_CD=JG100&JG_BURYU_CD=JG020&JG_HANGMOK_CD=05&JG_GUBUN=1&JG_YEAR2=2026&HG_NM=%EC%84%9C%EC%9A%B8%EC%8B%A0%ED%98%84%EC%B4%88%EB%93%B1%ED%95%99%EA%B5%90&SHL_IDF_CD=ca981827-923b-4b7e-9ffd-7d3c621a72b0&GS_TYPE=Y&JG_YEAR=2026&SORT=BR&CHOSEN_JG_YEAR=2026&PRE_JG_YEAR=2026&LOAD_TYPE=single,(신현초) 학교교육과정 편성 운영 및 평가에 관한 사항(4월 정보공시-가).hwp,https://www.schoolinfo.go.kr/ei/pp/Pneipp_b73_s0p.do?GS_HANGMOK_CD=73&GS_HANGMOK_NO=15-%EB%9D%BC&GS_HANGMOK_NM=%EB%B0%A9%EA%B3%BC%ED%9B%84%ED%95%99%EA%B5%90+%EC%9A%B4%EC%98%81+%EA%B3%84%ED%9A%8D+%EB%B0%8F+%EC%9A%B4%EC%98%81%E3%86%8D%EC%A7%80%EC%9B%90%ED%98%84%ED%99%A9&GS_BURYU_CD=JG130&JG_BURYU_CD=JG150&JG_HANGMOK_CD=59&JG_GUBUN=1&JG_YEAR2=2026&HG_NM=%EC%84%9C%EC%9A%B8%EC%8B%A0%ED%98%84%EC%B4%88%EB%93%B1%ED%95%99%EA%B5%90&SHL_IDF_CD=ca981827-923b-4b7e-9ffd-7d3c621a72b0&GS_TYPE=Y&JG_YEAR=2026&SORT=BR&CHOSEN_JG_YEAR=2026&PRE_JG_YEAR=2026&LOAD_TYPE=single,2026학년도 방과후돌봄 연간 운영 계획.hwpx,,,,,,,,,,
wave2_seoul,B000001875,서울신내초등학교,서울특별시,2-가 문서에서 시정표를 찾지 못함(요약본이거나 표가 이미지일 수 있음),,https://www.schoolinfo.go.kr/ei/ss/Pneiss_b01_s0.do?SHL_IDF_CD=90a56024-064d-4cd8-b39f-049eab400478,https://www.schoolinfo.go.kr/ei/pp/Pneipp_b14_s0p.do?GS_HANGMOK_CD=14&GS_HANGMOK_NO=2-%EA%B0%80&GS_HANGMOK_NM=%ED%95%99%EA%B5%90%EA%B5%90%EC%9C%A1%EA%B3%BC%EC%A0%95+%ED%8E%B8%EC%84%B1%E3%86%8D%EC%9A%B4%EC%98%81+%EB%B0%8F+%ED%8F%89%EA%B0%80%EC%97%90+%EA%B4%80%ED%95%9C+%EC%82%AC%ED%95%AD&GS_BURYU_CD=JG100&JG_BURYU_CD=JG020&JG_HANGMOK_CD=05&JG_GUBUN=1&JG_YEAR2=2026&HG_NM=%EC%84%9C%EC%9A%B8%EC%8B%A0%EB%82%B4%EC%B4%88%EB%93%B1%ED%95%99%EA%B5%90&SHL_IDF_CD=90a56024-064d-4cd8-b39f-049eab400478&GS_TYPE=Y&JG_YEAR=2026&SORT=BR&CHOSEN_JG_YEAR=2026&PRE_JG_YEAR=2026&LOAD_TYPE=single,2026학년도 신내초 학교교육과정 편성운영평가계획.hwp,https://www.schoolinfo.go.kr/ei/pp/Pneipp_b73_s0p.do?GS_HANGMOK_CD=73&GS_HANGMOK_NO=15-%EB%9D%BC&GS_HANGMOK_NM=%EB%B0%A9%EA%B3%BC%ED%9B%84%ED%95%99%EA%B5%90+%EC%9A%B4%EC%98%81+%EA%B3%84%ED%9A%8D+%EB%B0%8F+%EC%9A%B4%EC%98%81%E3%86%8D%EC%A7%80%EC%9B%90%ED%98%84%ED%99%A9&GS_BURYU_CD=JG130&JG_BURYU_CD=JG150&JG_HANGMOK_CD=59&JG_GUBUN=1&JG_YEAR2=2026&HG_NM=%EC%84%9C%EC%9A%B8%EC%8B%A0%EB%82%B4%EC%B4%88%EB%93%B1%ED%95%99%EA%B5%90&SHL_IDF_CD=90a56024-064d-4cd8-b39f-049eab400478&GS_TYPE=Y&JG_YEAR=2026&SORT=BR&CHOSEN_JG_YEAR=2026&PRE_JG_YEAR=2026&LOAD_TYPE=single,2026학년도 방과후돌봄 운영계획.hwpx,,,,,,,,,,
wave2_seoul,B000001877,서울봉화초등학교,서울특별시,2-가 문서에서 시정표를 찾지 못함(요약본이거나 표가 이미지일 수 있음),,https://www.schoolinfo.go.kr/ei/ss/Pneiss_b01_s0.do?SHL_IDF_CD=2920b94f-627b-42bd-9701-b9cb578131aa,https://www.schoolinfo.go.kr/ei/pp/Pneipp_b14_s0p.do?GS_HANGMOK_CD=14&GS_HANGMOK_NO=2-%EA%B0%80&GS_HANGMOK_NM=%ED%95%99%EA%B5%90%EA%B5%90%EC%9C%A1%EA%B3%BC%EC%A0%95+%ED%8E%B8%EC%84%B1%E3%86%8D%EC%9A%B4%EC%98%81+%EB%B0%8F+%ED%8F%89%EA%B0%80%EC%97%90+%EA%B4%80%ED%95%9C+%EC%82%AC%ED%95%AD&GS_BURYU_CD=JG100&JG_BURYU_CD=JG020&JG_HANGMOK_CD=05&JG_GUBUN=1&JG_YEAR2=2026&HG_NM=%EC%84%9C%EC%9A%B8%EB%B4%89%ED%99%94%EC%B4%88%EB%93%B1%ED%95%99%EA%B5%90&SHL_IDF_CD=2920b94f-627b-42bd-9701-b9cb578131aa&GS_TYPE=Y&JG_YEAR=2026&SORT=BR&CHOSEN_JG_YEAR=2026&PRE_JG_YEAR=2026&LOAD_TYPE=single,2026학년도 봉화초 학교교육과정 편성 운영 평가 계획.hwpx,https://www.schoolinfo.go.kr/ei/pp/Pneipp_b73_s0p.do?GS_HANGMOK_CD=73&GS_HANGMOK_NO=15-%EB%9D%BC&GS_HANGMOK_NM=%EB%B0%A9%EA%B3%BC%ED%9B%84%ED%95%99%EA%B5%90+%EC%9A%B4%EC%98%81+%EA%B3%84%ED%9A%8D+%EB%B0%8F+%EC%9A%B4%EC%98%81%E3%86%8D%EC%A7%80%EC%9B%90%ED%98%84%ED%99%A9&GS_BURYU_CD=JG130&JG_BURYU_CD=JG150&JG_HANGMOK_CD=59&JG_GUBUN=1&JG_YEAR2=2026&HG_NM=%EC%84%9C%EC%9A%B8%EB%B4%89%ED%99%94%EC%B4%88%EB%93%B1%ED%95%99%EA%B5%90&SHL_IDF_CD=2920b94f-627b-42bd-9701-b9cb578131aa&GS_TYPE=Y&JG_YEAR=2026&SORT=BR&CHOSEN_JG_YEAR=2026&PRE_JG_YEAR=2026&LOAD_TYPE=single,2026학년도 서울봉화초등학교 초등돌봄교실 운영 계획.hwp / 2026학년도 서울봉화초등학교 방과후학교 운영 계획.hwp,,,,,,,,,,
wave2_seoul,B000001879,서울중흥초등학교,서울특별시,2-가 문서에서 시정표를 찾지 못함(요약본이거나 표가 이미지일 수 있음),,https://www.schoolinfo.go.kr/ei/ss/Pneiss_b01_s0.do?SHL_IDF_CD=6343a273-66bf-4f89-a67a-649fc790bc40,https://www.schoolinfo.go.kr/ei/pp/Pneipp_b14_s0p.do?GS_HANGMOK_CD=14&GS_HANGMOK_NO=2-%EA%B0%80&GS_HANGMOK_NM=%ED%95%99%EA%B5%90%EA%B5%90%EC%9C%A1%EA%B3%BC%EC%A0%95+%ED%8E%B8%EC%84%B1%E3%86%8D%EC%9A%B4%EC%98%81+%EB%B0%8F+%ED%8F%89%EA%B0%80%EC%97%90+%EA%B4%80%ED%95%9C+%EC%82%AC%ED%95%AD&GS_BURYU_CD=JG100&JG_BURYU_CD=JG020&JG_HANGMOK_CD=05&JG_GUBUN=1&JG_YEAR2=2026&HG_NM=%EC%84%9C%EC%9A%B8%EC%A4%91%ED%9D%A5%EC%B4%88%EB%93%B1%ED%95%99%EA%B5%90&SHL_IDF_CD=6343a273-66bf-4f89-a67a-649fc790bc40&GS_TYPE=Y&JG_YEAR=2026&SORT=BR&CHOSEN_JG_YEAR=2026&PRE_JG_YEAR=2026&LOAD_TYPE=single,2-가.hwp,https://www.schoolinfo.go.kr/ei/pp/Pneipp_b73_s0p.do?GS_HANGMOK_CD=73&GS_HANGMOK_NO=15-%EB%9D%BC&GS_HANGMOK_NM=%EB%B0%A9%EA%B3%BC%ED%9B%84%ED%95%99%EA%B5%90+%EC%9A%B4%EC%98%81+%EA%B3%84%ED%9A%8D+%EB%B0%8F+%EC%9A%B4%EC%98%81%E3%86%8D%EC%A7%80%EC%9B%90%ED%98%84%ED%99%A9&GS_BURYU_CD=JG130&JG_BURYU_CD=JG150&JG_HANGMOK_CD=59&JG_GUBUN=1&JG_YEAR2=2026&HG_NM=%EC%84%9C%EC%9A%B8%EC%A4%91%ED%9D%A5%EC%B4%88%EB%93%B1%ED%95%99%EA%B5%90&SHL_IDF_CD=6343a273-66bf-4f89-a67a-649fc790bc40&GS_TYPE=Y&JG_YEAR=2026&SORT=BR&CHOSEN_JG_YEAR=2026&PRE_JG_YEAR=2026&LOAD_TYPE=single,2026학년도 서울중흥초등학교 돌봄교실 운영계획.hwp / 2026학년도 서울중흥초등학교 방과후학교 운영계획.hwp,,,,,,,,,,
wave2_seoul,B000001880,금성초등학교,서울특별시,2-가 문서에서 시정표를 찾지 못함(요약본이거나 표가 이미지일 수 있음),15-라 계획에 1학년 오후돌봄 종료 시각이 없음 (돌봄 시간 문구 없음),https://www.schoolinfo.go.kr/ei/ss/Pneiss_b01_s0.do?SHL_IDF_CD=1aeb2cdf-3475-4eca-a64f-d6552bfbb88f,https://www.schoolinfo.go.kr/ei/pp/Pneipp_b14_s0p.do?GS_HANGMOK_CD=14&GS_HANGMOK_NO=2-%EA%B0%80&GS_HANGMOK_NM=%ED%95%99%EA%B5%90%EA%B5%90%EC%9C%A1%EA%B3%BC%EC%A0%95+%ED%8E%B8%EC%84%B1%E3%86%8D%EC%9A%B4%EC%98%81+%EB%B0%8F+%ED%8F%89%EA%B0%80%EC%97%90+%EA%B4%80%ED%95%9C+%EC%82%AC%ED%95%AD&GS_BURYU_CD=JG100&JG_BURYU_CD=JG020&JG_HANGMOK_CD=05&JG_GUBUN=1&JG_YEAR2=2026&HG_NM=%EA%B8%88%EC%84%B1%EC%B4%88%EB%93%B1%ED%95%99%EA%B5%90&SHL_IDF_CD=1aeb2cdf-3475-4eca-a64f-d6552bfbb88f&GS_TYPE=Y&JG_YEAR=2026&SORT=BR&CHOSEN_JG_YEAR=2026&PRE_JG_YEAR=2026&LOAD_TYPE=single,"2026학년도 금성초 학교교육과정 편성,운영,평가계획.hwp",https://www.schoolinfo.go.kr/ei/pp/Pneipp_b73_s0p.do?GS_HANGMOK_CD=73&GS_HANGMOK_NO=15-%EB%9D%BC&GS_HANGMOK_NM=%EB%B0%A9%EA%B3%BC%ED%9B%84%ED%95%99%EA%B5%90+%EC%9A%B4%EC%98%81+%EA%B3%84%ED%9A%8D+%EB%B0%8F+%EC%9A%B4%EC%98%81%E3%86%8D%EC%A7%80%EC%9B%90%ED%98%84%ED%99%A9&GS_BURYU_CD=JG130&JG_BURYU_CD=JG150&JG_HANGMOK_CD=59&JG_GUBUN=1&JG_YEAR2=2026&HG_NM=%EA%B8%88%EC%84%B1%EC%B4%88%EB%93%B1%ED%95%99%EA%B5%90&SHL_IDF_CD=1aeb2cdf-3475-4eca-a64f-d6552bfbb88f&GS_TYPE=Y&JG_YEAR=2026&SORT=BR&CHOSEN_JG_YEAR=2026&PRE_JG_YEAR=2026&LOAD_TYPE=single,2026 방과후교육 연간 계획.hwp,,,,,,,,,,
wave2_seoul,B000001881,서울은빛초등학교,서울특별시,,15-라 계획에 1학년 오후돌봄 종료 시각이 없음 (돌봄 종료 시각 문구 없음),https://www.schoolinfo.go.kr/ei/ss/Pneiss_b01_s0.do?SHL_IDF_CD=29094911-9453-4059-a509-7a763bb81c29,https://www.schoolinfo.go.kr/ei/pp/Pneipp_b14_s0p.do?GS_HANGMOK_CD=14&GS_HANGMOK_NO=2-%EA%B0%80&GS_HANGMOK_NM=%ED%95%99%EA%B5%90%EA%B5%90%EC%9C%A1%EA%B3%BC%EC%A0%95+%ED%8E%B8%EC%84%B1%E3%86%8D%EC%9A%B4%EC%98%81+%EB%B0%8F+%ED%8F%89%EA%B0%80%EC%97%90+%EA%B4%80%ED%95%9C+%EC%82%AC%ED%95%AD&GS_BURYU_CD=JG100&JG_BURYU_CD=JG020&JG_HANGMOK_CD=05&JG_GUBUN=1&JG_YEAR2=2026&HG_NM=%EC%84%9C%EC%9A%B8%EC%9D%80%EB%B9%9B%EC%B4%88%EB%93%B1%ED%95%99%EA%B5%90&SHL_IDF_CD=29094911-9453-4059-a509-7a763bb81c29&GS_TYPE=Y&JG_YEAR=2026&SORT=BR&CHOSEN_JG_YEAR=2026&PRE_JG_YEAR=2026&LOAD_TYPE=single,2026학년도 은빛초 연간학사일정.hwp / 2026학년도 은빛초 학교교육과정 편성운영평가 계획.hwp,https://www.schoolinfo.go.kr/ei/pp/Pneipp_b73_s0p.do?GS_HANGMOK_CD=73&GS_HANGMOK_NO=15-%EB%9D%BC&GS_HANGMOK_NM=%EB%B0%A9%EA%B3%BC%ED%9B%84%ED%95%99%EA%B5%90+%EC%9A%B4%EC%98%81+%EA%B3%84%ED%9A%8D+%EB%B0%8F+%EC%9A%B4%EC%98%81%E3%86%8D%EC%A7%80%EC%9B%90%ED%98%84%ED%99%A9&GS_BURYU_CD=JG130&JG_BURYU_CD=JG150&JG_HANGMOK_CD=59&JG_GUBUN=1&JG_YEAR2=2026&HG_NM=%EC%84%9C%EC%9A%B8%EC%9D%80%EB%B9%9B%EC%B4%88%EB%93%B1%ED%95%99%EA%B5%90&SHL_IDF_CD=29094911-9453-4059-a509-7a763bb81c29&GS_TYPE=Y&JG_YEAR=2026&SORT=BR&CHOSEN_JG_YEAR=2026&PRE_JG_YEAR=2026&LOAD_TYPE=single,(은빛초)2026학년도 방과후.맞춤형교실 연간 운영 계획(학운위).hwp,,,,,,,,,,
wave2_seoul,B000001884,서울진관초등학교,서울특별시,2-가 문서에서 시정표를 찾지 못함(요약본이거나 표가 이미지일 수 있음),,https://www.schoolinfo.go.kr/ei/ss/Pneiss_b01_s0.do?SHL_IDF_CD=765c53df-3200-4fca-86cf-57b49f61d1a4,https://www.schoolinfo.go.kr/ei/pp/Pneipp_b14_s0p.do?GS_HANGMOK_CD=14&GS_HANGMOK_NO=2-%EA%B0%80&GS_HANGMOK_NM=%ED%95%99%EA%B5%90%EA%B5%90%EC%9C%A1%EA%B3%BC%EC%A0%95+%ED%8E%B8%EC%84%B1%E3%86%8D%EC%9A%B4%EC%98%81+%EB%B0%8F+%ED%8F%89%EA%B0%80%EC%97%90+%EA%B4%80%ED%95%9C+%EC%82%AC%ED%95%AD&GS_BURYU_CD=JG100&JG_BURYU_CD=JG020&JG_HANGMOK_CD=05&JG_GUBUN=1&JG_YEAR2=2026&HG_NM=%EC%84%9C%EC%9A%B8%EC%A7%84%EA%B4%80%EC%B4%88%EB%93%B1%ED%95%99%EA%B5%90&SHL_IDF_CD=765c53df-3200-4fca-86cf-57b49f61d1a4&GS_TYPE=Y&JG_YEAR=2026&SORT=BR&CHOSEN_JG_YEAR=2026&PRE_JG_YEAR=2026&LOAD_TYPE=single,2026 학교교육과정 평가에 관한 사항.pdf / 2026 학교교육과정 운영에 관한 사항.pdf / 2026 학교교육과정 편성에 관한 사항.pdf,https://www.schoolinfo.go.kr/ei/pp/Pneipp_b73_s0p.do?GS_HANGMOK_CD=73&GS_HANGMOK_NO=15-%EB%9D%BC&GS_HANGMOK_NM=%EB%B0%A9%EA%B3%BC%ED%9B%84%ED%95%99%EA%B5%90+%EC%9A%B4%EC%98%81+%EA%B3%84%ED%9A%8D+%EB%B0%8F+%EC%9A%B4%EC%98%81%E3%86%8D%EC%A7%80%EC%9B%90%ED%98%84%ED%99%A9&GS_BURYU_CD=JG130&JG_BURYU_CD=JG150&JG_HANGMOK_CD=59&JG_GUBUN=1&JG_YEAR2=2026&HG_NM=%EC%84%9C%EC%9A%B8%EC%A7%84%EA%B4%80%EC%B4%88%EB%93%B1%ED%95%99%EA%B5%90&SHL_IDF_CD=765c53df-3200-4fca-86cf-57b49f61d1a4&GS_TYPE=Y&JG_YEAR=2026&SORT=BR&CHOSEN_JG_YEAR=2026&PRE_JG_YEAR=2026&LOAD_TYPE=single,2026학년 서울진관초 돌봄교실 (사랑샘터) 운영계획(안).hwp / 2026학년도 서울진관초 방과후교실 연간 세부 계획.hwp,,,,,,,,,,
wave2_seoul,B000001885,서울북한산초등학교,서울특별시,2-가 문서에서 시정표를 찾지 못함(요약본이거나 표가 이미지일 수 있음),,https://www.schoolinfo.go.kr/ei/ss/Pneiss_b01_s0.do?SHL_IDF_CD=f0daf171-837c-4b21-a4f3-1a1987d7e9b6,https://www.schoolinfo.go.kr/ei/pp/Pneipp_b14_s0p.do?GS_HANGMOK_CD=14&GS_HANGMOK_NO=2-%EA%B0%80&GS_HANGMOK_NM=%ED%95%99%EA%B5%90%EA%B5%90%EC%9C%A1%EA%B3%BC%EC%A0%95+%ED%8E%B8%EC%84%B1%E3%86%8D%EC%9A%B4%EC%98%81+%EB%B0%8F+%ED%8F%89%EA%B0%80%EC%97%90+%EA%B4%80%ED%95%9C+%EC%82%AC%ED%95%AD&GS_BURYU_CD=JG100&JG_BURYU_CD=JG020&JG_HANGMOK_CD=05&JG_GUBUN=1&JG_YEAR2=2026&HG_NM=%EC%84%9C%EC%9A%B8%EB%B6%81%ED%95%9C%EC%82%B0%EC%B4%88%EB%93%B1%ED%95%99%EA%B5%90&SHL_IDF_CD=f0daf171-837c-4b21-a4f3-1a1987d7e9b6&GS_TYPE=Y&JG_YEAR=2026&SORT=BR&CHOSEN_JG_YEAR=2026&PRE_JG_YEAR=2026&LOAD_TYPE=single,(정보공시)2026 학교교육과정 편성·운영·평가 계획.hwpx,https://www.schoolinfo.go.kr/ei/pp/Pneipp_b73_s0p.do?GS_HANGMOK_CD=73&GS_HANGMOK_NO=15-%EB%9D%BC&GS_HANGMOK_NM=%EB%B0%A9%EA%B3%BC%ED%9B%84%ED%95%99%EA%B5%90+%EC%9A%B4%EC%98%81+%EA%B3%84%ED%9A%8D+%EB%B0%8F+%EC%9A%B4%EC%98%81%E3%86%8D%EC%A7%80%EC%9B%90%ED%98%84%ED%99%A9&GS_BURYU_CD=JG130&JG_BURYU_CD=JG150&JG_HANGMOK_CD=59&JG_GUBUN=1&JG_YEAR2=2026&HG_NM=%EC%84%9C%EC%9A%B8%EB%B6%81%ED%95%9C%EC%82%B0%EC%B4%88%EB%93%B1%ED%95%99%EA%B5%90&SHL_IDF_CD=f0daf171-837c-4b21-a4f3-1a1987d7e9b6&GS_TYPE=Y&JG_YEAR=2026&SORT=BR&CHOSEN_JG_YEAR=2026&PRE_JG_YEAR=2026&LOAD_TYPE=single,2026학년도 방과후학교 운영 계획.hwp / 2026학년도 초등돌봄교실 운영 게획.hwp,,,,,,,,,,
wave2_seoul,B000001886,서울갈현초등학교,서울특별시,2-가 문서에서 시정표를 찾지 못함(요약본이거나 표가 이미지일 수 있음),,https://www.schoolinfo.go.kr/ei/ss/Pneiss_b01_s0.do?SHL_IDF_CD=1d6360bc-5a17-4854-9229-bfc7ee4bd04d,https://www.schoolinfo.go.kr/ei/pp/Pneipp_b14_s0p.do?GS_HANGMOK_CD=14&GS_HANGMOK_NO=2-%EA%B0%80&GS_HANGMOK_NM=%ED%95%99%EA%B5%90%EA%B5%90%EC%9C%A1%EA%B3%BC%EC%A0%95+%ED%8E%B8%EC%84%B1%E3%86%8D%EC%9A%B4%EC%98%81+%EB%B0%8F+%ED%8F%89%EA%B0%80%EC%97%90+%EA%B4%80%ED%95%9C+%EC%82%AC%ED%95%AD&GS_BURYU_CD=JG100&JG_BURYU_CD=JG020&JG_HANGMOK_CD=05&JG_GUBUN=1&JG_YEAR2=2026&HG_NM=%EC%84%9C%EC%9A%B8%EA%B0%88%ED%98%84%EC%B4%88%EB%93%B1%ED%95%99%EA%B5%90&SHL_IDF_CD=1d6360bc-5a17-4854-9229-bfc7ee4bd04d&GS_TYPE=Y&JG_YEAR=2026&SORT=BR&CHOSEN_JG_YEAR=2026&PRE_JG_YEAR=2026&LOAD_TYPE=single,2026학교교육과정 편성·운영 및 평가.hwp / 2026 갈현초 연간학사일정.hwp,https://www.schoolinfo.go.kr/ei/pp/Pneipp_b73_s0p.do?GS_HANGMOK_CD=73&GS_HANGMOK_NO=15-%EB%9D%BC&GS_HANGMOK_NM=%EB%B0%A9%EA%B3%BC%ED%9B%84%ED%95%99%EA%B5%90+%EC%9A%B4%EC%98%81+%EA%B3%84%ED%9A%8D+%EB%B0%8F+%EC%9A%B4%EC%98%81%E3%86%8D%EC%A7%80%EC%9B%90%ED%98%84%ED%99%A9&GS_BURYU_CD=JG130&JG_BURYU_CD=JG150&JG_HANGMOK_CD=59&JG_GUBUN=1&JG_YEAR2=2026&HG_NM=%EC%84%9C%EC%9A%B8%EA%B0%88%ED%98%84%EC%B4%88%EB%93%B1%ED%95%99%EA%B5%90&SHL_IDF_CD=1d6360bc-5a17-4854-9229-bfc7ee4bd04d&GS_TYPE=Y&JG_YEAR=2026&SORT=BR&CHOSEN_JG_YEAR=2026&PRE_JG_YEAR=2026&LOAD_TYPE=single,2026 갈현초 방과후·돌봄교실 연간 운영계획(수정).hwp,,,,,,,,,,
wave2_seoul,B000001887,서울구현초등학교,서울특별시,2-가 문서에서 시정표를 찾지 못함(요약본이거나 표가 이미지일 수 있음),,https://www.schoolinfo.go.kr/ei/ss/Pneiss_b01_s0.do?SHL_IDF_CD=19e6de37-e04c-4b07-a760-0314f454aff0,https://www.schoolinfo.go.kr/ei/pp/Pneipp_b14_s0p.do?GS_HANGMOK_CD=14&GS_HANGMOK_NO=2-%EA%B0%80&GS_HANGMOK_NM=%ED%95%99%EA%B5%90%EA%B5%90%EC%9C%A1%EA%B3%BC%EC%A0%95+%ED%8E%B8%EC%84%B1%E3%86%8D%EC%9A%B4%EC%98%81+%EB%B0%8F+%ED%8F%89%EA%B0%80%EC%97%90+%EA%B4%80%ED%95%9C+%EC%82%AC%ED%95%AD&GS_BURYU_CD=JG100&JG_BURYU_CD=JG020&JG_HANGMOK_CD=05&JG_GUBUN=1&JG_YEAR2=2026&HG_NM=%EC%84%9C%EC%9A%B8%EA%B5%AC%ED%98%84%EC%B4%88%EB%93%B1%ED%95%99%EA%B5%90&SHL_IDF_CD=19e6de37-e04c-4b07-a760-0314f454aff0&GS_TYPE=Y&JG_YEAR=2026&SORT=BR&CHOSEN_JG_YEAR=2026&PRE_JG_YEAR=2026&LOAD_TYPE=single,2026학년도 학교교육과정 편성 및 운영 계획.hwp / 2026학년도 학교교육과정 편성 및 운영의 기본 방향.hwp,https://www.schoolinfo.go.kr/ei/pp/Pneipp_b73_s0p.do?GS_HANGMOK_CD=73&GS_HANGMOK_NO=15-%EB%9D%BC&GS_HANGMOK_NM=%EB%B0%A9%EA%B3%BC%ED%9B%84%ED%95%99%EA%B5%90+%EC%9A%B4%EC%98%81+%EA%B3%84%ED%9A%8D+%EB%B0%8F+%EC%9A%B4%EC%98%81%E3%86%8D%EC%A7%80%EC%9B%90%ED%98%84%ED%99%A9&GS_BURYU_CD=JG130&JG_BURYU_CD=JG150&JG_HANGMOK_CD=59&JG_GUBUN=1&JG_YEAR2=2026&HG_NM=%EC%84%9C%EC%9A%B8%EA%B5%AC%ED%98%84%EC%B4%88%EB%93%B1%ED%95%99%EA%B5%90&SHL_IDF_CD=19e6de37-e04c-4b07-a760-0314f454aff0&GS_TYPE=Y&JG_YEAR=2026&SORT=BR&CHOSEN_JG_YEAR=2026&PRE_JG_YEAR=2026&LOAD_TYPE=single,2026학년도 돌봄교실 운영계획.pdf / 2026학년도 방과후.맞춤형교실 운영계획.pdf,,,,,,,,,,
wave2_seoul,B000001888,서울구산초등학교,서울특별시,시정표 제목만 있고 표 글자가 없음(이미지 표 가능),,https://www.schoolinfo.go.kr/ei/ss/Pneiss_b01_s0.do?SHL_IDF_CD=b8e340e3-ff89-4488-8ab0-9373e7e7e234,https://www.schoolinfo.go.kr/ei/pp/Pneipp_b14_s0p.do?GS_HANGMOK_CD=14&GS_HANGMOK_NO=2-%EA%B0%80&GS_HANGMOK_NM=%ED%95%99%EA%B5%90%EA%B5%90%EC%9C%A1%EA%B3%BC%EC%A0%95+%ED%8E%B8%EC%84%B1%E3%86%8D%EC%9A%B4%EC%98%81+%EB%B0%8F+%ED%8F%89%EA%B0%80%EC%97%90+%EA%B4%80%ED%95%9C+%EC%82%AC%ED%95%AD&GS_BURYU_CD=JG100&JG_BURYU_CD=JG020&JG_HANGMOK_CD=05&JG_GUBUN=1&JG_YEAR2=2026&HG_NM=%EC%84%9C%EC%9A%B8%EA%B5%AC%EC%82%B0%EC%B4%88%EB%93%B1%ED%95%99%EA%B5%90&SHL_IDF_CD=b8e340e3-ff89-4488-8ab0-9373e7e7e234&GS_TYPE=Y&JG_YEAR=2026&SORT=BR&CHOSEN_JG_YEAR=2026&PRE_JG_YEAR=2026&LOAD_TYPE=single,2026학년도 구산초 학교교육과정 편성·운영 계획.pdf / 2026학년도 구산초 연간학사일정.pdf / 2026학년도 구산초 학교교육과정 평가 계획.pdf,https://www.schoolinfo.go.kr/ei/pp/Pneipp_b73_s0p.do?GS_HANGMOK_CD=73&GS_HANGMOK_NO=15-%EB%9D%BC&GS_HANGMOK_NM=%EB%B0%A9%EA%B3%BC%ED%9B%84%ED%95%99%EA%B5%90+%EC%9A%B4%EC%98%81+%EA%B3%84%ED%9A%8D+%EB%B0%8F+%EC%9A%B4%EC%98%81%E3%86%8D%EC%A7%80%EC%9B%90%ED%98%84%ED%99%A9&GS_BURYU_CD=JG130&JG_BURYU_CD=JG150&JG_HANGMOK_CD=59&JG_GUBUN=1&JG_YEAR2=2026&HG_NM=%EC%84%9C%EC%9A%B8%EA%B5%AC%EC%82%B0%EC%B4%88%EB%93%B1%ED%95%99%EA%B5%90&SHL_IDF_CD=b8e340e3-ff89-4488-8ab0-9373e7e7e234&GS_TYPE=Y&JG_YEAR=2026&SORT=BR&CHOSEN_JG_YEAR=2026&PRE_JG_YEAR=2026&LOAD_TYPE=single,(무기명본) 2026학년도 방과후·돌봄 연간 운영 계획(안).hwpx / (무기명본) 2026학년도 방과후·돌봄 연간 운영 계획 변경(안).hwpx,,,,,,,,,,
wave2_seoul,B000001891,서울수리초등학교,서울특별시,2-가 첨부 없음,,https://www.schoolinfo.go.kr/ei/ss/Pneiss_b01_s0.do?SHL_IDF_CD=6a6a2148-8ded-4a6a-8cc3-04ca5ec95f86,https://www.schoolinfo.go.kr/ei/pp/Pneipp_b14_s0p.do?GS_HANGMOK_CD=14&GS_HANGMOK_NO=2-%EA%B0%80&GS_HANGMOK_NM=%ED%95%99%EA%B5%90%EA%B5%90%EC%9C%A1%EA%B3%BC%EC%A0%95+%ED%8E%B8%EC%84%B1%E3%86%8D%EC%9A%B4%EC%98%81+%EB%B0%8F+%ED%8F%89%EA%B0%80%EC%97%90+%EA%B4%80%ED%95%9C+%EC%82%AC%ED%95%AD&GS_BURYU_CD=JG100&JG_BURYU_CD=JG020&JG_HANGMOK_CD=05&JG_GUBUN=1&JG_YEAR2=2026&HG_NM=%EC%84%9C%EC%9A%B8%EC%88%98%EB%A6%AC%EC%B4%88%EB%93%B1%ED%95%99%EA%B5%90&SHL_IDF_CD=6a6a2148-8ded-4a6a-8cc3-04ca5ec95f86&GS_TYPE=Y&JG_YEAR=2026&SORT=BR&CHOSEN_JG_YEAR=2026&PRE_JG_YEAR=2026&LOAD_TYPE=single,2026학년도 수리초 학사일정(안).hwp,https://www.schoolinfo.go.kr/ei/pp/Pneipp_b73_s0p.do?GS_HANGMOK_CD=73&GS_HANGMOK_NO=15-%EB%9D%BC&GS_HANGMOK_NM=%EB%B0%A9%EA%B3%BC%ED%9B%84%ED%95%99%EA%B5%90+%EC%9A%B4%EC%98%81+%EA%B3%84%ED%9A%8D+%EB%B0%8F+%EC%9A%B4%EC%98%81%E3%86%8D%EC%A7%80%EC%9B%90%ED%98%84%ED%99%A9&GS_BURYU_CD=JG130&JG_BURYU_CD=JG150&JG_HANGMOK_CD=59&JG_GUBUN=1&JG_YEAR2=2026&HG_NM=%EC%84%9C%EC%9A%B8%EC%88%98%EB%A6%AC%EC%B4%88%EB%93%B1%ED%95%99%EA%B5%90&SHL_IDF_CD=6a6a2148-8ded-4a6a-8cc3-04ca5ec95f86&GS_TYPE=Y&JG_YEAR=2026&SORT=BR&CHOSEN_JG_YEAR=2026&PRE_JG_YEAR=2026&LOAD_TYPE=single,2026학년도 돌봄교실 운영 계획(안) .pdf / 2026학년도 방과후교실 운영 계획(안)_최종.pdf,,,,,,,,,,
wave2_seoul,B000001892,서울대조초등학교,서울특별시,2-가 문서에서 시정표를 찾지 못함(요약본이거나 표가 이미지일 수 있음),,https://www.schoolinfo.go.kr/ei/ss/Pneiss_b01_s0.do?SHL_IDF_CD=1be9447a-ad9a-4331-9162-d470222e393c,https://www.schoolinfo.go.kr/ei/pp/Pneipp_b14_s0p.do?GS_HANGMOK_CD=14&GS_HANGMOK_NO=2-%EA%B0%80&GS_HANGMOK_NM=%ED%95%99%EA%B5%90%EA%B5%90%EC%9C%A1%EA%B3%BC%EC%A0%95+%ED%8E%B8%EC%84%B1%E3%86%8D%EC%9A%B4%EC%98%81+%EB%B0%8F+%ED%8F%89%EA%B0%80%EC%97%90+%EA%B4%80%ED%95%9C+%EC%82%AC%ED%95%AD&GS_BURYU_CD=JG100&JG_BURYU_CD=JG020&JG_HANGMOK_CD=05&JG_GUBUN=1&JG_YEAR2=2026&HG_NM=%EC%84%9C%EC%9A%B8%EB%8C%80%EC%A1%B0%EC%B4%88%EB%93%B1%ED%95%99%EA%B5%90&SHL_IDF_CD=1be9447a-ad9a-4331-9162-d470222e393c&GS_TYPE=Y&JG_YEAR=2026&SORT=BR&CHOSEN_JG_YEAR=2026&PRE_JG_YEAR=2026&LOAD_TYPE=single,2-가. 2026학년도 대조초 학교교육과정 편성·운영 및 평가 계획.hwp,https://www.schoolinfo.go.kr/ei/pp/Pneipp_b73_s0p.do?GS_HANGMOK_CD=73&GS_HANGMOK_NO=15-%EB%9D%BC&GS_HANGMOK_NM=%EB%B0%A9%EA%B3%BC%ED%9B%84%ED%95%99%EA%B5%90+%EC%9A%B4%EC%98%81+%EA%B3%84%ED%9A%8D+%EB%B0%8F+%EC%9A%B4%EC%98%81%E3%86%8D%EC%A7%80%EC%9B%90%ED%98%84%ED%99%A9&GS_BURYU_CD=JG130&JG_BURYU_CD=JG150&JG_HANGMOK_CD=59&JG_GUBUN=1&JG_YEAR2=2026&HG_NM=%EC%84%9C%EC%9A%B8%EB%8C%80%EC%A1%B0%EC%B4%88%EB%93%B1%ED%95%99%EA%B5%90&SHL_IDF_CD=1be9447a-ad9a-4331-9162-d470222e393c&GS_TYPE=Y&JG_YEAR=2026&SORT=BR&CHOSEN_JG_YEAR=2026&PRE_JG_YEAR=2026&LOAD_TYPE=single,2026학년도 초등돌봄교실 운영계획(안).hwp / 2026학년도 맞춤형 및 방과후교실 운영계획(안).hwp,,,,,,,,,,
wave2_seoul,B000001893,서울연신초등학교,서울특별시,2-가 문서에서 시정표를 찾지 못함(요약본이거나 표가 이미지일 수 있음),15-라 계획에 1학년 오후돌봄 종료 시각이 없음,https://www.schoolinfo.go.kr/ei/ss/Pneiss_b01_s0.do?SHL_IDF_CD=b4936f1b-79a1-4162-a8ed-d058164aa516,https://www.schoolinfo.go.kr/ei/pp/Pneipp_b14_s0p.do?GS_HANGMOK_CD=14&GS_HANGMOK_NO=2-%EA%B0%80&GS_HANGMOK_NM=%ED%95%99%EA%B5%90%EA%B5%90%EC%9C%A1%EA%B3%BC%EC%A0%95+%ED%8E%B8%EC%84%B1%E3%86%8D%EC%9A%B4%EC%98%81+%EB%B0%8F+%ED%8F%89%EA%B0%80%EC%97%90+%EA%B4%80%ED%95%9C+%EC%82%AC%ED%95%AD&GS_BURYU_CD=JG100&JG_BURYU_CD=JG020&JG_HANGMOK_CD=05&JG_GUBUN=1&JG_YEAR2=2026&HG_NM=%EC%84%9C%EC%9A%B8%EC%97%B0%EC%8B%A0%EC%B4%88%EB%93%B1%ED%95%99%EA%B5%90&SHL_IDF_CD=b4936f1b-79a1-4162-a8ed-d058164aa516&GS_TYPE=Y&JG_YEAR=2026&SORT=BR&CHOSEN_JG_YEAR=2026&PRE_JG_YEAR=2026&LOAD_TYPE=single,2026학년도 연신초 학교교육과정 편성·운영·평가 계획.hwpx / 2026학년도 연신초 연간학사일정.hwpx,https://www.schoolinfo.go.kr/ei/pp/Pneipp_b73_s0p.do?GS_HANGMOK_CD=73&GS_HANGMOK_NO=15-%EB%9D%BC&GS_HANGMOK_NM=%EB%B0%A9%EA%B3%BC%ED%9B%84%ED%95%99%EA%B5%90+%EC%9A%B4%EC%98%81+%EA%B3%84%ED%9A%8D+%EB%B0%8F+%EC%9A%B4%EC%98%81%E3%86%8D%EC%A7%80%EC%9B%90%ED%98%84%ED%99%A9&GS_BURYU_CD=JG130&JG_BURYU_CD=JG150&JG_HANGMOK_CD=59&JG_GUBUN=1&JG_YEAR2=2026&HG_NM=%EC%84%9C%EC%9A%B8%EC%97%B0%EC%8B%A0%EC%B4%88%EB%93%B1%ED%95%99%EA%B5%90&SHL_IDF_CD=b4936f1b-79a1-4162-a8ed-d058164aa516&GS_TYPE=Y&JG_YEAR=2026&SORT=BR&CHOSEN_JG_YEAR=2026&PRE_JG_YEAR=2026&LOAD_TYPE=single,2026학년도 방과후학교  운영계획.hwp,,,,,,,,,,
wave2_seoul,B000001894,서울불광초등학교,서울특별시,2-가 문서에서 시정표를 찾지 못함(요약본이거나 표가 이미지일 수 있음),,https://www.schoolinfo.go.kr/ei/ss/Pneiss_b01_s0.do?SHL_IDF_CD=b2554f1d-3658-4e89-a27f-c2d2dc11cbc1,https://www.schoolinfo.go.kr/ei/pp/Pneipp_b14_s0p.do?GS_HANGMOK_CD=14&GS_HANGMOK_NO=2-%EA%B0%80&GS_HANGMOK_NM=%ED%95%99%EA%B5%90%EA%B5%90%EC%9C%A1%EA%B3%BC%EC%A0%95+%ED%8E%B8%EC%84%B1%E3%86%8D%EC%9A%B4%EC%98%81+%EB%B0%8F+%ED%8F%89%EA%B0%80%EC%97%90+%EA%B4%80%ED%95%9C+%EC%82%AC%ED%95%AD&GS_BURYU_CD=JG100&JG_BURYU_CD=JG020&JG_HANGMOK_CD=05&JG_GUBUN=1&JG_YEAR2=2026&HG_NM=%EC%84%9C%EC%9A%B8%EB%B6%88%EA%B4%91%EC%B4%88%EB%93%B1%ED%95%99%EA%B5%90&SHL_IDF_CD=b2554f1d-3658-4e89-a27f-c2d2dc11cbc1&GS_TYPE=Y&JG_YEAR=2026&SORT=BR&CHOSEN_JG_YEAR=2026&PRE_JG_YEAR=2026&LOAD_TYPE=single,2026학년도 불광초 학교교육과정 편성운영평가계획.hwp / 2026학년도 불광초 연간학사일정.hwp,https://www.schoolinfo.go.kr/ei/pp/Pneipp_b73_s0p.do?GS_HANGMOK_CD=73&GS_HANGMOK_NO=15-%EB%9D%BC&GS_HANGMOK_NM=%EB%B0%A9%EA%B3%BC%ED%9B%84%ED%95%99%EA%B5%90+%EC%9A%B4%EC%98%81+%EA%B3%84%ED%9A%8D+%EB%B0%8F+%EC%9A%B4%EC%98%81%E3%86%8D%EC%A7%80%EC%9B%90%ED%98%84%ED%99%A9&GS_BURYU_CD=JG130&JG_BURYU_CD=JG150&JG_HANGMOK_CD=59&JG_GUBUN=1&JG_YEAR2=2026&HG_NM=%EC%84%9C%EC%9A%B8%EB%B6%88%EA%B4%91%EC%B4%88%EB%93%B1%ED%95%99%EA%B5%90&SHL_IDF_CD=b2554f1d-3658-4e89-a27f-c2d2dc11cbc1&GS_TYPE=Y&JG_YEAR=2026&SORT=BR&CHOSEN_JG_YEAR=2026&PRE_JG_YEAR=2026&LOAD_TYPE=single,(안건발의서)2026학년도 불광초 방과후·돌봄 연간 통합운영계획 심의(안)(수정).hwpx,,,,,,,,,,
wave2_seoul,B000001895,서울연천초등학교,서울특별시,2-가 문서에서 시정표를 찾지 못함(요약본이거나 표가 이미지일 수 있음),,https://www.schoolinfo.go.kr/ei/ss/Pneiss_b01_s0.do?SHL_IDF_CD=68270526-0f81-454e-bb5a-9aa5ff07e2bf,https://www.schoolinfo.go.kr/ei/pp/Pneipp_b14_s0p.do?GS_HANGMOK_CD=14&GS_HANGMOK_NO=2-%EA%B0%80&GS_HANGMOK_NM=%ED%95%99%EA%B5%90%EA%B5%90%EC%9C%A1%EA%B3%BC%EC%A0%95+%ED%8E%B8%EC%84%B1%E3%86%8D%EC%9A%B4%EC%98%81+%EB%B0%8F+%ED%8F%89%EA%B0%80%EC%97%90+%EA%B4%80%ED%95%9C+%EC%82%AC%ED%95%AD&GS_BURYU_CD=JG100&JG_BURYU_CD=JG020&JG_HANGMOK_CD=05&JG_GUBUN=1&JG_YEAR2=2026&HG_NM=%EC%84%9C%EC%9A%B8%EC%97%B0%EC%B2%9C%EC%B4%88%EB%93%B1%ED%95%99%EA%B5%90&SHL_IDF_CD=68270526-0f81-454e-bb5a-9aa5ff07e2bf&GS_TYPE=Y&JG_YEAR=2026&SORT=BR&CHOSEN_JG_YEAR=2026&PRE_JG_YEAR=2026&LOAD_TYPE=single,2026 연간학사일정.hwpx / 2026 교육과정 편성 운영 평가 계획.hwpx,https://www.schoolinfo.go.kr/ei/pp/Pneipp_b73_s0p.do?GS_HANGMOK_CD=73&GS_HANGMOK_NO=15-%EB%9D%BC&GS_HANGMOK_NM=%EB%B0%A9%EA%B3%BC%ED%9B%84%ED%95%99%EA%B5%90+%EC%9A%B4%EC%98%81+%EA%B3%84%ED%9A%8D+%EB%B0%8F+%EC%9A%B4%EC%98%81%E3%86%8D%EC%A7%80%EC%9B%90%ED%98%84%ED%99%A9&GS_BURYU_CD=JG130&JG_BURYU_CD=JG150&JG_HANGMOK_CD=59&JG_GUBUN=1&JG_YEAR2=2026&HG_NM=%EC%84%9C%EC%9A%B8%EC%97%B0%EC%B2%9C%EC%B4%88%EB%93%B1%ED%95%99%EA%B5%90&SHL_IDF_CD=68270526-0f81-454e-bb5a-9aa5ff07e2bf&GS_TYPE=Y&JG_YEAR=2026&SORT=BR&CHOSEN_JG_YEAR=2026&PRE_JG_YEAR=2026&LOAD_TYPE=single,(학운위 심의자료)2025학년도 선택형 돌봄교실 운영계획안.hwp / (학운위 심의자료)2025 늘봄학교 연간운영계획(안).hwp,,,,,,,,,,
wave2_seoul,B000001896,서울연광초등학교,서울특별시,2-가 문서에서 시정표를 찾지 못함(요약본이거나 표가 이미지일 수 있음),15-라 계획에 1학년 오후돌봄 종료 시각이 없음,https://www.schoolinfo.go.kr/ei/ss/Pneiss_b01_s0.do?SHL_IDF_CD=3dbc56e8-16cd-4638-807b-f0a193ef29e0,https://www.schoolinfo.go.kr/ei/pp/Pneipp_b14_s0p.do?GS_HANGMOK_CD=14&GS_HANGMOK_NO=2-%EA%B0%80&GS_HANGMOK_NM=%ED%95%99%EA%B5%90%EA%B5%90%EC%9C%A1%EA%B3%BC%EC%A0%95+%ED%8E%B8%EC%84%B1%E3%86%8D%EC%9A%B4%EC%98%81+%EB%B0%8F+%ED%8F%89%EA%B0%80%EC%97%90+%EA%B4%80%ED%95%9C+%EC%82%AC%ED%95%AD&GS_BURYU_CD=JG100&JG_BURYU_CD=JG020&JG_HANGMOK_CD=05&JG_GUBUN=1&JG_YEAR2=2026&HG_NM=%EC%84%9C%EC%9A%B8%EC%97%B0%EA%B4%91%EC%B4%88%EB%93%B1%ED%95%99%EA%B5%90&SHL_IDF_CD=3dbc56e8-16cd-4638-807b-f0a193ef29e0&GS_TYPE=Y&JG_YEAR=2026&SORT=BR&CHOSEN_JG_YEAR=2026&PRE_JG_YEAR=2026&LOAD_TYPE=single,2026학년도 학교교육과정편성운영 및 평가에 관한 사항.hwp,https://www.schoolinfo.go.kr/ei/pp/Pneipp_b73_s0p.do?GS_HANGMOK_CD=73&GS_HANGMOK_NO=15-%EB%9D%BC&GS_HANGMOK_NM=%EB%B0%A9%EA%B3%BC%ED%9B%84%ED%95%99%EA%B5%90+%EC%9A%B4%EC%98%81+%EA%B3%84%ED%9A%8D+%EB%B0%8F+%EC%9A%B4%EC%98%81%E3%86%8D%EC%A7%80%EC%9B%90%ED%98%84%ED%99%A9&GS_BURYU_CD=JG130&JG_BURYU_CD=JG150&JG_HANGMOK_CD=59&JG_GUBUN=1&JG_YEAR2=2026&HG_NM=%EC%84%9C%EC%9A%B8%EC%97%B0%EA%B4%91%EC%B4%88%EB%93%B1%ED%95%99%EA%B5%90&SHL_IDF_CD=3dbc56e8-16cd-4638-807b-f0a193ef29e0&GS_TYPE=Y&JG_YEAR=2026&SORT=BR&CHOSEN_JG_YEAR=2026&PRE_JG_YEAR=2026&LOAD_TYPE=single,2026학년도 방과후·돌봄 연간운영계획(안).hwpx,,,,,,,,,,
wave2_seoul,B000001897,서울수색초등학교,서울특별시,2-가 문서에서 시정표를 찾지 못함(요약본이거나 표가 이미지일 수 있음),,https://www.schoolinfo.go.kr/ei/ss/Pneiss_b01_s0.do?SHL_IDF_CD=578f28f4-72bf-4632-b227-f12f04c8a030,https://www.schoolinfo.go.kr/ei/pp/Pneipp_b14_s0p.do?GS_HANGMOK_CD=14&GS_HANGMOK_NO=2-%EA%B0%80&GS_HANGMOK_NM=%ED%95%99%EA%B5%90%EA%B5%90%EC%9C%A1%EA%B3%BC%EC%A0%95+%ED%8E%B8%EC%84%B1%E3%86%8D%EC%9A%B4%EC%98%81+%EB%B0%8F+%ED%8F%89%EA%B0%80%EC%97%90+%EA%B4%80%ED%95%9C+%EC%82%AC%ED%95%AD&GS_BURYU_CD=JG100&JG_BURYU_CD=JG020&JG_HANGMOK_CD=05&JG_GUBUN=1&JG_YEAR2=2026&HG_NM=%EC%84%9C%EC%9A%B8%EC%88%98%EC%83%89%EC%B4%88%EB%93%B1%ED%95%99%EA%B5%90&SHL_IDF_CD=578f28f4-72bf-4632-b227-f12f04c8a030&GS_TYPE=Y&JG_YEAR=2026&SORT=BR&CHOSEN_JG_YEAR=2026&PRE_JG_YEAR=2026&LOAD_TYPE=single,2026학년도 수색초 연간 학사일정.hwpx / 2026학년도 수색초 학교교육과정 편성 운영 평가 계획.hwp,https://www.schoolinfo.go.kr/ei/pp/Pneipp_b73_s0p.do?GS_HANGMOK_CD=73&GS_HANGMOK_NO=15-%EB%9D%BC&GS_HANGMOK_NM=%EB%B0%A9%EA%B3%BC%ED%9B%84%ED%95%99%EA%B5%90+%EC%9A%B4%EC%98%81+%EA%B3%84%ED%9A%8D+%EB%B0%8F+%EC%9A%B4%EC%98%81%E3%86%8D%EC%A7%80%EC%9B%90%ED%98%84%ED%99%A9&GS_BURYU_CD=JG130&JG_BURYU_CD=JG150&JG_HANGMOK_CD=59&JG_GUBUN=1&JG_YEAR2=2026&HG_NM=%EC%84%9C%EC%9A%B8%EC%88%98%EC%83%89%EC%B4%88%EB%93%B1%ED%95%99%EA%B5%90&SHL_IDF_CD=578f28f4-72bf-4632-b227-f12f04c8a030&GS_TYPE=Y&JG_YEAR=2026&SORT=BR&CHOSEN_JG_YEAR=2026&PRE_JG_YEAR=2026&LOAD_TYPE=single,2026 방과후돌봄 운영계획.hwpx,,,,,,,,,,
wave2_seoul,B000001902,서울은명초등학교,서울특별시,2-가 문서에서 시정표를 찾지 못함(요약본이거나 표가 이미지일 수 있음),,https://www.schoolinfo.go.kr/ei/ss/Pneiss_b01_s0.do?SHL_IDF_CD=08e57550-f21c-4119-9a18-3a5b5563b5f0,https://www.schoolinfo.go.kr/ei/pp/Pneipp_b14_s0p.do?GS_HANGMOK_CD=14&GS_HANGMOK_NO=2-%EA%B0%80&GS_HANGMOK_NM=%ED%95%99%EA%B5%90%EA%B5%90%EC%9C%A1%EA%B3%BC%EC%A0%95+%ED%8E%B8%EC%84%B1%E3%86%8D%EC%9A%B4%EC%98%81+%EB%B0%8F+%ED%8F%89%EA%B0%80%EC%97%90+%EA%B4%80%ED%95%9C+%EC%82%AC%ED%95%AD&GS_BURYU_CD=JG100&JG_BURYU_CD=JG020&JG_HANGMOK_CD=05&JG_GUBUN=1&JG_YEAR2=2026&HG_NM=%EC%84%9C%EC%9A%B8%EC%9D%80%EB%AA%85%EC%B4%88%EB%93%B1%ED%95%99%EA%B5%90&SHL_IDF_CD=08e57550-f21c-4119-9a18-3a5b5563b5f0&GS_TYPE=Y&JG_YEAR=2026&SORT=BR&CHOSEN_JG_YEAR=2026&PRE_JG_YEAR=2026&LOAD_TYPE=single,2026학년도 은명초 학교교육과정 편성·운영·평가 계획.pdf / 2026학년도 은명초 연간학사일정(0402수정).pdf,https://www.schoolinfo.go.kr/ei/pp/Pneipp_b73_s0p.do?GS_HANGMOK_CD=73&GS_HANGMOK_NO=15-%EB%9D%BC&GS_HANGMOK_NM=%EB%B0%A9%EA%B3%BC%ED%9B%84%ED%95%99%EA%B5%90+%EC%9A%B4%EC%98%81+%EA%B3%84%ED%9A%8D+%EB%B0%8F+%EC%9A%B4%EC%98%81%E3%86%8D%EC%A7%80%EC%9B%90%ED%98%84%ED%99%A9&GS_BURYU_CD=JG130&JG_BURYU_CD=JG150&JG_HANGMOK_CD=59&JG_GUBUN=1&JG_YEAR2=2026&HG_NM=%EC%84%9C%EC%9A%B8%EC%9D%80%EB%AA%85%EC%B4%88%EB%93%B1%ED%95%99%EA%B5%90&SHL_IDF_CD=08e57550-f21c-4119-9a18-3a5b5563b5f0&GS_TYPE=Y&JG_YEAR=2026&SORT=BR&CHOSEN_JG_YEAR=2026&PRE_JG_YEAR=2026&LOAD_TYPE=single,2026학년도 방과후·맞춤형 프로그램 운영계획.hwpx / 2026학년도 돌봄교실 운영 계획.hwp,,,,,,,,,,
wave2_seoul,B000001903,서울연은초등학교,서울특별시,,15-라 계획에 1학년 오후돌봄 종료 시각이 없음,https://www.schoolinfo.go.kr/ei/ss/Pneiss_b01_s0.do?SHL_IDF_CD=089a417c-5dd2-408e-b728-d17fa2e0611a,https://www.schoolinfo.go.kr/ei/pp/Pneipp_b14_s0p.do?GS_HANGMOK_CD=14&GS_HANGMOK_NO=2-%EA%B0%80&GS_HANGMOK_NM=%ED%95%99%EA%B5%90%EA%B5%90%EC%9C%A1%EA%B3%BC%EC%A0%95+%ED%8E%B8%EC%84%B1%E3%86%8D%EC%9A%B4%EC%98%81+%EB%B0%8F+%ED%8F%89%EA%B0%80%EC%97%90+%EA%B4%80%ED%95%9C+%EC%82%AC%ED%95%AD&GS_BURYU_CD=JG100&JG_BURYU_CD=JG020&JG_HANGMOK_CD=05&JG_GUBUN=1&JG_YEAR2=2026&HG_NM=%EC%84%9C%EC%9A%B8%EC%97%B0%EC%9D%80%EC%B4%88%EB%93%B1%ED%95%99%EA%B5%90&SHL_IDF_CD=089a417c-5dd2-408e-b728-d17fa2e0611a&GS_TYPE=Y&JG_YEAR=2026&SORT=BR&CHOSEN_JG_YEAR=2026&PRE_JG_YEAR=2026&LOAD_TYPE=single,2026학년도 연은초 학교교육과정 편성·운영·평가계획.hwp / 2026학년도 연은초 연간학사일정.hwp,https://www.schoolinfo.go.kr/ei/pp/Pneipp_b73_s0p.do?GS_HANGMOK_CD=73&GS_HANGMOK_NO=15-%EB%9D%BC&GS_HANGMOK_NM=%EB%B0%A9%EA%B3%BC%ED%9B%84%ED%95%99%EA%B5%90+%EC%9A%B4%EC%98%81+%EA%B3%84%ED%9A%8D+%EB%B0%8F+%EC%9A%B4%EC%98%81%E3%86%8D%EC%A7%80%EC%9B%90%ED%98%84%ED%99%A9&GS_BURYU_CD=JG130&JG_BURYU_CD=JG150&JG_HANGMOK_CD=59&JG_GUBUN=1&JG_YEAR2=2026&HG_NM=%EC%84%9C%EC%9A%B8%EC%97%B0%EC%9D%80%EC%B4%88%EB%93%B1%ED%95%99%EA%B5%90&SHL_IDF_CD=089a417c-5dd2-408e-b728-d17fa2e0611a&GS_TYPE=Y&JG_YEAR=2026&SORT=BR&CHOSEN_JG_YEAR=2026&PRE_JG_YEAR=2026&LOAD_TYPE=single,(학운위)2026학년도 방과후·맞춤형 프로그램 1~4분기 운영 계획(안).hwp / (학운위)2026학년도 방과후·맞춤형 프로그램 위탁업체 운영 계획(안).hwpx,,,,,,,,,,
wave2_seoul,B000001904,서울응암초등학교,서울특별시,2-가 문서에서 시정표를 찾지 못함(요약본이거나 표가 이미지일 수 있음),15-라 계획에 1학년 오후돌봄 종료 시각이 없음,https://www.schoolinfo.go.kr/ei/ss/Pneiss_b01_s0.do?SHL_IDF_CD=30879710-6049-4d1e-b7c7-8aa4efb646aa,https://www.schoolinfo.go.kr/ei/pp/Pneipp_b14_s0p.do?GS_HANGMOK_CD=14&GS_HANGMOK_NO=2-%EA%B0%80&GS_HANGMOK_NM=%ED%95%99%EA%B5%90%EA%B5%90%EC%9C%A1%EA%B3%BC%EC%A0%95+%ED%8E%B8%EC%84%B1%E3%86%8D%EC%9A%B4%EC%98%81+%EB%B0%8F+%ED%8F%89%EA%B0%80%EC%97%90+%EA%B4%80%ED%95%9C+%EC%82%AC%ED%95%AD&GS_BURYU_CD=JG100&JG_BURYU_CD=JG020&JG_HANGMOK_CD=05&JG_GUBUN=1&JG_YEAR2=2026&HG_NM=%EC%84%9C%EC%9A%B8%EC%9D%91%EC%95%94%EC%B4%88%EB%93%B1%ED%95%99%EA%B5%90&SHL_IDF_CD=30879710-6049-4d1e-b7c7-8aa4efb646aa&GS_TYPE=Y&JG_YEAR=2026&SORT=BR&CHOSEN_JG_YEAR=2026&PRE_JG_YEAR=2026&LOAD_TYPE=single,(응암초)2026학년도 연간학사일정.hwp / (응암초)2026 학교교육과정 편성운영 및 평가에 관한 사항.hwp,https://www.schoolinfo.go.kr/ei/pp/Pneipp_b73_s0p.do?GS_HANGMOK_CD=73&GS_HANGMOK_NO=15-%EB%9D%BC&GS_HANGMOK_NM=%EB%B0%A9%EA%B3%BC%ED%9B%84%ED%95%99%EA%B5%90+%EC%9A%B4%EC%98%81+%EA%B3%84%ED%9A%8D+%EB%B0%8F+%EC%9A%B4%EC%98%81%E3%86%8D%EC%A7%80%EC%9B%90%ED%98%84%ED%99%A9&GS_BURYU_CD=JG130&JG_BURYU_CD=JG150&JG_HANGMOK_CD=59&JG_GUBUN=1&JG_YEAR2=2026&HG_NM=%EC%84%9C%EC%9A%B8%EC%9D%91%EC%95%94%EC%B4%88%EB%93%B1%ED%95%99%EA%B5%90&SHL_IDF_CD=30879710-6049-4d1e-b7c7-8aa4efb646aa&GS_TYPE=Y&JG_YEAR=2026&SORT=BR&CHOSEN_JG_YEAR=2026&PRE_JG_YEAR=2026&LOAD_TYPE=single,1. 2026학년도 늘봄학교  방과후교실  운영 계획.hwpx,,,,,,,,,,
wave2_seoul,B000001907,충암초등학교,서울특별시,요일 학교 확인: 금(6교시) — 1학년 4·5교시가 아닌 날이거나 NEIS 교시 수가 불확실,,https://www.schoolinfo.go.kr/ei/ss/Pneiss_b01_s0.do?SHL_IDF_CD=63e9de80-cb05-4152-9bfa-950e9376a9d5,https://www.schoolinfo.go.kr/ei/pp/Pneipp_b14_s0p.do?GS_HANGMOK_CD=14&GS_HANGMOK_NO=2-%EA%B0%80&GS_HANGMOK_NM=%ED%95%99%EA%B5%90%EA%B5%90%EC%9C%A1%EA%B3%BC%EC%A0%95+%ED%8E%B8%EC%84%B1%E3%86%8D%EC%9A%B4%EC%98%81+%EB%B0%8F+%ED%8F%89%EA%B0%80%EC%97%90+%EA%B4%80%ED%95%9C+%EC%82%AC%ED%95%AD&GS_BURYU_CD=JG100&JG_BURYU_CD=JG020&JG_HANGMOK_CD=05&JG_GUBUN=1&JG_YEAR2=2026&HG_NM=%EC%B6%A9%EC%95%94%EC%B4%88%EB%93%B1%ED%95%99%EA%B5%90&SHL_IDF_CD=63e9de80-cb05-4152-9bfa-950e9376a9d5&GS_TYPE=Y&JG_YEAR=2026&SORT=BR&CHOSEN_JG_YEAR=2026&PRE_JG_YEAR=2026&LOAD_TYPE=single,가 학교교육과정 편성운영평가계획.hwp,https://www.schoolinfo.go.kr/ei/pp/Pneipp_b73_s0p.do?GS_HANGMOK_CD=73&GS_HANGMOK_NO=15-%EB%9D%BC&GS_HANGMOK_NM=%EB%B0%A9%EA%B3%BC%ED%9B%84%ED%95%99%EA%B5%90+%EC%9A%B4%EC%98%81+%EA%B3%84%ED%9A%8D+%EB%B0%8F+%EC%9A%B4%EC%98%81%E3%86%8D%EC%A7%80%EC%9B%90%ED%98%84%ED%99%A9&GS_BURYU_CD=JG130&JG_BURYU_CD=JG150&JG_HANGMOK_CD=59&JG_GUBUN=1&JG_YEAR2=2026&HG_NM=%EC%B6%A9%EC%95%94%EC%B4%88%EB%93%B1%ED%95%99%EA%B5%90&SHL_IDF_CD=63e9de80-cb05-4152-9bfa-950e9376a9d5&GS_TYPE=Y&JG_YEAR=2026&SORT=BR&CHOSEN_JG_YEAR=2026&PRE_JG_YEAR=2026&LOAD_TYPE=single,2026학년도 맞춤형돌봄교실 운영 계획(안).hwp / 2026학년도 충암초 방과후교실 운영 계획.hwp,,,,,,,,,,
wave2_seoul,B000001908,선일초등학교,서울특별시,,15-라 계획에 1학년 오후돌봄 종료 시각이 없음,https://www.schoolinfo.go.kr/ei/ss/Pneiss_b01_s0.do?SHL_IDF_CD=49b99ce1-fb43-4b1a-ad44-414700bd7bfe,https://www.schoolinfo.go.kr/ei/pp/Pneipp_b14_s0p.do?GS_HANGMOK_CD=14&GS_HANGMOK_NO=2-%EA%B0%80&GS_HANGMOK_NM=%ED%95%99%EA%B5%90%EA%B5%90%EC%9C%A1%EA%B3%BC%EC%A0%95+%ED%8E%B8%EC%84%B1%E3%86%8D%EC%9A%B4%EC%98%81+%EB%B0%8F+%ED%8F%89%EA%B0%80%EC%97%90+%EA%B4%80%ED%95%9C+%EC%82%AC%ED%95%AD&GS_BURYU_CD=JG100&JG_BURYU_CD=JG020&JG_HANGMOK_CD=05&JG_GUBUN=1&JG_YEAR2=2026&HG_NM=%EC%84%A0%EC%9D%BC%EC%B4%88%EB%93%B1%ED%95%99%EA%B5%90&SHL_IDF_CD=49b99ce1-fb43-4b1a-ad44-414700bd7bfe&GS_TYPE=Y&JG_YEAR=2026&SORT=BR&CHOSEN_JG_YEAR=2026&PRE_JG_YEAR=2026&LOAD_TYPE=single,2026 선일초등학교 학교교육계획서.pdf,https://www.schoolinfo.go.kr/ei/pp/Pneipp_b73_s0p.do?GS_HANGMOK_CD=73&GS_HANGMOK_NO=15-%EB%9D%BC&GS_HANGMOK_NM=%EB%B0%A9%EA%B3%BC%ED%9B%84%ED%95%99%EA%B5%90+%EC%9A%B4%EC%98%81+%EA%B3%84%ED%9A%8D+%EB%B0%8F+%EC%9A%B4%EC%98%81%E3%86%8D%EC%A7%80%EC%9B%90%ED%98%84%ED%99%A9&GS_BURYU_CD=JG130&JG_BURYU_CD=JG150&JG_HANGMOK_CD=59&JG_GUBUN=1&JG_YEAR2=2026&HG_NM=%EC%84%A0%EC%9D%BC%EC%B4%88%EB%93%B1%ED%95%99%EA%B5%90&SHL_IDF_CD=49b99ce1-fb43-4b1a-ad44-414700bd7bfe&GS_TYPE=Y&JG_YEAR=2026&SORT=BR&CHOSEN_JG_YEAR=2026&PRE_JG_YEAR=2026&LOAD_TYPE=single,[목요일부서]2026-1_선일초 방과후수업계획서.hwp / [금요일부서]2026-1_선일초 방과후수업계획서.hwp,,,,,,,,,,
wave2_seoul,B000001909,예일초등학교,서울특별시,2-가 문서에서 시정표를 찾지 못함(요약본이거나 표가 이미지일 수 있음),15-라 계획에 1학년 오후돌봄 종료 시각이 없음,https://www.schoolinfo.go.kr/ei/ss/Pneiss_b01_s0.do?SHL_IDF_CD=6b9e1611-3bfa-47d8-aee9-ba199ed7038d,https://www.schoolinfo.go.kr/ei/pp/Pneipp_b14_s0p.do?GS_HANGMOK_CD=14&GS_HANGMOK_NO=2-%EA%B0%80&GS_HANGMOK_NM=%ED%95%99%EA%B5%90%EA%B5%90%EC%9C%A1%EA%B3%BC%EC%A0%95+%ED%8E%B8%EC%84%B1%E3%86%8D%EC%9A%B4%EC%98%81+%EB%B0%8F+%ED%8F%89%EA%B0%80%EC%97%90+%EA%B4%80%ED%95%9C+%EC%82%AC%ED%95%AD&GS_BURYU_CD=JG100&JG_BURYU_CD=JG020&JG_HANGMOK_CD=05&JG_GUBUN=1&JG_YEAR2=2026&HG_NM=%EC%98%88%EC%9D%BC%EC%B4%88%EB%93%B1%ED%95%99%EA%B5%90&SHL_IDF_CD=6b9e1611-3bfa-47d8-aee9-ba199ed7038d&GS_TYPE=Y&JG_YEAR=2026&SORT=BR&CHOSEN_JG_YEAR=2026&PRE_JG_YEAR=2026&LOAD_TYPE=single,『예일』 학교교육과정의 평가.hwpx / 『예일』 학교교육과정의 운영.hwpx / 『예일』 학교교육과정의 편성.hwpx,https://www.schoolinfo.go.kr/ei/pp/Pneipp_b73_s0p.do?GS_HANGMOK_CD=73&GS_HANGMOK_NO=15-%EB%9D%BC&GS_HANGMOK_NM=%EB%B0%A9%EA%B3%BC%ED%9B%84%ED%95%99%EA%B5%90+%EC%9A%B4%EC%98%81+%EA%B3%84%ED%9A%8D+%EB%B0%8F+%EC%9A%B4%EC%98%81%E3%86%8D%EC%A7%80%EC%9B%90%ED%98%84%ED%99%A9&GS_BURYU_CD=JG130&JG_BURYU_CD=JG150&JG_HANGMOK_CD=59&JG_GUBUN=1&JG_YEAR2=2026&HG_NM=%EC%98%88%EC%9D%BC%EC%B4%88%EB%93%B1%ED%95%99%EA%B5%90&SHL_IDF_CD=6b9e1611-3bfa-47d8-aee9-ba199ed7038d&GS_TYPE=Y&JG_YEAR=2026&SORT=BR&CHOSEN_JG_YEAR=2026&PRE_JG_YEAR=2026&LOAD_TYPE=single,방과후학교계(완료).hwp,,,,,,,,,,
wave2_seoul,B000001912,서울미동초등학교,서울특별시,,15-라 계획에 1학년 오후돌봄 종료 시각이 없음,https://www.schoolinfo.go.kr/ei/ss/Pneiss_b01_s0.do?SHL_IDF_CD=efd0a2db-7999-4c26-8073-d6e4eb09ea97,https://www.schoolinfo.go.kr/ei/pp/Pneipp_b14_s0p.do?GS_HANGMOK_CD=14&GS_HANGMOK_NO=2-%EA%B0%80&GS_HANGMOK_NM=%ED%95%99%EA%B5%90%EA%B5%90%EC%9C%A1%EA%B3%BC%EC%A0%95+%ED%8E%B8%EC%84%B1%E3%86%8D%EC%9A%B4%EC%98%81+%EB%B0%8F+%ED%8F%89%EA%B0%80%EC%97%90+%EA%B4%80%ED%95%9C+%EC%82%AC%ED%95%AD&GS_BURYU_CD=JG100&JG_BURYU_CD=JG020&JG_HANGMOK_CD=05&JG_GUBUN=1&JG_YEAR2=2026&HG_NM=%EC%84%9C%EC%9A%B8%EB%AF%B8%EB%8F%99%EC%B4%88%EB%93%B1%ED%95%99%EA%B5%90&SHL_IDF_CD=efd0a2db-7999-4c26-8073-d6e4eb09ea97&GS_TYPE=Y&JG_YEAR=2026&SORT=BR&CHOSEN_JG_YEAR=2026&PRE_JG_YEAR=2026&LOAD_TYPE=single,(2-가)학교교육과정 편성·운영 및 평가에 관한 사항_서울미동초등학교.hwp,https://www.schoolinfo.go.kr/ei/pp/Pneipp_b73_s0p.do?GS_HANGMOK_CD=73&GS_HANGMOK_NO=15-%EB%9D%BC&GS_HANGMOK_NM=%EB%B0%A9%EA%B3%BC%ED%9B%84%ED%95%99%EA%B5%90+%EC%9A%B4%EC%98%81+%EA%B3%84%ED%9A%8D+%EB%B0%8F+%EC%9A%B4%EC%98%81%E3%86%8D%EC%A7%80%EC%9B%90%ED%98%84%ED%99%A9&GS_BURYU_CD=JG130&JG_BURYU_CD=JG150&JG_HANGMOK_CD=59&JG_GUBUN=1&JG_YEAR2=2026&HG_NM=%EC%84%9C%EC%9A%B8%EB%AF%B8%EB%8F%99%EC%B4%88%EB%93%B1%ED%95%99%EA%B5%90&SHL_IDF_CD=efd0a2db-7999-4c26-8073-d6e4eb09ea97&GS_TYPE=Y&JG_YEAR=2026&SORT=BR&CHOSEN_JG_YEAR=2026&PRE_JG_YEAR=2026&LOAD_TYPE=single,2026학년도 방과후교실 연간운영계획(정보공시).hwp,,,,,,,,,,
wave2_seoul,B000001913,서울금화초등학교,서울특별시,시정표 제목만 있고 표 글자가 없음(이미지 표 가능),,https://www.schoolinfo.go.kr/ei/ss/Pneiss_b01_s0.do?SHL_IDF_CD=a2070dfd-7415-4036-b4ad-1d5df4e89161,https://www.schoolinfo.go.kr/ei/pp/Pneipp_b14_s0p.do?GS_HANGMOK_CD=14&GS_HANGMOK_NO=2-%EA%B0%80&GS_HANGMOK_NM=%ED%95%99%EA%B5%90%EA%B5%90%EC%9C%A1%EA%B3%BC%EC%A0%95+%ED%8E%B8%EC%84%B1%E3%86%8D%EC%9A%B4%EC%98%81+%EB%B0%8F+%ED%8F%89%EA%B0%80%EC%97%90+%EA%B4%80%ED%95%9C+%EC%82%AC%ED%95%AD&GS_BURYU_CD=JG100&JG_BURYU_CD=JG020&JG_HANGMOK_CD=05&JG_GUBUN=1&JG_YEAR2=2026&HG_NM=%EC%84%9C%EC%9A%B8%EA%B8%88%ED%99%94%EC%B4%88%EB%93%B1%ED%95%99%EA%B5%90&SHL_IDF_CD=a2070dfd-7415-4036-b4ad-1d5df4e89161&GS_TYPE=Y&JG_YEAR=2026&SORT=BR&CHOSEN_JG_YEAR=2026&PRE_JG_YEAR=2026&LOAD_TYPE=single,2026학년도 서울금화교육 학교교육과정 수립의 기저.pdf,https://www.schoolinfo.go.kr/ei/pp/Pneipp_b73_s0p.do?GS_HANGMOK_CD=73&GS_HANGMOK_NO=15-%EB%9D%BC&GS_HANGMOK_NM=%EB%B0%A9%EA%B3%BC%ED%9B%84%ED%95%99%EA%B5%90+%EC%9A%B4%EC%98%81+%EA%B3%84%ED%9A%8D+%EB%B0%8F+%EC%9A%B4%EC%98%81%E3%86%8D%EC%A7%80%EC%9B%90%ED%98%84%ED%99%A9&GS_BURYU_CD=JG130&JG_BURYU_CD=JG150&JG_HANGMOK_CD=59&JG_GUBUN=1&JG_YEAR2=2026&HG_NM=%EC%84%9C%EC%9A%B8%EA%B8%88%ED%99%94%EC%B4%88%EB%93%B1%ED%95%99%EA%B5%90&SHL_IDF_CD=a2070dfd-7415-4036-b4ad-1d5df4e89161&GS_TYPE=Y&JG_YEAR=2026&SORT=BR&CHOSEN_JG_YEAR=2026&PRE_JG_YEAR=2026&LOAD_TYPE=single,2026학년도 초등돌봄교실 운영 계획.hwpx / 2026학년도 방과후·맞춤형교실 운영 계획.hwp,,,,,,,,,,
wave2_seoul,B000001915,서울홍제초등학교,서울특별시,2-가 문서에서 시정표를 찾지 못함(요약본이거나 표가 이미지일 수 있음),,https://www.schoolinfo.go.kr/ei/ss/Pneiss_b01_s0.do?SHL_IDF_CD=a9a46bef-68b5-47ea-a030-3fcc7c8ef4d2,https://www.schoolinfo.go.kr/ei/pp/Pneipp_b14_s0p.do?GS_HANGMOK_CD=14&GS_HANGMOK_NO=2-%EA%B0%80&GS_HANGMOK_NM=%ED%95%99%EA%B5%90%EA%B5%90%EC%9C%A1%EA%B3%BC%EC%A0%95+%ED%8E%B8%EC%84%B1%E3%86%8D%EC%9A%B4%EC%98%81+%EB%B0%8F+%ED%8F%89%EA%B0%80%EC%97%90+%EA%B4%80%ED%95%9C+%EC%82%AC%ED%95%AD&GS_BURYU_CD=JG100&JG_BURYU_CD=JG020&JG_HANGMOK_CD=05&JG_GUBUN=1&JG_YEAR2=2026&HG_NM=%EC%84%9C%EC%9A%B8%ED%99%8D%EC%A0%9C%EC%B4%88%EB%93%B1%ED%95%99%EA%B5%90&SHL_IDF_CD=a9a46bef-68b5-47ea-a030-3fcc7c8ef4d2&GS_TYPE=Y&JG_YEAR=2026&SORT=BR&CHOSEN_JG_YEAR=2026&PRE_JG_YEAR=2026&LOAD_TYPE=single,(홍제초) 연간학사일정.hwp / 2026학년도 홍제초 학교교육과정 편성운영평가 계획.hwp,https://www.schoolinfo.go.kr/ei/pp/Pneipp_b73_s0p.do?GS_HANGMOK_CD=73&GS_HANGMOK_NO=15-%EB%9D%BC&GS_HANGMOK_NM=%EB%B0%A9%EA%B3%BC%ED%9B%84%ED%95%99%EA%B5%90+%EC%9A%B4%EC%98%81+%EA%B3%84%ED%9A%8D+%EB%B0%8F+%EC%9A%B4%EC%98%81%E3%86%8D%EC%A7%80%EC%9B%90%ED%98%84%ED%99%A9&GS_BURYU_CD=JG130&JG_BURYU_CD=JG150&JG_HANGMOK_CD=59&JG_GUBUN=1&JG_YEAR2=2026&HG_NM=%EC%84%9C%EC%9A%B8%ED%99%8D%EC%A0%9C%EC%B4%88%EB%93%B1%ED%95%99%EA%B5%90&SHL_IDF_CD=a9a46bef-68b5-47ea-a030-3fcc7c8ef4d2&GS_TYPE=Y&JG_YEAR=2026&SORT=BR&CHOSEN_JG_YEAR=2026&PRE_JG_YEAR=2026&LOAD_TYPE=single,"(정보공시) 서울홍제초등학교 2026학년도 돌봄교실 운영계획안.pdf / (정보공시) 서울홍제초등학교 2026. 연간 및 1기 맞춤형, 방과후교실 변경 운영계획(안).pdf",,,,,,,,,,
wave2_seoul,B000001916,서울북성초등학교,서울특별시,시정표는 탐지됐으나 1학년 정규 시정을 읽지 못함,,https://www.schoolinfo.go.kr/ei/ss/Pneiss_b01_s0.do?SHL_IDF_CD=f72a05da-cf04-4433-81b9-e1f003eb9bfe,https://www.schoolinfo.go.kr/ei/pp/Pneipp_b14_s0p.do?GS_HANGMOK_CD=14&GS_HANGMOK_NO=2-%EA%B0%80&GS_HANGMOK_NM=%ED%95%99%EA%B5%90%EA%B5%90%EC%9C%A1%EA%B3%BC%EC%A0%95+%ED%8E%B8%EC%84%B1%E3%86%8D%EC%9A%B4%EC%98%81+%EB%B0%8F+%ED%8F%89%EA%B0%80%EC%97%90+%EA%B4%80%ED%95%9C+%EC%82%AC%ED%95%AD&GS_BURYU_CD=JG100&JG_BURYU_CD=JG020&JG_HANGMOK_CD=05&JG_GUBUN=1&JG_YEAR2=2026&HG_NM=%EC%84%9C%EC%9A%B8%EB%B6%81%EC%84%B1%EC%B4%88%EB%93%B1%ED%95%99%EA%B5%90&SHL_IDF_CD=f72a05da-cf04-4433-81b9-e1f003eb9bfe&GS_TYPE=Y&JG_YEAR=2026&SORT=BR&CHOSEN_JG_YEAR=2026&PRE_JG_YEAR=2026&LOAD_TYPE=single,(학운위 의안발의서)2026학년도 북성교육계획(정보공시).hwp,https://www.schoolinfo.go.kr/ei/pp/Pneipp_b73_s0p.do?GS_HANGMOK_CD=73&GS_HANGMOK_NO=15-%EB%9D%BC&GS_HANGMOK_NM=%EB%B0%A9%EA%B3%BC%ED%9B%84%ED%95%99%EA%B5%90+%EC%9A%B4%EC%98%81+%EA%B3%84%ED%9A%8D+%EB%B0%8F+%EC%9A%B4%EC%98%81%E3%86%8D%EC%A7%80%EC%9B%90%ED%98%84%ED%99%A9&GS_BURYU_CD=JG130&JG_BURYU_CD=JG150&JG_HANGMOK_CD=59&JG_GUBUN=1&JG_YEAR2=2026&HG_NM=%EC%84%9C%EC%9A%B8%EB%B6%81%EC%84%B1%EC%B4%88%EB%93%B1%ED%95%99%EA%B5%90&SHL_IDF_CD=f72a05da-cf04-4433-81b9-e1f003eb9bfe&GS_TYPE=Y&JG_YEAR=2026&SORT=BR&CHOSEN_JG_YEAR=2026&PRE_JG_YEAR=2026&LOAD_TYPE=single,(정보공시)2026학년도 돌봄교실 운영 계획(안).hwp / 2025년 방과후돌봄 예산정보.xlsx / 2026학년도 방과후 운영 계획(안).hwpx,,,,,,,,,,
wave2_seoul,B000001918,서울대신초등학교,서울특별시,2-가 문서에서 시정표를 찾지 못함(요약본이거나 표가 이미지일 수 있음),,https://www.schoolinfo.go.kr/ei/ss/Pneiss_b01_s0.do?SHL_IDF_CD=1db0381a-8fa3-4187-967b-a2b1c3db21c1,https://www.schoolinfo.go.kr/ei/pp/Pneipp_b14_s0p.do?GS_HANGMOK_CD=14&GS_HANGMOK_NO=2-%EA%B0%80&GS_HANGMOK_NM=%ED%95%99%EA%B5%90%EA%B5%90%EC%9C%A1%EA%B3%BC%EC%A0%95+%ED%8E%B8%EC%84%B1%E3%86%8D%EC%9A%B4%EC%98%81+%EB%B0%8F+%ED%8F%89%EA%B0%80%EC%97%90+%EA%B4%80%ED%95%9C+%EC%82%AC%ED%95%AD&GS_BURYU_CD=JG100&JG_BURYU_CD=JG020&JG_HANGMOK_CD=05&JG_GUBUN=1&JG_YEAR2=2026&HG_NM=%EC%84%9C%EC%9A%B8%EB%8C%80%EC%8B%A0%EC%B4%88%EB%93%B1%ED%95%99%EA%B5%90&SHL_IDF_CD=1db0381a-8fa3-4187-967b-a2b1c3db21c1&GS_TYPE=Y&JG_YEAR=2026&SORT=BR&CHOSEN_JG_YEAR=2026&PRE_JG_YEAR=2026&LOAD_TYPE=single,2026학년도 대신초 학교교육과정 편성 운영 평가 계획.hwp,https://www.schoolinfo.go.kr/ei/pp/Pneipp_b73_s0p.do?GS_HANGMOK_CD=73&GS_HANGMOK_NO=15-%EB%9D%BC&GS_HANGMOK_NM=%EB%B0%A9%EA%B3%BC%ED%9B%84%ED%95%99%EA%B5%90+%EC%9A%B4%EC%98%81+%EA%B3%84%ED%9A%8D+%EB%B0%8F+%EC%9A%B4%EC%98%81%E3%86%8D%EC%A7%80%EC%9B%90%ED%98%84%ED%99%A9&GS_BURYU_CD=JG130&JG_BURYU_CD=JG150&JG_HANGMOK_CD=59&JG_GUBUN=1&JG_YEAR2=2026&HG_NM=%EC%84%9C%EC%9A%B8%EB%8C%80%EC%8B%A0%EC%B4%88%EB%93%B1%ED%95%99%EA%B5%90&SHL_IDF_CD=1db0381a-8fa3-4187-967b-a2b1c3db21c1&GS_TYPE=Y&JG_YEAR=2026&SORT=BR&CHOSEN_JG_YEAR=2026&PRE_JG_YEAR=2026&LOAD_TYPE=single,"2026학년도 돌봄교실 연간 운영 계획안.hwp / 2026학년도 방과후,맞춤형 운영 계획.hwpx",,,,,,,,,,
wave2_seoul,B000001920,서울연희초등학교,서울특별시,2-가 문서에서 시정표를 찾지 못함(요약본이거나 표가 이미지일 수 있음),,https://www.schoolinfo.go.kr/ei/ss/Pneiss_b01_s0.do?SHL_IDF_CD=e0e0a3f7-0629-4585-8256-928775707fda,https://www.schoolinfo.go.kr/ei/pp/Pneipp_b14_s0p.do?GS_HANGMOK_CD=14&GS_HANGMOK_NO=2-%EA%B0%80&GS_HANGMOK_NM=%ED%95%99%EA%B5%90%EA%B5%90%EC%9C%A1%EA%B3%BC%EC%A0%95+%ED%8E%B8%EC%84%B1%E3%86%8D%EC%9A%B4%EC%98%81+%EB%B0%8F+%ED%8F%89%EA%B0%80%EC%97%90+%EA%B4%80%ED%95%9C+%EC%82%AC%ED%95%AD&GS_BURYU_CD=JG100&JG_BURYU_CD=JG020&JG_HANGMOK_CD=05&JG_GUBUN=1&JG_YEAR2=2026&HG_NM=%EC%84%9C%EC%9A%B8%EC%97%B0%ED%9D%AC%EC%B4%88%EB%93%B1%ED%95%99%EA%B5%90&SHL_IDF_CD=e0e0a3f7-0629-4585-8256-928775707fda&GS_TYPE=Y&JG_YEAR=2026&SORT=BR&CHOSEN_JG_YEAR=2026&PRE_JG_YEAR=2026&LOAD_TYPE=single,2026학년도 서울연희초등학교 학교교육과정 편성 운영 및 평가.hwp / 2026학년도 서울연희초등학교 연간 학사 일정.hwp,https://www.schoolinfo.go.kr/ei/pp/Pneipp_b73_s0p.do?GS_HANGMOK_CD=73&GS_HANGMOK_NO=15-%EB%9D%BC&GS_HANGMOK_NM=%EB%B0%A9%EA%B3%BC%ED%9B%84%ED%95%99%EA%B5%90+%EC%9A%B4%EC%98%81+%EA%B3%84%ED%9A%8D+%EB%B0%8F+%EC%9A%B4%EC%98%81%E3%86%8D%EC%A7%80%EC%9B%90%ED%98%84%ED%99%A9&GS_BURYU_CD=JG130&JG_BURYU_CD=JG150&JG_HANGMOK_CD=59&JG_GUBUN=1&JG_YEAR2=2026&HG_NM=%EC%84%9C%EC%9A%B8%EC%97%B0%ED%9D%AC%EC%B4%88%EB%93%B1%ED%95%99%EA%B5%90&SHL_IDF_CD=e0e0a3f7-0629-4585-8256-928775707fda&GS_TYPE=Y&JG_YEAR=2026&SORT=BR&CHOSEN_JG_YEAR=2026&PRE_JG_YEAR=2026&LOAD_TYPE=single,2026학년도 돌봄교실 연간 운영 계획(안).hwp / 2026학년도 방과후·맞춤형교실 연간운영계획.hwp,,,,,,,,,,
wave2_seoul,B000001921,서울창서초등학교,서울특별시,2-가 문서에서 시정표를 찾지 못함(요약본이거나 표가 이미지일 수 있음),,https://www.schoolinfo.go.kr/ei/ss/Pneiss_b01_s0.do?SHL_IDF_CD=5638ece0-cd3e-4e15-8980-2ce5155b94a1,https://www.schoolinfo.go.kr/ei/pp/Pneipp_b14_s0p.do?GS_HANGMOK_CD=14&GS_HANGMOK_NO=2-%EA%B0%80&GS_HANGMOK_NM=%ED%95%99%EA%B5%90%EA%B5%90%EC%9C%A1%EA%B3%BC%EC%A0%95+%ED%8E%B8%EC%84%B1%E3%86%8D%EC%9A%B4%EC%98%81+%EB%B0%8F+%ED%8F%89%EA%B0%80%EC%97%90+%EA%B4%80%ED%95%9C+%EC%82%AC%ED%95%AD&GS_BURYU_CD=JG100&JG_BURYU_CD=JG020&JG_HANGMOK_CD=05&JG_GUBUN=1&JG_YEAR2=2026&HG_NM=%EC%84%9C%EC%9A%B8%EC%B0%BD%EC%84%9C%EC%B4%88%EB%93%B1%ED%95%99%EA%B5%90&SHL_IDF_CD=5638ece0-cd3e-4e15-8980-2ce5155b94a1&GS_TYPE=Y&JG_YEAR=2026&SORT=BR&CHOSEN_JG_YEAR=2026&PRE_JG_YEAR=2026&LOAD_TYPE=single,2026학년도 창서초 연간학사일정.hwp / 2026학년도 창서초 학교교육과정 편성 운영 평가 계획.hwp,https://www.schoolinfo.go.kr/ei/pp/Pneipp_b73_s0p.do?GS_HANGMOK_CD=73&GS_HANGMOK_NO=15-%EB%9D%BC&GS_HANGMOK_NM=%EB%B0%A9%EA%B3%BC%ED%9B%84%ED%95%99%EA%B5%90+%EC%9A%B4%EC%98%81+%EA%B3%84%ED%9A%8D+%EB%B0%8F+%EC%9A%B4%EC%98%81%E3%86%8D%EC%A7%80%EC%9B%90%ED%98%84%ED%99%A9&GS_BURYU_CD=JG130&JG_BURYU_CD=JG150&JG_HANGMOK_CD=59&JG_GUBUN=1&JG_YEAR2=2026&HG_NM=%EC%84%9C%EC%9A%B8%EC%B0%BD%EC%84%9C%EC%B4%88%EB%93%B1%ED%95%99%EA%B5%90&SHL_IDF_CD=5638ece0-cd3e-4e15-8980-2ce5155b94a1&GS_TYPE=Y&JG_YEAR=2026&SORT=BR&CHOSEN_JG_YEAR=2026&PRE_JG_YEAR=2026&LOAD_TYPE=single,2026학년도 돌봄교실 운영계획.pdf / 2026학년도 방과후학교(방과후교실 및 맞춤형교실) 연간운영계획(안) .hwp,,,,,,,,,,
wave2_seoul,B000001922,서울홍연초등학교,서울특별시,2-가 문서에서 시정표를 찾지 못함(요약본이거나 표가 이미지일 수 있음),,https://www.schoolinfo.go.kr/ei/ss/Pneiss_b01_s0.do?SHL_IDF_CD=1f66db6b-66f4-40f6-ab51-ec4415eeb7f9,https://www.schoolinfo.go.kr/ei/pp/Pneipp_b14_s0p.do?GS_HANGMOK_CD=14&GS_HANGMOK_NO=2-%EA%B0%80&GS_HANGMOK_NM=%ED%95%99%EA%B5%90%EA%B5%90%EC%9C%A1%EA%B3%BC%EC%A0%95+%ED%8E%B8%EC%84%B1%E3%86%8D%EC%9A%B4%EC%98%81+%EB%B0%8F+%ED%8F%89%EA%B0%80%EC%97%90+%EA%B4%80%ED%95%9C+%EC%82%AC%ED%95%AD&GS_BURYU_CD=JG100&JG_BURYU_CD=JG020&JG_HANGMOK_CD=05&JG_GUBUN=1&JG_YEAR2=2026&HG_NM=%EC%84%9C%EC%9A%B8%ED%99%8D%EC%97%B0%EC%B4%88%EB%93%B1%ED%95%99%EA%B5%90&SHL_IDF_CD=1f66db6b-66f4-40f6-ab51-ec4415eeb7f9&GS_TYPE=Y&JG_YEAR=2026&SORT=BR&CHOSEN_JG_YEAR=2026&PRE_JG_YEAR=2026&LOAD_TYPE=single,2026학년도 홍연초 학교교육과정 편성·운영·평가 계획.hwp,https://www.schoolinfo.go.kr/ei/pp/Pneipp_b73_s0p.do?GS_HANGMOK_CD=73&GS_HANGMOK_NO=15-%EB%9D%BC&GS_HANGMOK_NM=%EB%B0%A9%EA%B3%BC%ED%9B%84%ED%95%99%EA%B5%90+%EC%9A%B4%EC%98%81+%EA%B3%84%ED%9A%8D+%EB%B0%8F+%EC%9A%B4%EC%98%81%E3%86%8D%EC%A7%80%EC%9B%90%ED%98%84%ED%99%A9&GS_BURYU_CD=JG130&JG_BURYU_CD=JG150&JG_HANGMOK_CD=59&JG_GUBUN=1&JG_YEAR2=2026&HG_NM=%EC%84%9C%EC%9A%B8%ED%99%8D%EC%97%B0%EC%B4%88%EB%93%B1%ED%95%99%EA%B5%90&SHL_IDF_CD=1f66db6b-66f4-40f6-ab51-ec4415eeb7f9&GS_TYPE=Y&JG_YEAR=2026&SORT=BR&CHOSEN_JG_YEAR=2026&PRE_JG_YEAR=2026&LOAD_TYPE=single,2026학년도 홍연초등학교 돌봄교실 운영계획.hwp / 2026학년도 홍연초등학교 방과후학교 운영 계획.hwp,,,,,,,,,,
wave2_seoul,B000001924,서울인왕초등학교,서울특별시,2-가 문서에서 시정표를 찾지 못함(요약본이거나 표가 이미지일 수 있음),,https://www.schoolinfo.go.kr/ei/ss/Pneiss_b01_s0.do?SHL_IDF_CD=7ab661be-dfdf-4797-a32c-1565103ccdb1,https://www.schoolinfo.go.kr/ei/pp/Pneipp_b14_s0p.do?GS_HANGMOK_CD=14&GS_HANGMOK_NO=2-%EA%B0%80&GS_HANGMOK_NM=%ED%95%99%EA%B5%90%EA%B5%90%EC%9C%A1%EA%B3%BC%EC%A0%95+%ED%8E%B8%EC%84%B1%E3%86%8D%EC%9A%B4%EC%98%81+%EB%B0%8F+%ED%8F%89%EA%B0%80%EC%97%90+%EA%B4%80%ED%95%9C+%EC%82%AC%ED%95%AD&GS_BURYU_CD=JG100&JG_BURYU_CD=JG020&JG_HANGMOK_CD=05&JG_GUBUN=1&JG_YEAR2=2026&HG_NM=%EC%84%9C%EC%9A%B8%EC%9D%B8%EC%99%95%EC%B4%88%EB%93%B1%ED%95%99%EA%B5%90&SHL_IDF_CD=7ab661be-dfdf-4797-a32c-1565103ccdb1&GS_TYPE=Y&JG_YEAR=2026&SORT=BR&CHOSEN_JG_YEAR=2026&PRE_JG_YEAR=2026&LOAD_TYPE=single,(정보공시용)학교교육과정 편성운영 및 평가에 관한 사항.hwpx,https://www.schoolinfo.go.kr/ei/pp/Pneipp_b73_s0p.do?GS_HANGMOK_CD=73&GS_HANGMOK_NO=15-%EB%9D%BC&GS_HANGMOK_NM=%EB%B0%A9%EA%B3%BC%ED%9B%84%ED%95%99%EA%B5%90+%EC%9A%B4%EC%98%81+%EA%B3%84%ED%9A%8D+%EB%B0%8F+%EC%9A%B4%EC%98%81%E3%86%8D%EC%A7%80%EC%9B%90%ED%98%84%ED%99%A9&GS_BURYU_CD=JG130&JG_BURYU_CD=JG150&JG_HANGMOK_CD=59&JG_GUBUN=1&JG_YEAR2=2026&HG_NM=%EC%84%9C%EC%9A%B8%EC%9D%B8%EC%99%95%EC%B4%88%EB%93%B1%ED%95%99%EA%B5%90&SHL_IDF_CD=7ab661be-dfdf-4797-a32c-1565103ccdb1&GS_TYPE=Y&JG_YEAR=2026&SORT=BR&CHOSEN_JG_YEAR=2026&PRE_JG_YEAR=2026&LOAD_TYPE=single,2026학년도 서울인왕초등학교 돌봄교실 연간 운영계획.pdf / 2026학년도 서울인왕초등학교 방과후교실 연간 운영계획.pdf,,,,,,,,,,
wave2_seoul,B000001925,서울고은초등학교,서울특별시,2-가 문서에서 시정표를 찾지 못함(요약본이거나 표가 이미지일 수 있음),,https://www.schoolinfo.go.kr/ei/ss/Pneiss_b01_s0.do?SHL_IDF_CD=18acac5e-a23e-4e99-8269-e7482b4a9a1d,https://www.schoolinfo.go.kr/ei/pp/Pneipp_b14_s0p.do?GS_HANGMOK_CD=14&GS_HANGMOK_NO=2-%EA%B0%80&GS_HANGMOK_NM=%ED%95%99%EA%B5%90%EA%B5%90%EC%9C%A1%EA%B3%BC%EC%A0%95+%ED%8E%B8%EC%84%B1%E3%86%8D%EC%9A%B4%EC%98%81+%EB%B0%8F+%ED%8F%89%EA%B0%80%EC%97%90+%EA%B4%80%ED%95%9C+%EC%82%AC%ED%95%AD&GS_BURYU_CD=JG100&JG_BURYU_CD=JG020&JG_HANGMOK_CD=05&JG_GUBUN=1&JG_YEAR2=2026&HG_NM=%EC%84%9C%EC%9A%B8%EA%B3%A0%EC%9D%80%EC%B4%88%EB%93%B1%ED%95%99%EA%B5%90&SHL_IDF_CD=18acac5e-a23e-4e99-8269-e7482b4a9a1d&GS_TYPE=Y&JG_YEAR=2026&SORT=BR&CHOSEN_JG_YEAR=2026&PRE_JG_YEAR=2026&LOAD_TYPE=single,2026학년도 고은초 연간학사일정.hwp / 2026학년도 고은초 학교교육과정 편성·운영·평가 계획.hwp,https://www.schoolinfo.go.kr/ei/pp/Pneipp_b73_s0p.do?GS_HANGMOK_CD=73&GS_HANGMOK_NO=15-%EB%9D%BC&GS_HANGMOK_NM=%EB%B0%A9%EA%B3%BC%ED%9B%84%ED%95%99%EA%B5%90+%EC%9A%B4%EC%98%81+%EA%B3%84%ED%9A%8D+%EB%B0%8F+%EC%9A%B4%EC%98%81%E3%86%8D%EC%A7%80%EC%9B%90%ED%98%84%ED%99%A9&GS_BURYU_CD=JG130&JG_BURYU_CD=JG150&JG_HANGMOK_CD=59&JG_GUBUN=1&JG_YEAR2=2026&HG_NM=%EC%84%9C%EC%9A%B8%EA%B3%A0%EC%9D%80%EC%B4%88%EB%93%B1%ED%95%99%EA%B5%90&SHL_IDF_CD=18acac5e-a23e-4e99-8269-e7482b4a9a1d&GS_TYPE=Y&JG_YEAR=2026&SORT=BR&CHOSEN_JG_YEAR=2026&PRE_JG_YEAR=2026&LOAD_TYPE=single,2026학년도 방과후돌봄(맞춤형교실 및 방과후교실) 운영 계획.pdf / 2026학년도 초등돌봄교실 운영계획.pdf,,,,,,,,,,
wave2_seoul,B000001926,경기초등학교,서울특별시,점심이 5교시 뒤(12:40~13:30)라 4교시 날 하교 시각을 정할 수 없음 — 카드 형식(after_p4/before_p4) 밖,15-라 계획에 1학년 오후돌봄 종료 시각이 없음,https://www.schoolinfo.go.kr/ei/ss/Pneiss_b01_s0.do?SHL_IDF_CD=f822df6f-a44d-4b0d-8ba8-b828775062d2,https://www.schoolinfo.go.kr/ei/pp/Pneipp_b14_s0p.do?GS_HANGMOK_CD=14&GS_HANGMOK_NO=2-%EA%B0%80&GS_HANGMOK_NM=%ED%95%99%EA%B5%90%EA%B5%90%EC%9C%A1%EA%B3%BC%EC%A0%95+%ED%8E%B8%EC%84%B1%E3%86%8D%EC%9A%B4%EC%98%81+%EB%B0%8F+%ED%8F%89%EA%B0%80%EC%97%90+%EA%B4%80%ED%95%9C+%EC%82%AC%ED%95%AD&GS_BURYU_CD=JG100&JG_BURYU_CD=JG020&JG_HANGMOK_CD=05&JG_GUBUN=1&JG_YEAR2=2026&HG_NM=%EA%B2%BD%EA%B8%B0%EC%B4%88%EB%93%B1%ED%95%99%EA%B5%90&SHL_IDF_CD=f822df6f-a44d-4b0d-8ba8-b828775062d2&GS_TYPE=Y&JG_YEAR=2026&SORT=BR&CHOSEN_JG_YEAR=2026&PRE_JG_YEAR=2026&LOAD_TYPE=single,2026학년도 경기초등학교 학교교육계획서.hwp,https://www.schoolinfo.go.kr/ei/pp/Pneipp_b73_s0p.do?GS_HANGMOK_CD=73&GS_HANGMOK_NO=15-%EB%9D%BC&GS_HANGMOK_NM=%EB%B0%A9%EA%B3%BC%ED%9B%84%ED%95%99%EA%B5%90+%EC%9A%B4%EC%98%81+%EA%B3%84%ED%9A%8D+%EB%B0%8F+%EC%9A%B4%EC%98%81%E3%86%8D%EC%A7%80%EC%9B%90%ED%98%84%ED%99%A9&GS_BURYU_CD=JG130&JG_BURYU_CD=JG150&JG_HANGMOK_CD=59&JG_GUBUN=1&JG_YEAR2=2026&HG_NM=%EA%B2%BD%EA%B8%B0%EC%B4%88%EB%93%B1%ED%95%99%EA%B5%90&SHL_IDF_CD=f822df6f-a44d-4b0d-8ba8-b828775062d2&GS_TYPE=Y&JG_YEAR=2026&SORT=BR&CHOSEN_JG_YEAR=2026&PRE_JG_YEAR=2026&LOAD_TYPE=single,2026학년도 경기초 방과후학교 운영계획(개인정보 마스킹).hwp,,,,,,,,,,
wave2_seoul,B000001927,이화여자대학교사범대학부속초등학교,서울특별시,2-가 문서에서 시정표를 찾지 못함(요약본이거나 표가 이미지일 수 있음),15-라 계획에 1학년 오후돌봄 종료 시각이 없음,https://www.schoolinfo.go.kr/ei/ss/Pneiss_b01_s0.do?SHL_IDF_CD=ef0648a7-a4eb-4863-a5a3-8343cbae9371,https://www.schoolinfo.go.kr/ei/pp/Pneipp_b14_s0p.do?GS_HANGMOK_CD=14&GS_HANGMOK_NO=2-%EA%B0%80&GS_HANGMOK_NM=%ED%95%99%EA%B5%90%EA%B5%90%EC%9C%A1%EA%B3%BC%EC%A0%95+%ED%8E%B8%EC%84%B1%E3%86%8D%EC%9A%B4%EC%98%81+%EB%B0%8F+%ED%8F%89%EA%B0%80%EC%97%90+%EA%B4%80%ED%95%9C+%EC%82%AC%ED%95%AD&GS_BURYU_CD=JG100&JG_BURYU_CD=JG020&JG_HANGMOK_CD=05&JG_GUBUN=1&JG_YEAR2=2026&HG_NM=%EC%9D%B4%ED%99%94%EC%97%AC%EC%9E%90%EB%8C%80%ED%95%99%EA%B5%90%EC%82%AC%EB%B2%94%EB%8C%80%ED%95%99%EB%B6%80%EC%86%8D%EC%B4%88%EB%93%B1%ED%95%99%EA%B5%90&SHL_IDF_CD=ef0648a7-a4eb-4863-a5a3-8343cbae9371&GS_TYPE=Y&JG_YEAR=2026&SORT=BR&CHOSEN_JG_YEAR=2026&PRE_JG_YEAR=2026&LOAD_TYPE=single,2026학년도 학교교육과정.pdf,https://www.schoolinfo.go.kr/ei/pp/Pneipp_b73_s0p.do?GS_HANGMOK_CD=73&GS_HANGMOK_NO=15-%EB%9D%BC&GS_HANGMOK_NM=%EB%B0%A9%EA%B3%BC%ED%9B%84%ED%95%99%EA%B5%90+%EC%9A%B4%EC%98%81+%EA%B3%84%ED%9A%8D+%EB%B0%8F+%EC%9A%B4%EC%98%81%E3%86%8D%EC%A7%80%EC%9B%90%ED%98%84%ED%99%A9&GS_BURYU_CD=JG130&JG_BURYU_CD=JG150&JG_HANGMOK_CD=59&JG_GUBUN=1&JG_YEAR2=2026&HG_NM=%EC%9D%B4%ED%99%94%EC%97%AC%EC%9E%90%EB%8C%80%ED%95%99%EA%B5%90%EC%82%AC%EB%B2%94%EB%8C%80%ED%95%99%EB%B6%80%EC%86%8D%EC%B4%88%EB%93%B1%ED%95%99%EA%B5%90&SHL_IDF_CD=ef0648a7-a4eb-4863-a5a3-8343cbae9371&GS_TYPE=Y&JG_YEAR=2026&SORT=BR&CHOSEN_JG_YEAR=2026&PRE_JG_YEAR=2026&LOAD_TYPE=single,2026학년도 방과후학교 운영 계획.hwp,,,,,,,,,,
wave2_seoul,B000001928,추계초등학교,서울특별시,,15-라 계획에 1학년 오후돌봄 종료 시각이 없음,https://www.schoolinfo.go.kr/ei/ss/Pneiss_b01_s0.do?SHL_IDF_CD=940f3bac-a31e-4007-b00e-2a8941d8c9d2,https://www.schoolinfo.go.kr/ei/pp/Pneipp_b14_s0p.do?GS_HANGMOK_CD=14&GS_HANGMOK_NO=2-%EA%B0%80&GS_HANGMOK_NM=%ED%95%99%EA%B5%90%EA%B5%90%EC%9C%A1%EA%B3%BC%EC%A0%95+%ED%8E%B8%EC%84%B1%E3%86%8D%EC%9A%B4%EC%98%81+%EB%B0%8F+%ED%8F%89%EA%B0%80%EC%97%90+%EA%B4%80%ED%95%9C+%EC%82%AC%ED%95%AD&GS_BURYU_CD=JG100&JG_BURYU_CD=JG020&JG_HANGMOK_CD=05&JG_GUBUN=1&JG_YEAR2=2026&HG_NM=%EC%B6%94%EA%B3%84%EC%B4%88%EB%93%B1%ED%95%99%EA%B5%90&SHL_IDF_CD=940f3bac-a31e-4007-b00e-2a8941d8c9d2&GS_TYPE=Y&JG_YEAR=2026&SORT=BR&CHOSEN_JG_YEAR=2026&PRE_JG_YEAR=2026&LOAD_TYPE=single,2026학년도 추계초등학교 학교교육과정편성운영및평가계획.pdf,https://www.schoolinfo.go.kr/ei/pp/Pneipp_b73_s0p.do?GS_HANGMOK_CD=73&GS_HANGMOK_NO=15-%EB%9D%BC&GS_HANGMOK_NM=%EB%B0%A9%EA%B3%BC%ED%9B%84%ED%95%99%EA%B5%90+%EC%9A%B4%EC%98%81+%EA%B3%84%ED%9A%8D+%EB%B0%8F+%EC%9A%B4%EC%98%81%E3%86%8D%EC%A7%80%EC%9B%90%ED%98%84%ED%99%A9&GS_BURYU_CD=JG130&JG_BURYU_CD=JG150&JG_HANGMOK_CD=59&JG_GUBUN=1&JG_YEAR2=2026&HG_NM=%EC%B6%94%EA%B3%84%EC%B4%88%EB%93%B1%ED%95%99%EA%B5%90&SHL_IDF_CD=940f3bac-a31e-4007-b00e-2a8941d8c9d2&GS_TYPE=Y&JG_YEAR=2026&SORT=BR&CHOSEN_JG_YEAR=2026&PRE_JG_YEAR=2026&LOAD_TYPE=single,2025 방과후학교 지원 현황.hwp / 2026 방과후학교 운영 현황.hwp / 2026 방과후학교 운영계획서.hwp,,,,,,,,,,
wave2_seoul,B000001929,명지초등학교,서울특별시,2-가 문서에서 시정표를 찾지 못함(요약본이거나 표가 이미지일 수 있음),,https://www.schoolinfo.go.kr/ei/ss/Pneiss_b01_s0.do?SHL_IDF_CD=be2cca1a-1706-4546-917d-acfc5a8df2e0,https://www.schoolinfo.go.kr/ei/pp/Pneipp_b14_s0p.do?GS_HANGMOK_CD=14&GS_HANGMOK_NO=2-%EA%B0%80&GS_HANGMOK_NM=%ED%95%99%EA%B5%90%EA%B5%90%EC%9C%A1%EA%B3%BC%EC%A0%95+%ED%8E%B8%EC%84%B1%E3%86%8D%EC%9A%B4%EC%98%81+%EB%B0%8F+%ED%8F%89%EA%B0%80%EC%97%90+%EA%B4%80%ED%95%9C+%EC%82%AC%ED%95%AD&GS_BURYU_CD=JG100&JG_BURYU_CD=JG020&JG_HANGMOK_CD=05&JG_GUBUN=1&JG_YEAR2=2026&HG_NM=%EB%AA%85%EC%A7%80%EC%B4%88%EB%93%B1%ED%95%99%EA%B5%90&SHL_IDF_CD=be2cca1a-1706-4546-917d-acfc5a8df2e0&GS_TYPE=Y&JG_YEAR=2026&SORT=BR&CHOSEN_JG_YEAR=2026&PRE_JG_YEAR=2026&LOAD_TYPE=single,2026학년도 명지초 학교교육과정 편성 운영 계획.hwp / 2026학년도 명지초 학교교육과정 평가 계획.hwp,https://www.schoolinfo.go.kr/ei/pp/Pneipp_b73_s0p.do?GS_HANGMOK_CD=73&GS_HANGMOK_NO=15-%EB%9D%BC&GS_HANGMOK_NM=%EB%B0%A9%EA%B3%BC%ED%9B%84%ED%95%99%EA%B5%90+%EC%9A%B4%EC%98%81+%EA%B3%84%ED%9A%8D+%EB%B0%8F+%EC%9A%B4%EC%98%81%E3%86%8D%EC%A7%80%EC%9B%90%ED%98%84%ED%99%A9&GS_BURYU_CD=JG130&JG_BURYU_CD=JG150&JG_HANGMOK_CD=59&JG_GUBUN=1&JG_YEAR2=2026&HG_NM=%EB%AA%85%EC%A7%80%EC%B4%88%EB%93%B1%ED%95%99%EA%B5%90&SHL_IDF_CD=be2cca1a-1706-4546-917d-acfc5a8df2e0&GS_TYPE=Y&JG_YEAR=2026&SORT=BR&CHOSEN_JG_YEAR=2026&PRE_JG_YEAR=2026&LOAD_TYPE=single,2026학년도 돌?교실 운영계획.hwp / 2026학년도 방과후교실 운영계획.hwp,,,,,,,,,,
wave2_seoul,B000001931,서울창천초등학교,서울특별시,2-가 문서에서 시정표를 찾지 못함(요약본이거나 표가 이미지일 수 있음),15-라 계획에 1학년 오후돌봄 종료 시각이 없음,https://www.schoolinfo.go.kr/ei/ss/Pneiss_b01_s0.do?SHL_IDF_CD=09ed338b-b05e-4e4e-9e82-341d5cf8bad1,https://www.schoolinfo.go.kr/ei/pp/Pneipp_b14_s0p.do?GS_HANGMOK_CD=14&GS_HANGMOK_NO=2-%EA%B0%80&GS_HANGMOK_NM=%ED%95%99%EA%B5%90%EA%B5%90%EC%9C%A1%EA%B3%BC%EC%A0%95+%ED%8E%B8%EC%84%B1%E3%86%8D%EC%9A%B4%EC%98%81+%EB%B0%8F+%ED%8F%89%EA%B0%80%EC%97%90+%EA%B4%80%ED%95%9C+%EC%82%AC%ED%95%AD&GS_BURYU_CD=JG100&JG_BURYU_CD=JG020&JG_HANGMOK_CD=05&JG_GUBUN=1&JG_YEAR2=2026&HG_NM=%EC%84%9C%EC%9A%B8%EC%B0%BD%EC%B2%9C%EC%B4%88%EB%93%B1%ED%95%99%EA%B5%90&SHL_IDF_CD=09ed338b-b05e-4e4e-9e82-341d5cf8bad1&GS_TYPE=Y&JG_YEAR=2026&SORT=BR&CHOSEN_JG_YEAR=2026&PRE_JG_YEAR=2026&LOAD_TYPE=single,2026학년도 서울창천초 학업성적관리규정 개정(안) (최종).pdf,https://www.schoolinfo.go.kr/ei/pp/Pneipp_b73_s0p.do?GS_HANGMOK_CD=73&GS_HANGMOK_NO=15-%EB%9D%BC&GS_HANGMOK_NM=%EB%B0%A9%EA%B3%BC%ED%9B%84%ED%95%99%EA%B5%90+%EC%9A%B4%EC%98%81+%EA%B3%84%ED%9A%8D+%EB%B0%8F+%EC%9A%B4%EC%98%81%E3%86%8D%EC%A7%80%EC%9B%90%ED%98%84%ED%99%A9&GS_BURYU_CD=JG130&JG_BURYU_CD=JG150&JG_HANGMOK_CD=59&JG_GUBUN=1&JG_YEAR2=2026&HG_NM=%EC%84%9C%EC%9A%B8%EC%B0%BD%EC%B2%9C%EC%B4%88%EB%93%B1%ED%95%99%EA%B5%90&SHL_IDF_CD=09ed338b-b05e-4e4e-9e82-341d5cf8bad1&GS_TYPE=Y&JG_YEAR=2026&SORT=BR&CHOSEN_JG_YEAR=2026&PRE_JG_YEAR=2026&LOAD_TYPE=single,2026학년도창천초학교 방과후학교 운영계획.hwp,,,,,,,,,,
wave2_seoul,B000001934,서울동교초등학교,서울특별시,2-가 문서에서 시정표를 찾지 못함(요약본이거나 표가 이미지일 수 있음),,https://www.schoolinfo.go.kr/ei/ss/Pneiss_b01_s0.do?SHL_IDF_CD=86bda864-9561-4b04-a614-0c65598ae443,https://www.schoolinfo.go.kr/ei/pp/Pneipp_b14_s0p.do?GS_HANGMOK_CD=14&GS_HANGMOK_NO=2-%EA%B0%80&GS_HANGMOK_NM=%ED%95%99%EA%B5%90%EA%B5%90%EC%9C%A1%EA%B3%BC%EC%A0%95+%ED%8E%B8%EC%84%B1%E3%86%8D%EC%9A%B4%EC%98%81+%EB%B0%8F+%ED%8F%89%EA%B0%80%EC%97%90+%EA%B4%80%ED%95%9C+%EC%82%AC%ED%95%AD&GS_BURYU_CD=JG100&JG_BURYU_CD=JG020&JG_HANGMOK_CD=05&JG_GUBUN=1&JG_YEAR2=2026&HG_NM=%EC%84%9C%EC%9A%B8%EB%8F%99%EA%B5%90%EC%B4%88%EB%93%B1%ED%95%99%EA%B5%90&SHL_IDF_CD=86bda864-9561-4b04-a614-0c65598ae443&GS_TYPE=Y&JG_YEAR=2026&SORT=BR&CHOSEN_JG_YEAR=2026&PRE_JG_YEAR=2026&LOAD_TYPE=single,2026학년도 동교초 학교교육과정 편성ㆍ운영ㆍ평가 계획.pdf / 2026학년도 동교초 연간학사일정.pdf,https://www.schoolinfo.go.kr/ei/pp/Pneipp_b73_s0p.do?GS_HANGMOK_CD=73&GS_HANGMOK_NO=15-%EB%9D%BC&GS_HANGMOK_NM=%EB%B0%A9%EA%B3%BC%ED%9B%84%ED%95%99%EA%B5%90+%EC%9A%B4%EC%98%81+%EA%B3%84%ED%9A%8D+%EB%B0%8F+%EC%9A%B4%EC%98%81%E3%86%8D%EC%A7%80%EC%9B%90%ED%98%84%ED%99%A9&GS_BURYU_CD=JG130&JG_BURYU_CD=JG150&JG_HANGMOK_CD=59&JG_GUBUN=1&JG_YEAR2=2026&HG_NM=%EC%84%9C%EC%9A%B8%EB%8F%99%EA%B5%90%EC%B4%88%EB%93%B1%ED%95%99%EA%B5%90&SHL_IDF_CD=86bda864-9561-4b04-a614-0c65598ae443&GS_TYPE=Y&JG_YEAR=2026&SORT=BR&CHOSEN_JG_YEAR=2026&PRE_JG_YEAR=2026&LOAD_TYPE=single,2026학년도 서울동교초등학교 초등 돌봄교실 운영 계획.hwp / 2026학년도 서울동교초등학교 방과후학교 운영 계획.hwp,,,,,,,,,,
wave2_seoul,B000001937,서울하늘초등학교,서울특별시,2-가 문서에서 시정표를 찾지 못함(요약본이거나 표가 이미지일 수 있음),,https://www.schoolinfo.go.kr/ei/ss/Pneiss_b01_s0.do?SHL_IDF_CD=2de50d46-4bd6-4972-a61b-bc29ba558543,https://www.schoolinfo.go.kr/ei/pp/Pneipp_b14_s0p.do?GS_HANGMOK_CD=14&GS_HANGMOK_NO=2-%EA%B0%80&GS_HANGMOK_NM=%ED%95%99%EA%B5%90%EA%B5%90%EC%9C%A1%EA%B3%BC%EC%A0%95+%ED%8E%B8%EC%84%B1%E3%86%8D%EC%9A%B4%EC%98%81+%EB%B0%8F+%ED%8F%89%EA%B0%80%EC%97%90+%EA%B4%80%ED%95%9C+%EC%82%AC%ED%95%AD&GS_BURYU_CD=JG100&JG_BURYU_CD=JG020&JG_HANGMOK_CD=05&JG_GUBUN=1&JG_YEAR2=2026&HG_NM=%EC%84%9C%EC%9A%B8%ED%95%98%EB%8A%98%EC%B4%88%EB%93%B1%ED%95%99%EA%B5%90&SHL_IDF_CD=2de50d46-4bd6-4972-a61b-bc29ba558543&GS_TYPE=Y&JG_YEAR=2026&SORT=BR&CHOSEN_JG_YEAR=2026&PRE_JG_YEAR=2026&LOAD_TYPE=single,서울하늘초등학교 학교교육과정 편성 운영 및 평가 계획.hwpx / 서울하늘초등학교 연간 학사일정.hwpx,https://www.schoolinfo.go.kr/ei/pp/Pneipp_b73_s0p.do?GS_HANGMOK_CD=73&GS_HANGMOK_NO=15-%EB%9D%BC&GS_HANGMOK_NM=%EB%B0%A9%EA%B3%BC%ED%9B%84%ED%95%99%EA%B5%90+%EC%9A%B4%EC%98%81+%EA%B3%84%ED%9A%8D+%EB%B0%8F+%EC%9A%B4%EC%98%81%E3%86%8D%EC%A7%80%EC%9B%90%ED%98%84%ED%99%A9&GS_BURYU_CD=JG130&JG_BURYU_CD=JG150&JG_HANGMOK_CD=59&JG_GUBUN=1&JG_YEAR2=2026&HG_NM=%EC%84%9C%EC%9A%B8%ED%95%98%EB%8A%98%EC%B4%88%EB%93%B1%ED%95%99%EA%B5%90&SHL_IDF_CD=2de50d46-4bd6-4972-a61b-bc29ba558543&GS_TYPE=Y&JG_YEAR=2026&SORT=BR&CHOSEN_JG_YEAR=2026&PRE_JG_YEAR=2026&LOAD_TYPE=single,2026학년도 하늘초 초등돌봄교실 운영계획.hwpx / 2026학년도 하늘초 방과후교실 운영계획.hwp,,,,,,,,,,
wave2_seoul,B000001939,서울성원초등학교,서울특별시,2-가 문서에서 시정표를 찾지 못함(요약본이거나 표가 이미지일 수 있음),,https://www.schoolinfo.go.kr/ei/ss/Pneiss_b01_s0.do?SHL_IDF_CD=13ebce58-da67-4807-82bd-806d99018fbd,https://www.schoolinfo.go.kr/ei/pp/Pneipp_b14_s0p.do?GS_HANGMOK_CD=14&GS_HANGMOK_NO=2-%EA%B0%80&GS_HANGMOK_NM=%ED%95%99%EA%B5%90%EA%B5%90%EC%9C%A1%EA%B3%BC%EC%A0%95+%ED%8E%B8%EC%84%B1%E3%86%8D%EC%9A%B4%EC%98%81+%EB%B0%8F+%ED%8F%89%EA%B0%80%EC%97%90+%EA%B4%80%ED%95%9C+%EC%82%AC%ED%95%AD&GS_BURYU_CD=JG100&JG_BURYU_CD=JG020&JG_HANGMOK_CD=05&JG_GUBUN=1&JG_YEAR2=2026&HG_NM=%EC%84%9C%EC%9A%B8%EC%84%B1%EC%9B%90%EC%B4%88%EB%93%B1%ED%95%99%EA%B5%90&SHL_IDF_CD=13ebce58-da67-4807-82bd-806d99018fbd&GS_TYPE=Y&JG_YEAR=2026&SORT=BR&CHOSEN_JG_YEAR=2026&PRE_JG_YEAR=2026&LOAD_TYPE=single,연간 학사 일정.hwpx / 2026학년도 성원초 학교교육과정 편성·운영·평가 계획.hwpx,https://www.schoolinfo.go.kr/ei/pp/Pneipp_b73_s0p.do?GS_HANGMOK_CD=73&GS_HANGMOK_NO=15-%EB%9D%BC&GS_HANGMOK_NM=%EB%B0%A9%EA%B3%BC%ED%9B%84%ED%95%99%EA%B5%90+%EC%9A%B4%EC%98%81+%EA%B3%84%ED%9A%8D+%EB%B0%8F+%EC%9A%B4%EC%98%81%E3%86%8D%EC%A7%80%EC%9B%90%ED%98%84%ED%99%A9&GS_BURYU_CD=JG130&JG_BURYU_CD=JG150&JG_HANGMOK_CD=59&JG_GUBUN=1&JG_YEAR2=2026&HG_NM=%EC%84%9C%EC%9A%B8%EC%84%B1%EC%9B%90%EC%B4%88%EB%93%B1%ED%95%99%EA%B5%90&SHL_IDF_CD=13ebce58-da67-4807-82bd-806d99018fbd&GS_TYPE=Y&JG_YEAR=2026&SORT=BR&CHOSEN_JG_YEAR=2026&PRE_JG_YEAR=2026&LOAD_TYPE=single,2025학년도 서울성원초등학교 선택형 돌봄 운영 계획(안).hwp / 2025학년도 서울성원초등학교 선택형 교육 프로그램(방과후학교) 연간 운영 계획(안).hwp,,,,,,,,,,
wave2_seoul,B000001940,서울성서초등학교,서울특별시,2-가 문서에서 시정표를 찾지 못함(요약본이거나 표가 이미지일 수 있음),,https://www.schoolinfo.go.kr/ei/ss/Pneiss_b01_s0.do?SHL_IDF_CD=ce5e364b-17f9-406b-8fdd-1cfa72e6a7eb,https://www.schoolinfo.go.kr/ei/pp/Pneipp_b14_s0p.do?GS_HANGMOK_CD=14&GS_HANGMOK_NO=2-%EA%B0%80&GS_HANGMOK_NM=%ED%95%99%EA%B5%90%EA%B5%90%EC%9C%A1%EA%B3%BC%EC%A0%95+%ED%8E%B8%EC%84%B1%E3%86%8D%EC%9A%B4%EC%98%81+%EB%B0%8F+%ED%8F%89%EA%B0%80%EC%97%90+%EA%B4%80%ED%95%9C+%EC%82%AC%ED%95%AD&GS_BURYU_CD=JG100&JG_BURYU_CD=JG020&JG_HANGMOK_CD=05&JG_GUBUN=1&JG_YEAR2=2026&HG_NM=%EC%84%9C%EC%9A%B8%EC%84%B1%EC%84%9C%EC%B4%88%EB%93%B1%ED%95%99%EA%B5%90&SHL_IDF_CD=ce5e364b-17f9-406b-8fdd-1cfa72e6a7eb&GS_TYPE=Y&JG_YEAR=2026&SORT=BR&CHOSEN_JG_YEAR=2026&PRE_JG_YEAR=2026&LOAD_TYPE=single,2026학년도 성서초 학교교육과정 편성운영 및 평가에 관한 사항.hwp / 2026학년도 성서초 연간학사일정.hwp,https://www.schoolinfo.go.kr/ei/pp/Pneipp_b73_s0p.do?GS_HANGMOK_CD=73&GS_HANGMOK_NO=15-%EB%9D%BC&GS_HANGMOK_NM=%EB%B0%A9%EA%B3%BC%ED%9B%84%ED%95%99%EA%B5%90+%EC%9A%B4%EC%98%81+%EA%B3%84%ED%9A%8D+%EB%B0%8F+%EC%9A%B4%EC%98%81%E3%86%8D%EC%A7%80%EC%9B%90%ED%98%84%ED%99%A9&GS_BURYU_CD=JG130&JG_BURYU_CD=JG150&JG_HANGMOK_CD=59&JG_GUBUN=1&JG_YEAR2=2026&HG_NM=%EC%84%9C%EC%9A%B8%EC%84%B1%EC%84%9C%EC%B4%88%EB%93%B1%ED%95%99%EA%B5%90&SHL_IDF_CD=ce5e364b-17f9-406b-8fdd-1cfa72e6a7eb&GS_TYPE=Y&JG_YEAR=2026&SORT=BR&CHOSEN_JG_YEAR=2026&PRE_JG_YEAR=2026&LOAD_TYPE=single,2026학년도 서울성서초등학교 초등돌봄교실 운영 계획.hwp / 2026학년도 서울성서초등학교 방과후학교 운영 계획(안).hwpx / 2026학년도 서울성서초등학교 방과후학교 운영 계획.hwpx,,,,,,,,,,
wave2_seoul,B000001942,서울신석초등학교,서울특별시,시정표 제목만 있고 표 글자가 없음(이미지 표 가능),,https://www.schoolinfo.go.kr/ei/ss/Pneiss_b01_s0.do?SHL_IDF_CD=30198224-c6c9-4012-8565-3b5d21dd5f77,https://www.schoolinfo.go.kr/ei/pp/Pneipp_b14_s0p.do?GS_HANGMOK_CD=14&GS_HANGMOK_NO=2-%EA%B0%80&GS_HANGMOK_NM=%ED%95%99%EA%B5%90%EA%B5%90%EC%9C%A1%EA%B3%BC%EC%A0%95+%ED%8E%B8%EC%84%B1%E3%86%8D%EC%9A%B4%EC%98%81+%EB%B0%8F+%ED%8F%89%EA%B0%80%EC%97%90+%EA%B4%80%ED%95%9C+%EC%82%AC%ED%95%AD&GS_BURYU_CD=JG100&JG_BURYU_CD=JG020&JG_HANGMOK_CD=05&JG_GUBUN=1&JG_YEAR2=2026&HG_NM=%EC%84%9C%EC%9A%B8%EC%8B%A0%EC%84%9D%EC%B4%88%EB%93%B1%ED%95%99%EA%B5%90&SHL_IDF_CD=30198224-c6c9-4012-8565-3b5d21dd5f77&GS_TYPE=Y&JG_YEAR=2026&SORT=BR&CHOSEN_JG_YEAR=2026&PRE_JG_YEAR=2026&LOAD_TYPE=single,2026 체험학습 운영.pdf / 2026 창의적 체험학습 운영.pdf / 2026 학교교육과정 편성 운영 평가.pdf / 2026 학교교육과정 편제 및 시간 배당.pdf / 2026 학교교육과정 편성 운영의 기본 방향.pdf,https://www.schoolinfo.go.kr/ei/pp/Pneipp_b73_s0p.do?GS_HANGMOK_CD=73&GS_HANGMOK_NO=15-%EB%9D%BC&GS_HANGMOK_NM=%EB%B0%A9%EA%B3%BC%ED%9B%84%ED%95%99%EA%B5%90+%EC%9A%B4%EC%98%81+%EA%B3%84%ED%9A%8D+%EB%B0%8F+%EC%9A%B4%EC%98%81%E3%86%8D%EC%A7%80%EC%9B%90%ED%98%84%ED%99%A9&GS_BURYU_CD=JG130&JG_BURYU_CD=JG150&JG_HANGMOK_CD=59&JG_GUBUN=1&JG_YEAR2=2026&HG_NM=%EC%84%9C%EC%9A%B8%EC%8B%A0%EC%84%9D%EC%B4%88%EB%93%B1%ED%95%99%EA%B5%90&SHL_IDF_CD=30198224-c6c9-4012-8565-3b5d21dd5f77&GS_TYPE=Y&JG_YEAR=2026&SORT=BR&CHOSEN_JG_YEAR=2026&PRE_JG_YEAR=2026&LOAD_TYPE=single,2026학년도 돌봄교실 연간 운영 계획(안).pdf / 2026학년도 방과후·맞춤형프로그램 위탁업체 선정결과 및 연간 운영 계획(안).pdf,,,,,,,,,,
wave2_seoul,B000001943,서울아현초등학교,서울특별시,시정표는 탐지됐으나 1학년 정규 시정을 읽지 못함,15-라 계획에 1학년 오후돌봄 종료 시각이 없음,https://www.schoolinfo.go.kr/ei/ss/Pneiss_b01_s0.do?SHL_IDF_CD=a21a3408-844b-4358-a066-1b90052c3789,https://www.schoolinfo.go.kr/ei/pp/Pneipp_b14_s0p.do?GS_HANGMOK_CD=14&GS_HANGMOK_NO=2-%EA%B0%80&GS_HANGMOK_NM=%ED%95%99%EA%B5%90%EA%B5%90%EC%9C%A1%EA%B3%BC%EC%A0%95+%ED%8E%B8%EC%84%B1%E3%86%8D%EC%9A%B4%EC%98%81+%EB%B0%8F+%ED%8F%89%EA%B0%80%EC%97%90+%EA%B4%80%ED%95%9C+%EC%82%AC%ED%95%AD&GS_BURYU_CD=JG100&JG_BURYU_CD=JG020&JG_HANGMOK_CD=05&JG_GUBUN=1&JG_YEAR2=2026&HG_NM=%EC%84%9C%EC%9A%B8%EC%95%84%ED%98%84%EC%B4%88%EB%93%B1%ED%95%99%EA%B5%90&SHL_IDF_CD=a21a3408-844b-4358-a066-1b90052c3789&GS_TYPE=Y&JG_YEAR=2026&SORT=BR&CHOSEN_JG_YEAR=2026&PRE_JG_YEAR=2026&LOAD_TYPE=single,(탑재용)2026 서울아현초등학교 학교교육계획.pdf,https://www.schoolinfo.go.kr/ei/pp/Pneipp_b73_s0p.do?GS_HANGMOK_CD=73&GS_HANGMOK_NO=15-%EB%9D%BC&GS_HANGMOK_NM=%EB%B0%A9%EA%B3%BC%ED%9B%84%ED%95%99%EA%B5%90+%EC%9A%B4%EC%98%81+%EA%B3%84%ED%9A%8D+%EB%B0%8F+%EC%9A%B4%EC%98%81%E3%86%8D%EC%A7%80%EC%9B%90%ED%98%84%ED%99%A9&GS_BURYU_CD=JG130&JG_BURYU_CD=JG150&JG_HANGMOK_CD=59&JG_GUBUN=1&JG_YEAR2=2026&HG_NM=%EC%84%9C%EC%9A%B8%EC%95%84%ED%98%84%EC%B4%88%EB%93%B1%ED%95%99%EA%B5%90&SHL_IDF_CD=a21a3408-844b-4358-a066-1b90052c3789&GS_TYPE=Y&JG_YEAR=2026&SORT=BR&CHOSEN_JG_YEAR=2026&PRE_JG_YEAR=2026&LOAD_TYPE=single,(학운위)-2026학년도 1분기 방과후-맞춤형교실 운영계획(안).hwp,,,,,,,,,,
wave2_seoul,B000001945,서울한서초등학교,서울특별시,2-가 문서에서 시정표를 찾지 못함(요약본이거나 표가 이미지일 수 있음),,https://www.schoolinfo.go.kr/ei/ss/Pneiss_b01_s0.do?SHL_IDF_CD=b2a3de55-4eaf-49d8-9d0d-4c6d349cd822,https://www.schoolinfo.go.kr/ei/pp/Pneipp_b14_s0p.do?GS_HANGMOK_CD=14&GS_HANGMOK_NO=2-%EA%B0%80&GS_HANGMOK_NM=%ED%95%99%EA%B5%90%EA%B5%90%EC%9C%A1%EA%B3%BC%EC%A0%95+%ED%8E%B8%EC%84%B1%E3%86%8D%EC%9A%B4%EC%98%81+%EB%B0%8F+%ED%8F%89%EA%B0%80%EC%97%90+%EA%B4%80%ED%95%9C+%EC%82%AC%ED%95%AD&GS_BURYU_CD=JG100&JG_BURYU_CD=JG020&JG_HANGMOK_CD=05&JG_GUBUN=1&JG_YEAR2=2026&HG_NM=%EC%84%9C%EC%9A%B8%ED%95%9C%EC%84%9C%EC%B4%88%EB%93%B1%ED%95%99%EA%B5%90&SHL_IDF_CD=b2a3de55-4eaf-49d8-9d0d-4c6d349cd822&GS_TYPE=Y&JG_YEAR=2026&SORT=BR&CHOSEN_JG_YEAR=2026&PRE_JG_YEAR=2026&LOAD_TYPE=single,2026학년도 연간학사일정.hwp / 학교교육과정 편성 운영 및 평가에 관한 사항.hwp,https://www.schoolinfo.go.kr/ei/pp/Pneipp_b73_s0p.do?GS_HANGMOK_CD=73&GS_HANGMOK_NO=15-%EB%9D%BC&GS_HANGMOK_NM=%EB%B0%A9%EA%B3%BC%ED%9B%84%ED%95%99%EA%B5%90+%EC%9A%B4%EC%98%81+%EA%B3%84%ED%9A%8D+%EB%B0%8F+%EC%9A%B4%EC%98%81%E3%86%8D%EC%A7%80%EC%9B%90%ED%98%84%ED%99%A9&GS_BURYU_CD=JG130&JG_BURYU_CD=JG150&JG_HANGMOK_CD=59&JG_GUBUN=1&JG_YEAR2=2026&HG_NM=%EC%84%9C%EC%9A%B8%ED%95%9C%EC%84%9C%EC%B4%88%EB%93%B1%ED%95%99%EA%B5%90&SHL_IDF_CD=b2a3de55-4eaf-49d8-9d0d-4c6d349cd822&GS_TYPE=Y&JG_YEAR=2026&SORT=BR&CHOSEN_JG_YEAR=2026&PRE_JG_YEAR=2026&LOAD_TYPE=single,2026학년도 서울한서초등학교 초등돌봄교실 운영계획.hwp / 2026학년도 서울한서초등학교 방과후교실 및 맞춤형교실 프로그램 연간운영계획.hwp,,,,,,,,,,
wave2_seoul,B000001947,서울신북초등학교,서울특별시,2-가 문서에서 시정표를 찾지 못함(요약본이거나 표가 이미지일 수 있음),,https://www.schoolinfo.go.kr/ei/ss/Pneiss_b01_s0.do?SHL_IDF_CD=de1588b5-77ed-46c6-b9fc-e700bae7b30a,https://www.schoolinfo.go.kr/ei/pp/Pneipp_b14_s0p.do?GS_HANGMOK_CD=14&GS_HANGMOK_NO=2-%EA%B0%80&GS_HANGMOK_NM=%ED%95%99%EA%B5%90%EA%B5%90%EC%9C%A1%EA%B3%BC%EC%A0%95+%ED%8E%B8%EC%84%B1%E3%86%8D%EC%9A%B4%EC%98%81+%EB%B0%8F+%ED%8F%89%EA%B0%80%EC%97%90+%EA%B4%80%ED%95%9C+%EC%82%AC%ED%95%AD&GS_BURYU_CD=JG100&JG_BURYU_CD=JG020&JG_HANGMOK_CD=05&JG_GUBUN=1&JG_YEAR2=2026&HG_NM=%EC%84%9C%EC%9A%B8%EC%8B%A0%EB%B6%81%EC%B4%88%EB%93%B1%ED%95%99%EA%B5%90&SHL_IDF_CD=de1588b5-77ed-46c6-b9fc-e700bae7b30a&GS_TYPE=Y&JG_YEAR=2026&SORT=BR&CHOSEN_JG_YEAR=2026&PRE_JG_YEAR=2026&LOAD_TYPE=single,"2026학년도 신북초 연간학사일정.hwp / 2026학년도 신북초 학교교육과정 편성, 운영, 평가 계획.hwpx",https://www.schoolinfo.go.kr/ei/pp/Pneipp_b73_s0p.do?GS_HANGMOK_CD=73&GS_HANGMOK_NO=15-%EB%9D%BC&GS_HANGMOK_NM=%EB%B0%A9%EA%B3%BC%ED%9B%84%ED%95%99%EA%B5%90+%EC%9A%B4%EC%98%81+%EA%B3%84%ED%9A%8D+%EB%B0%8F+%EC%9A%B4%EC%98%81%E3%86%8D%EC%A7%80%EC%9B%90%ED%98%84%ED%99%A9&GS_BURYU_CD=JG130&JG_BURYU_CD=JG150&JG_HANGMOK_CD=59&JG_GUBUN=1&JG_YEAR2=2026&HG_NM=%EC%84%9C%EC%9A%B8%EC%8B%A0%EB%B6%81%EC%B4%88%EB%93%B1%ED%95%99%EA%B5%90&SHL_IDF_CD=de1588b5-77ed-46c6-b9fc-e700bae7b30a&GS_TYPE=Y&JG_YEAR=2026&SORT=BR&CHOSEN_JG_YEAR=2026&PRE_JG_YEAR=2026&LOAD_TYPE=single,2026학년도 서울신북초 돌봄교실 연간운영계획.hwp / 2026학년도 서울신북초 방과후.맞춤형교실 연간운영계획.hwp,,,,,,,,,,
wave2_seoul,B000001949,서울상지초등학교,서울특별시,,15-라 계획에 1학년 오후돌봄 종료 시각이 없음,https://www.schoolinfo.go.kr/ei/ss/Pneiss_b01_s0.do?SHL_IDF_CD=825c33e0-8850-403e-900c-788debbfa8f6,https://www.schoolinfo.go.kr/ei/pp/Pneipp_b14_s0p.do?GS_HANGMOK_CD=14&GS_HANGMOK_NO=2-%EA%B0%80&GS_HANGMOK_NM=%ED%95%99%EA%B5%90%EA%B5%90%EC%9C%A1%EA%B3%BC%EC%A0%95+%ED%8E%B8%EC%84%B1%E3%86%8D%EC%9A%B4%EC%98%81+%EB%B0%8F+%ED%8F%89%EA%B0%80%EC%97%90+%EA%B4%80%ED%95%9C+%EC%82%AC%ED%95%AD&GS_BURYU_CD=JG100&JG_BURYU_CD=JG020&JG_HANGMOK_CD=05&JG_GUBUN=1&JG_YEAR2=2026&HG_NM=%EC%84%9C%EC%9A%B8%EC%83%81%EC%A7%80%EC%B4%88%EB%93%B1%ED%95%99%EA%B5%90&SHL_IDF_CD=825c33e0-8850-403e-900c-788debbfa8f6&GS_TYPE=Y&JG_YEAR=2026&SORT=BR&CHOSEN_JG_YEAR=2026&PRE_JG_YEAR=2026&LOAD_TYPE=single,2026학년도 상지초 학교교육과정 편성·운영 및 평가에 관한 사항.pdf,https://www.schoolinfo.go.kr/ei/pp/Pneipp_b73_s0p.do?GS_HANGMOK_CD=73&GS_HANGMOK_NO=15-%EB%9D%BC&GS_HANGMOK_NM=%EB%B0%A9%EA%B3%BC%ED%9B%84%ED%95%99%EA%B5%90+%EC%9A%B4%EC%98%81+%EA%B3%84%ED%9A%8D+%EB%B0%8F+%EC%9A%B4%EC%98%81%E3%86%8D%EC%A7%80%EC%9B%90%ED%98%84%ED%99%A9&GS_BURYU_CD=JG130&JG_BURYU_CD=JG150&JG_HANGMOK_CD=59&JG_GUBUN=1&JG_YEAR2=2026&HG_NM=%EC%84%9C%EC%9A%B8%EC%83%81%EC%A7%80%EC%B4%88%EB%93%B1%ED%95%99%EA%B5%90&SHL_IDF_CD=825c33e0-8850-403e-900c-788debbfa8f6&GS_TYPE=Y&JG_YEAR=2026&SORT=BR&CHOSEN_JG_YEAR=2026&PRE_JG_YEAR=2026&LOAD_TYPE=single,2026학년도 방과후.맞춤형교실 위탁업체 선정 및 연간 운영 계획(안).hwp,,,,,,,,,,
wave2_seoul,B000001950,서울상암초등학교,서울특별시,2-가 문서에서 시정표를 찾지 못함(요약본이거나 표가 이미지일 수 있음),,https://www.schoolinfo.go.kr/ei/ss/Pneiss_b01_s0.do?SHL_IDF_CD=cc6a0dd3-342b-4642-9dc9-eb2c0bf0314c,https://www.schoolinfo.go.kr/ei/pp/Pneipp_b14_s0p.do?GS_HANGMOK_CD=14&GS_HANGMOK_NO=2-%EA%B0%80&GS_HANGMOK_NM=%ED%95%99%EA%B5%90%EA%B5%90%EC%9C%A1%EA%B3%BC%EC%A0%95+%ED%8E%B8%EC%84%B1%E3%86%8D%EC%9A%B4%EC%98%81+%EB%B0%8F+%ED%8F%89%EA%B0%80%EC%97%90+%EA%B4%80%ED%95%9C+%EC%82%AC%ED%95%AD&GS_BURYU_CD=JG100&JG_BURYU_CD=JG020&JG_HANGMOK_CD=05&JG_GUBUN=1&JG_YEAR2=2026&HG_NM=%EC%84%9C%EC%9A%B8%EC%83%81%EC%95%94%EC%B4%88%EB%93%B1%ED%95%99%EA%B5%90&SHL_IDF_CD=cc6a0dd3-342b-4642-9dc9-eb2c0bf0314c&GS_TYPE=Y&JG_YEAR=2026&SORT=BR&CHOSEN_JG_YEAR=2026&PRE_JG_YEAR=2026&LOAD_TYPE=single,2-가_2026학년도_상암초_학교교육과정편성운영및평가에 관한사항.hwp,https://www.schoolinfo.go.kr/ei/pp/Pneipp_b73_s0p.do?GS_HANGMOK_CD=73&GS_HANGMOK_NO=15-%EB%9D%BC&GS_HANGMOK_NM=%EB%B0%A9%EA%B3%BC%ED%9B%84%ED%95%99%EA%B5%90+%EC%9A%B4%EC%98%81+%EA%B3%84%ED%9A%8D+%EB%B0%8F+%EC%9A%B4%EC%98%81%E3%86%8D%EC%A7%80%EC%9B%90%ED%98%84%ED%99%A9&GS_BURYU_CD=JG130&JG_BURYU_CD=JG150&JG_HANGMOK_CD=59&JG_GUBUN=1&JG_YEAR2=2026&HG_NM=%EC%84%9C%EC%9A%B8%EC%83%81%EC%95%94%EC%B4%88%EB%93%B1%ED%95%99%EA%B5%90&SHL_IDF_CD=cc6a0dd3-342b-4642-9dc9-eb2c0bf0314c&GS_TYPE=Y&JG_YEAR=2026&SORT=BR&CHOSEN_JG_YEAR=2026&PRE_JG_YEAR=2026&LOAD_TYPE=single,2026학년도 서울상암초등학교 돌봄교실 연간 운영 계획(안).hwp / 2026학년도 서울상암초등학교 방과후ㆍ맞춤형교실 연간운영계획.hwp,,,,,,,,,,
wave2_seoul,B000001951,홍익대학교사범대학부속초등학교,서울특별시,시정표 제목만 있고 표 글자가 없음(이미지 표 가능),15-라 계획에 1학년 오후돌봄 종료 시각이 없음,https://www.schoolinfo.go.kr/ei/ss/Pneiss_b01_s0.do?SHL_IDF_CD=bbc39723-ee2a-4f27-bf7d-1eee81d9fc2a,https://www.schoolinfo.go.kr/ei/pp/Pneipp_b14_s0p.do?GS_HANGMOK_CD=14&GS_HANGMOK_NO=2-%EA%B0%80&GS_HANGMOK_NM=%ED%95%99%EA%B5%90%EA%B5%90%EC%9C%A1%EA%B3%BC%EC%A0%95+%ED%8E%B8%EC%84%B1%E3%86%8D%EC%9A%B4%EC%98%81+%EB%B0%8F+%ED%8F%89%EA%B0%80%EC%97%90+%EA%B4%80%ED%95%9C+%EC%82%AC%ED%95%AD&GS_BURYU_CD=JG100&JG_BURYU_CD=JG020&JG_HANGMOK_CD=05&JG_GUBUN=1&JG_YEAR2=2026&HG_NM=%ED%99%8D%EC%9D%B5%EB%8C%80%ED%95%99%EA%B5%90%EC%82%AC%EB%B2%94%EB%8C%80%ED%95%99%EB%B6%80%EC%86%8D%EC%B4%88%EB%93%B1%ED%95%99%EA%B5%90&SHL_IDF_CD=bbc39723-ee2a-4f27-bf7d-1eee81d9fc2a&GS_TYPE=Y&JG_YEAR=2026&SORT=BR&CHOSEN_JG_YEAR=2026&PRE_JG_YEAR=2026&LOAD_TYPE=single,2026학년도 홍대부초 학교교육계획서(정보공시용).hwp,https://www.schoolinfo.go.kr/ei/pp/Pneipp_b73_s0p.do?GS_HANGMOK_CD=73&GS_HANGMOK_NO=15-%EB%9D%BC&GS_HANGMOK_NM=%EB%B0%A9%EA%B3%BC%ED%9B%84%ED%95%99%EA%B5%90+%EC%9A%B4%EC%98%81+%EA%B3%84%ED%9A%8D+%EB%B0%8F+%EC%9A%B4%EC%98%81%E3%86%8D%EC%A7%80%EC%9B%90%ED%98%84%ED%99%A9&GS_BURYU_CD=JG130&JG_BURYU_CD=JG150&JG_HANGMOK_CD=59&JG_GUBUN=1&JG_YEAR2=2026&HG_NM=%ED%99%8D%EC%9D%B5%EB%8C%80%ED%95%99%EA%B5%90%EC%82%AC%EB%B2%94%EB%8C%80%ED%95%99%EB%B6%80%EC%86%8D%EC%B4%88%EB%93%B1%ED%95%99%EA%B5%90&SHL_IDF_CD=bbc39723-ee2a-4f27-bf7d-1eee81d9fc2a&GS_TYPE=Y&JG_YEAR=2026&SORT=BR&CHOSEN_JG_YEAR=2026&PRE_JG_YEAR=2026&LOAD_TYPE=single,2026학년도 학운위 회의 자료(방과후).hwp,,,,,,,,,,
wave2_seoul,B000001952,서울천왕초등학교,서울특별시,2-가 문서에서 시정표를 찾지 못함(요약본이거나 표가 이미지일 수 있음),,https://www.schoolinfo.go.kr/ei/ss/Pneiss_b01_s0.do?SHL_IDF_CD=9d934187-d96a-4d1f-9ca6-1faead737fb6,https://www.schoolinfo.go.kr/ei/pp/Pneipp_b14_s0p.do?GS_HANGMOK_CD=14&GS_HANGMOK_NO=2-%EA%B0%80&GS_HANGMOK_NM=%ED%95%99%EA%B5%90%EA%B5%90%EC%9C%A1%EA%B3%BC%EC%A0%95+%ED%8E%B8%EC%84%B1%E3%86%8D%EC%9A%B4%EC%98%81+%EB%B0%8F+%ED%8F%89%EA%B0%80%EC%97%90+%EA%B4%80%ED%95%9C+%EC%82%AC%ED%95%AD&GS_BURYU_CD=JG100&JG_BURYU_CD=JG020&JG_HANGMOK_CD=05&JG_GUBUN=1&JG_YEAR2=2026&HG_NM=%EC%84%9C%EC%9A%B8%EC%B2%9C%EC%99%95%EC%B4%88%EB%93%B1%ED%95%99%EA%B5%90&SHL_IDF_CD=9d934187-d96a-4d1f-9ca6-1faead737fb6&GS_TYPE=Y&JG_YEAR=2026&SORT=BR&CHOSEN_JG_YEAR=2026&PRE_JG_YEAR=2026&LOAD_TYPE=single,2026학년도 천왕초 학교교육과정 편성 운영 평가 계획(정정).hwp / 2026학년도 천왕초 연간학사일정.hwp / 2026학년도 천왕초 학교교육과정 편성 운영 평가 계획.hwp,https://www.schoolinfo.go.kr/ei/pp/Pneipp_b73_s0p.do?GS_HANGMOK_CD=73&GS_HANGMOK_NO=15-%EB%9D%BC&GS_HANGMOK_NM=%EB%B0%A9%EA%B3%BC%ED%9B%84%ED%95%99%EA%B5%90+%EC%9A%B4%EC%98%81+%EA%B3%84%ED%9A%8D+%EB%B0%8F+%EC%9A%B4%EC%98%81%E3%86%8D%EC%A7%80%EC%9B%90%ED%98%84%ED%99%A9&GS_BURYU_CD=JG130&JG_BURYU_CD=JG150&JG_HANGMOK_CD=59&JG_GUBUN=1&JG_YEAR2=2026&HG_NM=%EC%84%9C%EC%9A%B8%EC%B2%9C%EC%99%95%EC%B4%88%EB%93%B1%ED%95%99%EA%B5%90&SHL_IDF_CD=9d934187-d96a-4d1f-9ca6-1faead737fb6&GS_TYPE=Y&JG_YEAR=2026&SORT=BR&CHOSEN_JG_YEAR=2026&PRE_JG_YEAR=2026&LOAD_TYPE=single,"2026학년도 천왕초등학교 방과후, 맞춤형, 특수 운영계획서.hwpx / 2026학년도 초등돌봄교실 운영 계획(안).hwp",,,,,,,,,,
wave2_seoul,B000001953,서울영일초등학교,서울특별시,시정표 제목만 있고 표 글자가 없음(이미지 표 가능),,https://www.schoolinfo.go.kr/ei/ss/Pneiss_b01_s0.do?SHL_IDF_CD=c4290159-3e75-4dab-b319-233eea54e008,https://www.schoolinfo.go.kr/ei/pp/Pneipp_b14_s0p.do?GS_HANGMOK_CD=14&GS_HANGMOK_NO=2-%EA%B0%80&GS_HANGMOK_NM=%ED%95%99%EA%B5%90%EA%B5%90%EC%9C%A1%EA%B3%BC%EC%A0%95+%ED%8E%B8%EC%84%B1%E3%86%8D%EC%9A%B4%EC%98%81+%EB%B0%8F+%ED%8F%89%EA%B0%80%EC%97%90+%EA%B4%80%ED%95%9C+%EC%82%AC%ED%95%AD&GS_BURYU_CD=JG100&JG_BURYU_CD=JG020&JG_HANGMOK_CD=05&JG_GUBUN=1&JG_YEAR2=2026&HG_NM=%EC%84%9C%EC%9A%B8%EC%98%81%EC%9D%BC%EC%B4%88%EB%93%B1%ED%95%99%EA%B5%90&SHL_IDF_CD=c4290159-3e75-4dab-b319-233eea54e008&GS_TYPE=Y&JG_YEAR=2026&SORT=BR&CHOSEN_JG_YEAR=2026&PRE_JG_YEAR=2026&LOAD_TYPE=single,2026학년도 영일초 학교교육과정 편성 운영 평가 계획.hwpx / 2026학년도 영일초 연간학사일정.hwpx,https://www.schoolinfo.go.kr/ei/pp/Pneipp_b73_s0p.do?GS_HANGMOK_CD=73&GS_HANGMOK_NO=15-%EB%9D%BC&GS_HANGMOK_NM=%EB%B0%A9%EA%B3%BC%ED%9B%84%ED%95%99%EA%B5%90+%EC%9A%B4%EC%98%81+%EA%B3%84%ED%9A%8D+%EB%B0%8F+%EC%9A%B4%EC%98%81%E3%86%8D%EC%A7%80%EC%9B%90%ED%98%84%ED%99%A9&GS_BURYU_CD=JG130&JG_BURYU_CD=JG150&JG_HANGMOK_CD=59&JG_GUBUN=1&JG_YEAR2=2026&HG_NM=%EC%84%9C%EC%9A%B8%EC%98%81%EC%9D%BC%EC%B4%88%EB%93%B1%ED%95%99%EA%B5%90&SHL_IDF_CD=c4290159-3e75-4dab-b319-233eea54e008&GS_TYPE=Y&JG_YEAR=2026&SORT=BR&CHOSEN_JG_YEAR=2026&PRE_JG_YEAR=2026&LOAD_TYPE=single,"2026학년도 방과후(맞춤형교실, 방과후교실) 연간 운영 계획.hwp / 2026학년도 돌봄교실 운영계획.hwp",,,,,,,,,,
wave2_seoul,B000001954,서울미래초등학교,서울특별시,시정표 제목만 있고 표 글자가 없음(이미지 표 가능),,https://www.schoolinfo.go.kr/ei/ss/Pneiss_b01_s0.do?SHL_IDF_CD=064b0bdf-81e5-4119-b488-7065d526cfdf,https://www.schoolinfo.go.kr/ei/pp/Pneipp_b14_s0p.do?GS_HANGMOK_CD=14&GS_HANGMOK_NO=2-%EA%B0%80&GS_HANGMOK_NM=%ED%95%99%EA%B5%90%EA%B5%90%EC%9C%A1%EA%B3%BC%EC%A0%95+%ED%8E%B8%EC%84%B1%E3%86%8D%EC%9A%B4%EC%98%81+%EB%B0%8F+%ED%8F%89%EA%B0%80%EC%97%90+%EA%B4%80%ED%95%9C+%EC%82%AC%ED%95%AD&GS_BURYU_CD=JG100&JG_BURYU_CD=JG020&JG_HANGMOK_CD=05&JG_GUBUN=1&JG_YEAR2=2026&HG_NM=%EC%84%9C%EC%9A%B8%EB%AF%B8%EB%9E%98%EC%B4%88%EB%93%B1%ED%95%99%EA%B5%90&SHL_IDF_CD=064b0bdf-81e5-4119-b488-7065d526cfdf&GS_TYPE=Y&JG_YEAR=2026&SORT=BR&CHOSEN_JG_YEAR=2026&PRE_JG_YEAR=2026&LOAD_TYPE=single,2026학년도 서울미래초 교육과정(무기명).pdf,https://www.schoolinfo.go.kr/ei/pp/Pneipp_b73_s0p.do?GS_HANGMOK_CD=73&GS_HANGMOK_NO=15-%EB%9D%BC&GS_HANGMOK_NM=%EB%B0%A9%EA%B3%BC%ED%9B%84%ED%95%99%EA%B5%90+%EC%9A%B4%EC%98%81+%EA%B3%84%ED%9A%8D+%EB%B0%8F+%EC%9A%B4%EC%98%81%E3%86%8D%EC%A7%80%EC%9B%90%ED%98%84%ED%99%A9&GS_BURYU_CD=JG130&JG_BURYU_CD=JG150&JG_HANGMOK_CD=59&JG_GUBUN=1&JG_YEAR2=2026&HG_NM=%EC%84%9C%EC%9A%B8%EB%AF%B8%EB%9E%98%EC%B4%88%EB%93%B1%ED%95%99%EA%B5%90&SHL_IDF_CD=064b0bdf-81e5-4119-b488-7065d526cfdf&GS_TYPE=Y&JG_YEAR=2026&SORT=BR&CHOSEN_JG_YEAR=2026&PRE_JG_YEAR=2026&LOAD_TYPE=single,(학운위 심의안)2026 방과후·돌봄 연간 운영 최종계획(안).hwpx,,,,,,,,,,
wave2_seoul,B000001956,서울고산초등학교,서울특별시,2-가 문서에서 시정표를 찾지 못함(요약본이거나 표가 이미지일 수 있음),,https://www.schoolinfo.go.kr/ei/ss/Pneiss_b01_s0.do?SHL_IDF_CD=3d835c45-523b-425c-acc5-f7d1b27b7b87,https://www.schoolinfo.go.kr/ei/pp/Pneipp_b14_s0p.do?GS_HANGMOK_CD=14&GS_HANGMOK_NO=2-%EA%B0%80&GS_HANGMOK_NM=%ED%95%99%EA%B5%90%EA%B5%90%EC%9C%A1%EA%B3%BC%EC%A0%95+%ED%8E%B8%EC%84%B1%E3%86%8D%EC%9A%B4%EC%98%81+%EB%B0%8F+%ED%8F%89%EA%B0%80%EC%97%90+%EA%B4%80%ED%95%9C+%EC%82%AC%ED%95%AD&GS_BURYU_CD=JG100&JG_BURYU_CD=JG020&JG_HANGMOK_CD=05&JG_GUBUN=1&JG_YEAR2=2026&HG_NM=%EC%84%9C%EC%9A%B8%EA%B3%A0%EC%82%B0%EC%B4%88%EB%93%B1%ED%95%99%EA%B5%90&SHL_IDF_CD=3d835c45-523b-425c-acc5-f7d1b27b7b87&GS_TYPE=Y&JG_YEAR=2026&SORT=BR&CHOSEN_JG_YEAR=2026&PRE_JG_YEAR=2026&LOAD_TYPE=single,2026학년도 서울고산초 연간학사일정.hwp / 2026학년도 서울고산초 학교교육과정 편성·운영·평가 계획.hwpx,https://www.schoolinfo.go.kr/ei/pp/Pneipp_b73_s0p.do?GS_HANGMOK_CD=73&GS_HANGMOK_NO=15-%EB%9D%BC&GS_HANGMOK_NM=%EB%B0%A9%EA%B3%BC%ED%9B%84%ED%95%99%EA%B5%90+%EC%9A%B4%EC%98%81+%EA%B3%84%ED%9A%8D+%EB%B0%8F+%EC%9A%B4%EC%98%81%E3%86%8D%EC%A7%80%EC%9B%90%ED%98%84%ED%99%A9&GS_BURYU_CD=JG130&JG_BURYU_CD=JG150&JG_HANGMOK_CD=59&JG_GUBUN=1&JG_YEAR2=2026&HG_NM=%EC%84%9C%EC%9A%B8%EA%B3%A0%EC%82%B0%EC%B4%88%EB%93%B1%ED%95%99%EA%B5%90&SHL_IDF_CD=3d835c45-523b-425c-acc5-f7d1b27b7b87&GS_TYPE=Y&JG_YEAR=2026&SORT=BR&CHOSEN_JG_YEAR=2026&PRE_JG_YEAR=2026&LOAD_TYPE=single,2026학년도 고산초 초등돌봄교실 운영계획.hwp / 2026학년도 고산초 방과후학교 운영 계획.hwpx,,,,,,,,,,
wave2_seoul,B000001957,서울개웅초등학교,서울특별시,2-가 문서에서 시정표를 찾지 못함(요약본이거나 표가 이미지일 수 있음),,https://www.schoolinfo.go.kr/ei/ss/Pneiss_b01_s0.do?SHL_IDF_CD=53f134fc-eb4b-4c5a-91a3-21959fd6a2c4,https://www.schoolinfo.go.kr/ei/pp/Pneipp_b14_s0p.do?GS_HANGMOK_CD=14&GS_HANGMOK_NO=2-%EA%B0%80&GS_HANGMOK_NM=%ED%95%99%EA%B5%90%EA%B5%90%EC%9C%A1%EA%B3%BC%EC%A0%95+%ED%8E%B8%EC%84%B1%E3%86%8D%EC%9A%B4%EC%98%81+%EB%B0%8F+%ED%8F%89%EA%B0%80%EC%97%90+%EA%B4%80%ED%95%9C+%EC%82%AC%ED%95%AD&GS_BURYU_CD=JG100&JG_BURYU_CD=JG020&JG_HANGMOK_CD=05&JG_GUBUN=1&JG_YEAR2=2026&HG_NM=%EC%84%9C%EC%9A%B8%EA%B0%9C%EC%9B%85%EC%B4%88%EB%93%B1%ED%95%99%EA%B5%90&SHL_IDF_CD=53f134fc-eb4b-4c5a-91a3-21959fd6a2c4&GS_TYPE=Y&JG_YEAR=2026&SORT=BR&CHOSEN_JG_YEAR=2026&PRE_JG_YEAR=2026&LOAD_TYPE=single,2025학년도 개웅초 학교교육과정 편성운영 및 평가 계획.hwpx,https://www.schoolinfo.go.kr/ei/pp/Pneipp_b73_s0p.do?GS_HANGMOK_CD=73&GS_HANGMOK_NO=15-%EB%9D%BC&GS_HANGMOK_NM=%EB%B0%A9%EA%B3%BC%ED%9B%84%ED%95%99%EA%B5%90+%EC%9A%B4%EC%98%81+%EA%B3%84%ED%9A%8D+%EB%B0%8F+%EC%9A%B4%EC%98%81%E3%86%8D%EC%A7%80%EC%9B%90%ED%98%84%ED%99%A9&GS_BURYU_CD=JG130&JG_BURYU_CD=JG150&JG_HANGMOK_CD=59&JG_GUBUN=1&JG_YEAR2=2026&HG_NM=%EC%84%9C%EC%9A%B8%EA%B0%9C%EC%9B%85%EC%B4%88%EB%93%B1%ED%95%99%EA%B5%90&SHL_IDF_CD=53f134fc-eb4b-4c5a-91a3-21959fd6a2c4&GS_TYPE=Y&JG_YEAR=2026&SORT=BR&CHOSEN_JG_YEAR=2026&PRE_JG_YEAR=2026&LOAD_TYPE=single,2026학년도 서울개웅초 돌봄교실 운영 계획.pdf / 2026학년도 서울개웅초 방과후학교 운영 계획.pdf,,,,,,,,,,
wave2_seoul,B000001959,서울온수초등학교,서울특별시,2-가 문서에서 시정표를 찾지 못함(요약본이거나 표가 이미지일 수 있음),,https://www.schoolinfo.go.kr/ei/ss/Pneiss_b01_s0.do?SHL_IDF_CD=5cbb41a4-aed8-4be9-a96f-5c76026f1f34,https://www.schoolinfo.go.kr/ei/pp/Pneipp_b14_s0p.do?GS_HANGMOK_CD=14&GS_HANGMOK_NO=2-%EA%B0%80&GS_HANGMOK_NM=%ED%95%99%EA%B5%90%EA%B5%90%EC%9C%A1%EA%B3%BC%EC%A0%95+%ED%8E%B8%EC%84%B1%E3%86%8D%EC%9A%B4%EC%98%81+%EB%B0%8F+%ED%8F%89%EA%B0%80%EC%97%90+%EA%B4%80%ED%95%9C+%EC%82%AC%ED%95%AD&GS_BURYU_CD=JG100&JG_BURYU_CD=JG020&JG_HANGMOK_CD=05&JG_GUBUN=1&JG_YEAR2=2026&HG_NM=%EC%84%9C%EC%9A%B8%EC%98%A8%EC%88%98%EC%B4%88%EB%93%B1%ED%95%99%EA%B5%90&SHL_IDF_CD=5cbb41a4-aed8-4be9-a96f-5c76026f1f34&GS_TYPE=Y&JG_YEAR=2026&SORT=BR&CHOSEN_JG_YEAR=2026&PRE_JG_YEAR=2026&LOAD_TYPE=single,2026학년도 서울온수초등학교 학교교육과정 편성·운영·평가·계획_수정.hwpx / 2026학년도 서울온수초등학교 연간 학사일정.hwpx,https://www.schoolinfo.go.kr/ei/pp/Pneipp_b73_s0p.do?GS_HANGMOK_CD=73&GS_HANGMOK_NO=15-%EB%9D%BC&GS_HANGMOK_NM=%EB%B0%A9%EA%B3%BC%ED%9B%84%ED%95%99%EA%B5%90+%EC%9A%B4%EC%98%81+%EA%B3%84%ED%9A%8D+%EB%B0%8F+%EC%9A%B4%EC%98%81%E3%86%8D%EC%A7%80%EC%9B%90%ED%98%84%ED%99%A9&GS_BURYU_CD=JG130&JG_BURYU_CD=JG150&JG_HANGMOK_CD=59&JG_GUBUN=1&JG_YEAR2=2026&HG_NM=%EC%84%9C%EC%9A%B8%EC%98%A8%EC%88%98%EC%B4%88%EB%93%B1%ED%95%99%EA%B5%90&SHL_IDF_CD=5cbb41a4-aed8-4be9-a96f-5c76026f1f34&GS_TYPE=Y&JG_YEAR=2026&SORT=BR&CHOSEN_JG_YEAR=2026&PRE_JG_YEAR=2026&LOAD_TYPE=single,2026학년도 돌봄교실 연간 운영 계획(안).hwp / 2026학년도 방과후·맞춤형 연간 운영 계획 심의(안).zip,,,,,,,,,,
wave2_seoul,B000001960,서울매봉초등학교,서울특별시,2-가 문서에서 시정표를 찾지 못함(요약본이거나 표가 이미지일 수 있음),,https://www.schoolinfo.go.kr/ei/ss/Pneiss_b01_s0.do?SHL_IDF_CD=712e98a8-b211-4c56-bfa5-8a09ce6ae7e7,https://www.schoolinfo.go.kr/ei/pp/Pneipp_b14_s0p.do?GS_HANGMOK_CD=14&GS_HANGMOK_NO=2-%EA%B0%80&GS_HANGMOK_NM=%ED%95%99%EA%B5%90%EA%B5%90%EC%9C%A1%EA%B3%BC%EC%A0%95+%ED%8E%B8%EC%84%B1%E3%86%8D%EC%9A%B4%EC%98%81+%EB%B0%8F+%ED%8F%89%EA%B0%80%EC%97%90+%EA%B4%80%ED%95%9C+%EC%82%AC%ED%95%AD&GS_BURYU_CD=JG100&JG_BURYU_CD=JG020&JG_HANGMOK_CD=05&JG_GUBUN=1&JG_YEAR2=2026&HG_NM=%EC%84%9C%EC%9A%B8%EB%A7%A4%EB%B4%89%EC%B4%88%EB%93%B1%ED%95%99%EA%B5%90&SHL_IDF_CD=712e98a8-b211-4c56-bfa5-8a09ce6ae7e7&GS_TYPE=Y&JG_YEAR=2026&SORT=BR&CHOSEN_JG_YEAR=2026&PRE_JG_YEAR=2026&LOAD_TYPE=single,2026학년도 매봉초 학교교육과정 편성 운영 및 평가 계획.hwp / 2026학년도 매봉초 연간학사일정.hwp,https://www.schoolinfo.go.kr/ei/pp/Pneipp_b73_s0p.do?GS_HANGMOK_CD=73&GS_HANGMOK_NO=15-%EB%9D%BC&GS_HANGMOK_NM=%EB%B0%A9%EA%B3%BC%ED%9B%84%ED%95%99%EA%B5%90+%EC%9A%B4%EC%98%81+%EA%B3%84%ED%9A%8D+%EB%B0%8F+%EC%9A%B4%EC%98%81%E3%86%8D%EC%A7%80%EC%9B%90%ED%98%84%ED%99%A9&GS_BURYU_CD=JG130&JG_BURYU_CD=JG150&JG_HANGMOK_CD=59&JG_GUBUN=1&JG_YEAR2=2026&HG_NM=%EC%84%9C%EC%9A%B8%EB%A7%A4%EB%B4%89%EC%B4%88%EB%93%B1%ED%95%99%EA%B5%90&SHL_IDF_CD=712e98a8-b211-4c56-bfa5-8a09ce6ae7e7&GS_TYPE=Y&JG_YEAR=2026&SORT=BR&CHOSEN_JG_YEAR=2026&PRE_JG_YEAR=2026&LOAD_TYPE=single,2026학년도 매봉초 초등돌봄교실 운영 계획.hwp / 2026학년도 매봉초등학교 방과후학교 운영 계획.hwp,,,,,,,,,,
wave2_seoul,B000001961,서울개봉초등학교,서울특별시,2-가 문서에서 시정표를 찾지 못함(요약본이거나 표가 이미지일 수 있음),,https://www.schoolinfo.go.kr/ei/ss/Pneiss_b01_s0.do?SHL_IDF_CD=a78a84cc-09c6-4711-8c90-b71f11512668,https://www.schoolinfo.go.kr/ei/pp/Pneipp_b14_s0p.do?GS_HANGMOK_CD=14&GS_HANGMOK_NO=2-%EA%B0%80&GS_HANGMOK_NM=%ED%95%99%EA%B5%90%EA%B5%90%EC%9C%A1%EA%B3%BC%EC%A0%95+%ED%8E%B8%EC%84%B1%E3%86%8D%EC%9A%B4%EC%98%81+%EB%B0%8F+%ED%8F%89%EA%B0%80%EC%97%90+%EA%B4%80%ED%95%9C+%EC%82%AC%ED%95%AD&GS_BURYU_CD=JG100&JG_BURYU_CD=JG020&JG_HANGMOK_CD=05&JG_GUBUN=1&JG_YEAR2=2026&HG_NM=%EC%84%9C%EC%9A%B8%EA%B0%9C%EB%B4%89%EC%B4%88%EB%93%B1%ED%95%99%EA%B5%90&SHL_IDF_CD=a78a84cc-09c6-4711-8c90-b71f11512668&GS_TYPE=Y&JG_YEAR=2026&SORT=BR&CHOSEN_JG_YEAR=2026&PRE_JG_YEAR=2026&LOAD_TYPE=single,2026학년도 개봉초 학교교육과정 편성·운영·평가 계획.pdf / 2026학년도 개봉초 연간 학사일정.pdf,https://www.schoolinfo.go.kr/ei/pp/Pneipp_b73_s0p.do?GS_HANGMOK_CD=73&GS_HANGMOK_NO=15-%EB%9D%BC&GS_HANGMOK_NM=%EB%B0%A9%EA%B3%BC%ED%9B%84%ED%95%99%EA%B5%90+%EC%9A%B4%EC%98%81+%EA%B3%84%ED%9A%8D+%EB%B0%8F+%EC%9A%B4%EC%98%81%E3%86%8D%EC%A7%80%EC%9B%90%ED%98%84%ED%99%A9&GS_BURYU_CD=JG130&JG_BURYU_CD=JG150&JG_HANGMOK_CD=59&JG_GUBUN=1&JG_YEAR2=2026&HG_NM=%EC%84%9C%EC%9A%B8%EA%B0%9C%EB%B4%89%EC%B4%88%EB%93%B1%ED%95%99%EA%B5%90&SHL_IDF_CD=a78a84cc-09c6-4711-8c90-b71f11512668&GS_TYPE=Y&JG_YEAR=2026&SORT=BR&CHOSEN_JG_YEAR=2026&PRE_JG_YEAR=2026&LOAD_TYPE=single,2026학년도 방과후교실 운영계획.hwp / 2026학년도 돌봄교실 운영계획.hwp,,,,,,,,,,
wave2_seoul,B000001962,서울고척초등학교,서울특별시,2-가 문서에서 시정표를 찾지 못함(요약본이거나 표가 이미지일 수 있음),,https://www.schoolinfo.go.kr/ei/ss/Pneiss_b01_s0.do?SHL_IDF_CD=f6ea7f14-849c-4c3b-8a12-76552e3f6fbc,https://www.schoolinfo.go.kr/ei/pp/Pneipp_b14_s0p.do?GS_HANGMOK_CD=14&GS_HANGMOK_NO=2-%EA%B0%80&GS_HANGMOK_NM=%ED%95%99%EA%B5%90%EA%B5%90%EC%9C%A1%EA%B3%BC%EC%A0%95+%ED%8E%B8%EC%84%B1%E3%86%8D%EC%9A%B4%EC%98%81+%EB%B0%8F+%ED%8F%89%EA%B0%80%EC%97%90+%EA%B4%80%ED%95%9C+%EC%82%AC%ED%95%AD&GS_BURYU_CD=JG100&JG_BURYU_CD=JG020&JG_HANGMOK_CD=05&JG_GUBUN=1&JG_YEAR2=2026&HG_NM=%EC%84%9C%EC%9A%B8%EA%B3%A0%EC%B2%99%EC%B4%88%EB%93%B1%ED%95%99%EA%B5%90&SHL_IDF_CD=f6ea7f14-849c-4c3b-8a12-76552e3f6fbc&GS_TYPE=Y&JG_YEAR=2026&SORT=BR&CHOSEN_JG_YEAR=2026&PRE_JG_YEAR=2026&LOAD_TYPE=single,2026학년도 서울고척초등학교 연간학사일정.hwpx / 2026학년도 6학년 1학기 학생 평가 안내(학부모).hwpx / 2026학년도 5학년 1학기 학생 평가 안내(학부모).hwpx / 2026학년도 4학년 1학기 학생 평가 안내(학부모).hwpx / 2026학년도 3학년 1학기 학생 평가 안내(학부모).hwpx / 2026학년도 2학년 1학기 학생 평가 안내(학부모).hwpx / 2026학년도 1학년 1학기 학생 평가 안내(학부모).hwpx / (심의자료)2026학년도 찾아오는 1학기 현장체험학습 계획(안).hwp / 2026학년도 서울고척초등학교 학교교육계획서.pdf,https://www.schoolinfo.go.kr/ei/pp/Pneipp_b73_s0p.do?GS_HANGMOK_CD=73&GS_HANGMOK_NO=15-%EB%9D%BC&GS_HANGMOK_NM=%EB%B0%A9%EA%B3%BC%ED%9B%84%ED%95%99%EA%B5%90+%EC%9A%B4%EC%98%81+%EA%B3%84%ED%9A%8D+%EB%B0%8F+%EC%9A%B4%EC%98%81%E3%86%8D%EC%A7%80%EC%9B%90%ED%98%84%ED%99%A9&GS_BURYU_CD=JG130&JG_BURYU_CD=JG150&JG_HANGMOK_CD=59&JG_GUBUN=1&JG_YEAR2=2026&HG_NM=%EC%84%9C%EC%9A%B8%EA%B3%A0%EC%B2%99%EC%B4%88%EB%93%B1%ED%95%99%EA%B5%90&SHL_IDF_CD=f6ea7f14-849c-4c3b-8a12-76552e3f6fbc&GS_TYPE=Y&JG_YEAR=2026&SORT=BR&CHOSEN_JG_YEAR=2026&PRE_JG_YEAR=2026&LOAD_TYPE=single,2026학년도 초등돌봄교실 운영 계획_공개용.hwp / 2026학년도 방과후·돌봄 운영 계획_0414 공개용.hwpx,,,,,,,,,,
wave2_seoul,B000001964,서울세곡초등학교,서울특별시,2-가 문서에서 시정표를 찾지 못함(요약본이거나 표가 이미지일 수 있음),,https://www.schoolinfo.go.kr/ei/ss/Pneiss_b01_s0.do?SHL_IDF_CD=fa97e11a-d32a-4981-8dbb-29e4473e7e93,https://www.schoolinfo.go.kr/ei/pp/Pneipp_b14_s0p.do?GS_HANGMOK_CD=14&GS_HANGMOK_NO=2-%EA%B0%80&GS_HANGMOK_NM=%ED%95%99%EA%B5%90%EA%B5%90%EC%9C%A1%EA%B3%BC%EC%A0%95+%ED%8E%B8%EC%84%B1%E3%86%8D%EC%9A%B4%EC%98%81+%EB%B0%8F+%ED%8F%89%EA%B0%80%EC%97%90+%EA%B4%80%ED%95%9C+%EC%82%AC%ED%95%AD&GS_BURYU_CD=JG100&JG_BURYU_CD=JG020&JG_HANGMOK_CD=05&JG_GUBUN=1&JG_YEAR2=2026&HG_NM=%EC%84%9C%EC%9A%B8%EC%84%B8%EA%B3%A1%EC%B4%88%EB%93%B1%ED%95%99%EA%B5%90&SHL_IDF_CD=fa97e11a-d32a-4981-8dbb-29e4473e7e93&GS_TYPE=Y&JG_YEAR=2026&SORT=BR&CHOSEN_JG_YEAR=2026&PRE_JG_YEAR=2026&LOAD_TYPE=single,2-가. 학교교육과정 편성ㆍ운영 및 평가에 관한 사항.pdf,https://www.schoolinfo.go.kr/ei/pp/Pneipp_b73_s0p.do?GS_HANGMOK_CD=73&GS_HANGMOK_NO=15-%EB%9D%BC&GS_HANGMOK_NM=%EB%B0%A9%EA%B3%BC%ED%9B%84%ED%95%99%EA%B5%90+%EC%9A%B4%EC%98%81+%EA%B3%84%ED%9A%8D+%EB%B0%8F+%EC%9A%B4%EC%98%81%E3%86%8D%EC%A7%80%EC%9B%90%ED%98%84%ED%99%A9&GS_BURYU_CD=JG130&JG_BURYU_CD=JG150&JG_HANGMOK_CD=59&JG_GUBUN=1&JG_YEAR2=2026&HG_NM=%EC%84%9C%EC%9A%B8%EC%84%B8%EA%B3%A1%EC%B4%88%EB%93%B1%ED%95%99%EA%B5%90&SHL_IDF_CD=fa97e11a-d32a-4981-8dbb-29e4473e7e93&GS_TYPE=Y&JG_YEAR=2026&SORT=BR&CHOSEN_JG_YEAR=2026&PRE_JG_YEAR=2026&LOAD_TYPE=single,(학운위)2026학년도 초등돌봄교실  운영계획(안).hwp / (학운위) 2026학년도 방과후·돌봄 운영 계획(안).hwp,,,,,,,,,,
wave2_seoul,B000001965,서울동구로초등학교,서울특별시,2-가 문서에서 시정표를 찾지 못함(요약본이거나 표가 이미지일 수 있음),,https://www.schoolinfo.go.kr/ei/ss/Pneiss_b01_s0.do?SHL_IDF_CD=0f4c258c-7b03-4944-b0ce-1a23a3933e87,https://www.schoolinfo.go.kr/ei/pp/Pneipp_b14_s0p.do?GS_HANGMOK_CD=14&GS_HANGMOK_NO=2-%EA%B0%80&GS_HANGMOK_NM=%ED%95%99%EA%B5%90%EA%B5%90%EC%9C%A1%EA%B3%BC%EC%A0%95+%ED%8E%B8%EC%84%B1%E3%86%8D%EC%9A%B4%EC%98%81+%EB%B0%8F+%ED%8F%89%EA%B0%80%EC%97%90+%EA%B4%80%ED%95%9C+%EC%82%AC%ED%95%AD&GS_BURYU_CD=JG100&JG_BURYU_CD=JG020&JG_HANGMOK_CD=05&JG_GUBUN=1&JG_YEAR2=2026&HG_NM=%EC%84%9C%EC%9A%B8%EB%8F%99%EA%B5%AC%EB%A1%9C%EC%B4%88%EB%93%B1%ED%95%99%EA%B5%90&SHL_IDF_CD=0f4c258c-7b03-4944-b0ce-1a23a3933e87&GS_TYPE=Y&JG_YEAR=2026&SORT=BR&CHOSEN_JG_YEAR=2026&PRE_JG_YEAR=2026&LOAD_TYPE=single,2026학년도 동구로초 연간학사일정.pdf / 2026학년도 동구로초 학교교육과정 편성운영평가 계획.pdf,https://www.schoolinfo.go.kr/ei/pp/Pneipp_b73_s0p.do?GS_HANGMOK_CD=73&GS_HANGMOK_NO=15-%EB%9D%BC&GS_HANGMOK_NM=%EB%B0%A9%EA%B3%BC%ED%9B%84%ED%95%99%EA%B5%90+%EC%9A%B4%EC%98%81+%EA%B3%84%ED%9A%8D+%EB%B0%8F+%EC%9A%B4%EC%98%81%E3%86%8D%EC%A7%80%EC%9B%90%ED%98%84%ED%99%A9&GS_BURYU_CD=JG130&JG_BURYU_CD=JG150&JG_HANGMOK_CD=59&JG_GUBUN=1&JG_YEAR2=2026&HG_NM=%EC%84%9C%EC%9A%B8%EB%8F%99%EA%B5%AC%EB%A1%9C%EC%B4%88%EB%93%B1%ED%95%99%EA%B5%90&SHL_IDF_CD=0f4c258c-7b03-4944-b0ce-1a23a3933e87&GS_TYPE=Y&JG_YEAR=2026&SORT=BR&CHOSEN_JG_YEAR=2026&PRE_JG_YEAR=2026&LOAD_TYPE=single,2026학년 동구로초등학교 돌봄교실 운영 계획안.hwp / 2026학년도 동구로초등학교 방과후교실 운영계획(안).hwp,,,,,,,,,,
wave2_seoul,B000001966,서울신구로초등학교,서울특별시,2-가 문서에서 시정표를 찾지 못함(요약본이거나 표가 이미지일 수 있음),,https://www.schoolinfo.go.kr/ei/ss/Pneiss_b01_s0.do?SHL_IDF_CD=77a2e584-3c54-4f67-ab6c-a9a530a8ad4d,https://www.schoolinfo.go.kr/ei/pp/Pneipp_b14_s0p.do?GS_HANGMOK_CD=14&GS_HANGMOK_NO=2-%EA%B0%80&GS_HANGMOK_NM=%ED%95%99%EA%B5%90%EA%B5%90%EC%9C%A1%EA%B3%BC%EC%A0%95+%ED%8E%B8%EC%84%B1%E3%86%8D%EC%9A%B4%EC%98%81+%EB%B0%8F+%ED%8F%89%EA%B0%80%EC%97%90+%EA%B4%80%ED%95%9C+%EC%82%AC%ED%95%AD&GS_BURYU_CD=JG100&JG_BURYU_CD=JG020&JG_HANGMOK_CD=05&JG_GUBUN=1&JG_YEAR2=2026&HG_NM=%EC%84%9C%EC%9A%B8%EC%8B%A0%EA%B5%AC%EB%A1%9C%EC%B4%88%EB%93%B1%ED%95%99%EA%B5%90&SHL_IDF_CD=77a2e584-3c54-4f67-ab6c-a9a530a8ad4d&GS_TYPE=Y&JG_YEAR=2026&SORT=BR&CHOSEN_JG_YEAR=2026&PRE_JG_YEAR=2026&LOAD_TYPE=single,2026학년도 신구로초 학교교육과정 편성 운영 평가 계획.hwp,https://www.schoolinfo.go.kr/ei/pp/Pneipp_b73_s0p.do?GS_HANGMOK_CD=73&GS_HANGMOK_NO=15-%EB%9D%BC&GS_HANGMOK_NM=%EB%B0%A9%EA%B3%BC%ED%9B%84%ED%95%99%EA%B5%90+%EC%9A%B4%EC%98%81+%EA%B3%84%ED%9A%8D+%EB%B0%8F+%EC%9A%B4%EC%98%81%E3%86%8D%EC%A7%80%EC%9B%90%ED%98%84%ED%99%A9&GS_BURYU_CD=JG130&JG_BURYU_CD=JG150&JG_HANGMOK_CD=59&JG_GUBUN=1&JG_YEAR2=2026&HG_NM=%EC%84%9C%EC%9A%B8%EC%8B%A0%EA%B5%AC%EB%A1%9C%EC%B4%88%EB%93%B1%ED%95%99%EA%B5%90&SHL_IDF_CD=77a2e584-3c54-4f67-ab6c-a9a530a8ad4d&GS_TYPE=Y&JG_YEAR=2026&SORT=BR&CHOSEN_JG_YEAR=2026&PRE_JG_YEAR=2026&LOAD_TYPE=single,2026학년도 신구로초 초등돌봄교실 운영계획.pdf / 2026학년도 신구로초 방과후교실 연간운영계획(안).pdf / 2026학년도 신구로초 방과후교실 연간운영계획(세부).pdf,,,,,,,,,,
wave2_seoul,B000001968,서울구로남초등학교,서울특별시,2-가 문서에서 시정표를 찾지 못함(요약본이거나 표가 이미지일 수 있음),15-라 계획에 1학년 오후돌봄 종료 시각이 없음,https://www.schoolinfo.go.kr/ei/ss/Pneiss_b01_s0.do?SHL_IDF_CD=d02a88f1-b340-4e0d-9c88-490407a2a070,https://www.schoolinfo.go.kr/ei/pp/Pneipp_b14_s0p.do?GS_HANGMOK_CD=14&GS_HANGMOK_NO=2-%EA%B0%80&GS_HANGMOK_NM=%ED%95%99%EA%B5%90%EA%B5%90%EC%9C%A1%EA%B3%BC%EC%A0%95+%ED%8E%B8%EC%84%B1%E3%86%8D%EC%9A%B4%EC%98%81+%EB%B0%8F+%ED%8F%89%EA%B0%80%EC%97%90+%EA%B4%80%ED%95%9C+%EC%82%AC%ED%95%AD&GS_BURYU_CD=JG100&JG_BURYU_CD=JG020&JG_HANGMOK_CD=05&JG_GUBUN=1&JG_YEAR2=2026&HG_NM=%EC%84%9C%EC%9A%B8%EA%B5%AC%EB%A1%9C%EB%82%A8%EC%B4%88%EB%93%B1%ED%95%99%EA%B5%90&SHL_IDF_CD=d02a88f1-b340-4e0d-9c88-490407a2a070&GS_TYPE=Y&JG_YEAR=2026&SORT=BR&CHOSEN_JG_YEAR=2026&PRE_JG_YEAR=2026&LOAD_TYPE=single,2-가 2026 학교교육과정 편성 운영 및 평가에 관한 사항.hwp,https://www.schoolinfo.go.kr/ei/pp/Pneipp_b73_s0p.do?GS_HANGMOK_CD=73&GS_HANGMOK_NO=15-%EB%9D%BC&GS_HANGMOK_NM=%EB%B0%A9%EA%B3%BC%ED%9B%84%ED%95%99%EA%B5%90+%EC%9A%B4%EC%98%81+%EA%B3%84%ED%9A%8D+%EB%B0%8F+%EC%9A%B4%EC%98%81%E3%86%8D%EC%A7%80%EC%9B%90%ED%98%84%ED%99%A9&GS_BURYU_CD=JG130&JG_BURYU_CD=JG150&JG_HANGMOK_CD=59&JG_GUBUN=1&JG_YEAR2=2026&HG_NM=%EC%84%9C%EC%9A%B8%EA%B5%AC%EB%A1%9C%EB%82%A8%EC%B4%88%EB%93%B1%ED%95%99%EA%B5%90&SHL_IDF_CD=d02a88f1-b340-4e0d-9c88-490407a2a070&GS_TYPE=Y&JG_YEAR=2026&SORT=BR&CHOSEN_JG_YEAR=2026&PRE_JG_YEAR=2026&LOAD_TYPE=single,2026학년도 맞춤형.방과후프로그램 위탁운영 업체선정 결과보고 및 연간운영계획(안).hwp,,,,,,,,,,
wave2_seoul,B000001969,서울구로초등학교,서울특별시,2-가 문서에서 시정표를 찾지 못함(요약본이거나 표가 이미지일 수 있음),15-라 계획에 1학년 오후돌봄 종료 시각이 없음,https://www.schoolinfo.go.kr/ei/ss/Pneiss_b01_s0.do?SHL_IDF_CD=cff11d89-75b0-4921-bb2b-2d764d6d7288,https://www.schoolinfo.go.kr/ei/pp/Pneipp_b14_s0p.do?GS_HANGMOK_CD=14&GS_HANGMOK_NO=2-%EA%B0%80&GS_HANGMOK_NM=%ED%95%99%EA%B5%90%EA%B5%90%EC%9C%A1%EA%B3%BC%EC%A0%95+%ED%8E%B8%EC%84%B1%E3%86%8D%EC%9A%B4%EC%98%81+%EB%B0%8F+%ED%8F%89%EA%B0%80%EC%97%90+%EA%B4%80%ED%95%9C+%EC%82%AC%ED%95%AD&GS_BURYU_CD=JG100&JG_BURYU_CD=JG020&JG_HANGMOK_CD=05&JG_GUBUN=1&JG_YEAR2=2026&HG_NM=%EC%84%9C%EC%9A%B8%EA%B5%AC%EB%A1%9C%EC%B4%88%EB%93%B1%ED%95%99%EA%B5%90&SHL_IDF_CD=cff11d89-75b0-4921-bb2b-2d764d6d7288&GS_TYPE=Y&JG_YEAR=2026&SORT=BR&CHOSEN_JG_YEAR=2026&PRE_JG_YEAR=2026&LOAD_TYPE=single,2026학년도 서울구로초 연간학사일정.hwp / 2026학년도 서울구로초 학교교육과정 편성·운영·평가 계획.hwp,https://www.schoolinfo.go.kr/ei/pp/Pneipp_b73_s0p.do?GS_HANGMOK_CD=73&GS_HANGMOK_NO=15-%EB%9D%BC&GS_HANGMOK_NM=%EB%B0%A9%EA%B3%BC%ED%9B%84%ED%95%99%EA%B5%90+%EC%9A%B4%EC%98%81+%EA%B3%84%ED%9A%8D+%EB%B0%8F+%EC%9A%B4%EC%98%81%E3%86%8D%EC%A7%80%EC%9B%90%ED%98%84%ED%99%A9&GS_BURYU_CD=JG130&JG_BURYU_CD=JG150&JG_HANGMOK_CD=59&JG_GUBUN=1&JG_YEAR2=2026&HG_NM=%EC%84%9C%EC%9A%B8%EA%B5%AC%EB%A1%9C%EC%B4%88%EB%93%B1%ED%95%99%EA%B5%90&SHL_IDF_CD=cff11d89-75b0-4921-bb2b-2d764d6d7288&GS_TYPE=Y&JG_YEAR=2026&SORT=BR&CHOSEN_JG_YEAR=2026&PRE_JG_YEAR=2026&LOAD_TYPE=single,2026학년도 방과후·맞춤형 연간운영계획.hwp,,,,,,,,,,
wave2_seoul,B000001970,서울구일초등학교,서울특별시,2-가 문서에서 시정표를 찾지 못함(요약본이거나 표가 이미지일 수 있음),,https://www.schoolinfo.go.kr/ei/ss/Pneiss_b01_s0.do?SHL_IDF_CD=3d38f575-8b17-4f56-aff7-9d8c07e8b10f,https://www.schoolinfo.go.kr/ei/pp/Pneipp_b14_s0p.do?GS_HANGMOK_CD=14&GS_HANGMOK_NO=2-%EA%B0%80&GS_HANGMOK_NM=%ED%95%99%EA%B5%90%EA%B5%90%EC%9C%A1%EA%B3%BC%EC%A0%95+%ED%8E%B8%EC%84%B1%E3%86%8D%EC%9A%B4%EC%98%81+%EB%B0%8F+%ED%8F%89%EA%B0%80%EC%97%90+%EA%B4%80%ED%95%9C+%EC%82%AC%ED%95%AD&GS_BURYU_CD=JG100&JG_BURYU_CD=JG020&JG_HANGMOK_CD=05&JG_GUBUN=1&JG_YEAR2=2026&HG_NM=%EC%84%9C%EC%9A%B8%EA%B5%AC%EC%9D%BC%EC%B4%88%EB%93%B1%ED%95%99%EA%B5%90&SHL_IDF_CD=3d38f575-8b17-4f56-aff7-9d8c07e8b10f&GS_TYPE=Y&JG_YEAR=2026&SORT=BR&CHOSEN_JG_YEAR=2026&PRE_JG_YEAR=2026&LOAD_TYPE=single,2026학년도 학교교육과정 편성·운영 및 평가에 관한 사항.hwp,https://www.schoolinfo.go.kr/ei/pp/Pneipp_b73_s0p.do?GS_HANGMOK_CD=73&GS_HANGMOK_NO=15-%EB%9D%BC&GS_HANGMOK_NM=%EB%B0%A9%EA%B3%BC%ED%9B%84%ED%95%99%EA%B5%90+%EC%9A%B4%EC%98%81+%EA%B3%84%ED%9A%8D+%EB%B0%8F+%EC%9A%B4%EC%98%81%E3%86%8D%EC%A7%80%EC%9B%90%ED%98%84%ED%99%A9&GS_BURYU_CD=JG130&JG_BURYU_CD=JG150&JG_HANGMOK_CD=59&JG_GUBUN=1&JG_YEAR2=2026&HG_NM=%EC%84%9C%EC%9A%B8%EA%B5%AC%EC%9D%BC%EC%B4%88%EB%93%B1%ED%95%99%EA%B5%90&SHL_IDF_CD=3d38f575-8b17-4f56-aff7-9d8c07e8b10f&GS_TYPE=Y&JG_YEAR=2026&SORT=BR&CHOSEN_JG_YEAR=2026&PRE_JG_YEAR=2026&LOAD_TYPE=single,2026학년도 구일초 초등돌봄교실 운영계획.hwp / 2026학년도 구일초 방과후교실 운영계획.pdf,,,,,,,,,,
wave2_seoul,B000001971,서울신미림초등학교,서울특별시,2-가 문서에서 시정표를 찾지 못함(요약본이거나 표가 이미지일 수 있음),,https://www.schoolinfo.go.kr/ei/ss/Pneiss_b01_s0.do?SHL_IDF_CD=ac4bdcc3-4986-4b1e-9e69-2ee546096fe1,https://www.schoolinfo.go.kr/ei/pp/Pneipp_b14_s0p.do?GS_HANGMOK_CD=14&GS_HANGMOK_NO=2-%EA%B0%80&GS_HANGMOK_NM=%ED%95%99%EA%B5%90%EA%B5%90%EC%9C%A1%EA%B3%BC%EC%A0%95+%ED%8E%B8%EC%84%B1%E3%86%8D%EC%9A%B4%EC%98%81+%EB%B0%8F+%ED%8F%89%EA%B0%80%EC%97%90+%EA%B4%80%ED%95%9C+%EC%82%AC%ED%95%AD&GS_BURYU_CD=JG100&JG_BURYU_CD=JG020&JG_HANGMOK_CD=05&JG_GUBUN=1&JG_YEAR2=2026&HG_NM=%EC%84%9C%EC%9A%B8%EC%8B%A0%EB%AF%B8%EB%A6%BC%EC%B4%88%EB%93%B1%ED%95%99%EA%B5%90&SHL_IDF_CD=ac4bdcc3-4986-4b1e-9e69-2ee546096fe1&GS_TYPE=Y&JG_YEAR=2026&SORT=BR&CHOSEN_JG_YEAR=2026&PRE_JG_YEAR=2026&LOAD_TYPE=single,(정보공시) 2026학년도 학교교육과정 편성·운영·평가계획.hwp,https://www.schoolinfo.go.kr/ei/pp/Pneipp_b73_s0p.do?GS_HANGMOK_CD=73&GS_HANGMOK_NO=15-%EB%9D%BC&GS_HANGMOK_NM=%EB%B0%A9%EA%B3%BC%ED%9B%84%ED%95%99%EA%B5%90+%EC%9A%B4%EC%98%81+%EA%B3%84%ED%9A%8D+%EB%B0%8F+%EC%9A%B4%EC%98%81%E3%86%8D%EC%A7%80%EC%9B%90%ED%98%84%ED%99%A9&GS_BURYU_CD=JG130&JG_BURYU_CD=JG150&JG_HANGMOK_CD=59&JG_GUBUN=1&JG_YEAR2=2026&HG_NM=%EC%84%9C%EC%9A%B8%EC%8B%A0%EB%AF%B8%EB%A6%BC%EC%B4%88%EB%93%B1%ED%95%99%EA%B5%90&SHL_IDF_CD=ac4bdcc3-4986-4b1e-9e69-2ee546096fe1&GS_TYPE=Y&JG_YEAR=2026&SORT=BR&CHOSEN_JG_YEAR=2026&PRE_JG_YEAR=2026&LOAD_TYPE=single,2026학년도 신미림초등학교돌봄교실 운영계획.hwp / 2026학년도신미림초등학교 방과후교실  컴퓨터 연간 운영 계획.hwp / 2026학년도 신미림초등학교방과후교실 운영 계획.hwpx,,,,,,,,,,
wave2_seoul,B000001974,서울오정초등학교,서울특별시,,15-라 계획에 1학년 오후돌봄 종료 시각이 없음,https://www.schoolinfo.go.kr/ei/ss/Pneiss_b01_s0.do?SHL_IDF_CD=3c998f9f-26e7-4b8d-abf0-902d5fb5345e,https://www.schoolinfo.go.kr/ei/pp/Pneipp_b14_s0p.do?GS_HANGMOK_CD=14&GS_HANGMOK_NO=2-%EA%B0%80&GS_HANGMOK_NM=%ED%95%99%EA%B5%90%EA%B5%90%EC%9C%A1%EA%B3%BC%EC%A0%95+%ED%8E%B8%EC%84%B1%E3%86%8D%EC%9A%B4%EC%98%81+%EB%B0%8F+%ED%8F%89%EA%B0%80%EC%97%90+%EA%B4%80%ED%95%9C+%EC%82%AC%ED%95%AD&GS_BURYU_CD=JG100&JG_BURYU_CD=JG020&JG_HANGMOK_CD=05&JG_GUBUN=1&JG_YEAR2=2026&HG_NM=%EC%84%9C%EC%9A%B8%EC%98%A4%EC%A0%95%EC%B4%88%EB%93%B1%ED%95%99%EA%B5%90&SHL_IDF_CD=3c998f9f-26e7-4b8d-abf0-902d5fb5345e&GS_TYPE=Y&JG_YEAR=2026&SORT=BR&CHOSEN_JG_YEAR=2026&PRE_JG_YEAR=2026&LOAD_TYPE=single,2026학년도 오정초 체험학습 계획.hwp / 2026학년도 오정초 주요학사일정.hwp / 2026학년도 오정교육과정.hwp,https://www.schoolinfo.go.kr/ei/pp/Pneipp_b73_s0p.do?GS_HANGMOK_CD=73&GS_HANGMOK_NO=15-%EB%9D%BC&GS_HANGMOK_NM=%EB%B0%A9%EA%B3%BC%ED%9B%84%ED%95%99%EA%B5%90+%EC%9A%B4%EC%98%81+%EA%B3%84%ED%9A%8D+%EB%B0%8F+%EC%9A%B4%EC%98%81%E3%86%8D%EC%A7%80%EC%9B%90%ED%98%84%ED%99%A9&GS_BURYU_CD=JG130&JG_BURYU_CD=JG150&JG_HANGMOK_CD=59&JG_GUBUN=1&JG_YEAR2=2026&HG_NM=%EC%84%9C%EC%9A%B8%EC%98%A4%EC%A0%95%EC%B4%88%EB%93%B1%ED%95%99%EA%B5%90&SHL_IDF_CD=3c998f9f-26e7-4b8d-abf0-902d5fb5345e&GS_TYPE=Y&JG_YEAR=2026&SORT=BR&CHOSEN_JG_YEAR=2026&PRE_JG_YEAR=2026&LOAD_TYPE=single,2026학년도 방과후교실 운영계획.hwpx,,,,,,,,,,
wave2_seoul,B000001976,서울두산초등학교,서울특별시,2-가 문서에서 시정표를 찾지 못함(요약본이거나 표가 이미지일 수 있음),15-라 계획에 1학년 오후돌봄 종료 시각이 없음 (오후돌봄 종료 시각 문구 없음),https://www.schoolinfo.go.kr/ei/ss/Pneiss_b01_s0.do?SHL_IDF_CD=1931bd31-4acb-4e2d-9be8-1b6218d5a11c,https://www.schoolinfo.go.kr/ei/pp/Pneipp_b14_s0p.do?GS_HANGMOK_CD=14&GS_HANGMOK_NO=2-%EA%B0%80&GS_HANGMOK_NM=%ED%95%99%EA%B5%90%EA%B5%90%EC%9C%A1%EA%B3%BC%EC%A0%95+%ED%8E%B8%EC%84%B1%E3%86%8D%EC%9A%B4%EC%98%81+%EB%B0%8F+%ED%8F%89%EA%B0%80%EC%97%90+%EA%B4%80%ED%95%9C+%EC%82%AC%ED%95%AD&GS_BURYU_CD=JG100&JG_BURYU_CD=JG020&JG_HANGMOK_CD=05&JG_GUBUN=1&JG_YEAR2=2026&HG_NM=%EC%84%9C%EC%9A%B8%EB%91%90%EC%82%B0%EC%B4%88%EB%93%B1%ED%95%99%EA%B5%90&SHL_IDF_CD=1931bd31-4acb-4e2d-9be8-1b6218d5a11c&GS_TYPE=Y&JG_YEAR=2026&SORT=BR&CHOSEN_JG_YEAR=2026&PRE_JG_YEAR=2026&LOAD_TYPE=single,2026 두산초 학교교육과정 편성·운영 및 평가에 관한 사항.hwpx,https://www.schoolinfo.go.kr/ei/pp/Pneipp_b73_s0p.do?GS_HANGMOK_CD=73&GS_HANGMOK_NO=15-%EB%9D%BC&GS_HANGMOK_NM=%EB%B0%A9%EA%B3%BC%ED%9B%84%ED%95%99%EA%B5%90+%EC%9A%B4%EC%98%81+%EA%B3%84%ED%9A%8D+%EB%B0%8F+%EC%9A%B4%EC%98%81%E3%86%8D%EC%A7%80%EC%9B%90%ED%98%84%ED%99%A9&GS_BURYU_CD=JG130&JG_BURYU_CD=JG150&JG_HANGMOK_CD=59&JG_GUBUN=1&JG_YEAR2=2026&HG_NM=%EC%84%9C%EC%9A%B8%EB%91%90%EC%82%B0%EC%B4%88%EB%93%B1%ED%95%99%EA%B5%90&SHL_IDF_CD=1931bd31-4acb-4e2d-9be8-1b6218d5a11c&GS_TYPE=Y&JG_YEAR=2026&SORT=BR&CHOSEN_JG_YEAR=2026&PRE_JG_YEAR=2026&LOAD_TYPE=single,(학운위용)2026학년도 방과후·돌봄 운영계획(안)_1223.hwpx,,,,,,,,,,
wave2_seoul,B000001977,서울문교초등학교,서울특별시,2-가 문서에서 시정표를 찾지 못함(요약본이거나 표가 이미지일 수 있음),,https://www.schoolinfo.go.kr/ei/ss/Pneiss_b01_s0.do?SHL_IDF_CD=0dd03e46-9a69-4b6f-8671-192600327175,https://www.schoolinfo.go.kr/ei/pp/Pneipp_b14_s0p.do?GS_HANGMOK_CD=14&GS_HANGMOK_NO=2-%EA%B0%80&GS_HANGMOK_NM=%ED%95%99%EA%B5%90%EA%B5%90%EC%9C%A1%EA%B3%BC%EC%A0%95+%ED%8E%B8%EC%84%B1%E3%86%8D%EC%9A%B4%EC%98%81+%EB%B0%8F+%ED%8F%89%EA%B0%80%EC%97%90+%EA%B4%80%ED%95%9C+%EC%82%AC%ED%95%AD&GS_BURYU_CD=JG100&JG_BURYU_CD=JG020&JG_HANGMOK_CD=05&JG_GUBUN=1&JG_YEAR2=2026&HG_NM=%EC%84%9C%EC%9A%B8%EB%AC%B8%EA%B5%90%EC%B4%88%EB%93%B1%ED%95%99%EA%B5%90&SHL_IDF_CD=0dd03e46-9a69-4b6f-8671-192600327175&GS_TYPE=Y&JG_YEAR=2026&SORT=BR&CHOSEN_JG_YEAR=2026&PRE_JG_YEAR=2026&LOAD_TYPE=single,학교교육과정 편성 운영 및 평가에 관한 사항.pdf,https://www.schoolinfo.go.kr/ei/pp/Pneipp_b73_s0p.do?GS_HANGMOK_CD=73&GS_HANGMOK_NO=15-%EB%9D%BC&GS_HANGMOK_NM=%EB%B0%A9%EA%B3%BC%ED%9B%84%ED%95%99%EA%B5%90+%EC%9A%B4%EC%98%81+%EA%B3%84%ED%9A%8D+%EB%B0%8F+%EC%9A%B4%EC%98%81%E3%86%8D%EC%A7%80%EC%9B%90%ED%98%84%ED%99%A9&GS_BURYU_CD=JG130&JG_BURYU_CD=JG150&JG_HANGMOK_CD=59&JG_GUBUN=1&JG_YEAR2=2026&HG_NM=%EC%84%9C%EC%9A%B8%EB%AC%B8%EA%B5%90%EC%B4%88%EB%93%B1%ED%95%99%EA%B5%90&SHL_IDF_CD=0dd03e46-9a69-4b6f-8671-192600327175&GS_TYPE=Y&JG_YEAR=2026&SORT=BR&CHOSEN_JG_YEAR=2026&PRE_JG_YEAR=2026&LOAD_TYPE=single,2026학년도 돌봄교실 운영 계획.hwp / 2026 문교초 늘봄학교 연간운영계획...hwp,,,,,,,,,,
wave2_seoul,B000001979,서울금동초등학교,서울특별시,2-가 문서에서 시정표를 찾지 못함(요약본이거나 표가 이미지일 수 있음),,https://www.schoolinfo.go.kr/ei/ss/Pneiss_b01_s0.do?SHL_IDF_CD=aca07869-d3f6-4344-a6ad-278468d5783d,https://www.schoolinfo.go.kr/ei/pp/Pneipp_b14_s0p.do?GS_HANGMOK_CD=14&GS_HANGMOK_NO=2-%EA%B0%80&GS_HANGMOK_NM=%ED%95%99%EA%B5%90%EA%B5%90%EC%9C%A1%EA%B3%BC%EC%A0%95+%ED%8E%B8%EC%84%B1%E3%86%8D%EC%9A%B4%EC%98%81+%EB%B0%8F+%ED%8F%89%EA%B0%80%EC%97%90+%EA%B4%80%ED%95%9C+%EC%82%AC%ED%95%AD&GS_BURYU_CD=JG100&JG_BURYU_CD=JG020&JG_HANGMOK_CD=05&JG_GUBUN=1&JG_YEAR2=2026&HG_NM=%EC%84%9C%EC%9A%B8%EA%B8%88%EB%8F%99%EC%B4%88%EB%93%B1%ED%95%99%EA%B5%90&SHL_IDF_CD=aca07869-d3f6-4344-a6ad-278468d5783d&GS_TYPE=Y&JG_YEAR=2026&SORT=BR&CHOSEN_JG_YEAR=2026&PRE_JG_YEAR=2026&LOAD_TYPE=single,2026학년도 서울금동초 연간학사일정(수정).hwp / 2026학년도 서울금동초 학교교육과정 편성·운영·평가 계획.hwp,https://www.schoolinfo.go.kr/ei/pp/Pneipp_b73_s0p.do?GS_HANGMOK_CD=73&GS_HANGMOK_NO=15-%EB%9D%BC&GS_HANGMOK_NM=%EB%B0%A9%EA%B3%BC%ED%9B%84%ED%95%99%EA%B5%90+%EC%9A%B4%EC%98%81+%EA%B3%84%ED%9A%8D+%EB%B0%8F+%EC%9A%B4%EC%98%81%E3%86%8D%EC%A7%80%EC%9B%90%ED%98%84%ED%99%A9&GS_BURYU_CD=JG130&JG_BURYU_CD=JG150&JG_HANGMOK_CD=59&JG_GUBUN=1&JG_YEAR2=2026&HG_NM=%EC%84%9C%EC%9A%B8%EA%B8%88%EB%8F%99%EC%B4%88%EB%93%B1%ED%95%99%EA%B5%90&SHL_IDF_CD=aca07869-d3f6-4344-a6ad-278468d5783d&GS_TYPE=Y&JG_YEAR=2026&SORT=BR&CHOSEN_JG_YEAR=2026&PRE_JG_YEAR=2026&LOAD_TYPE=single,2026학년도 서울금동초등학교 방과후학교 연간 운영 계획.hwp / 2026학년도 서울금동초등학교 돌봄교실 연간 운영 계획.hwp,,,,,,,,,,
wave2_seoul,B000001980,서울문백초등학교,서울특별시,2-가 문서에서 시정표를 찾지 못함(요약본이거나 표가 이미지일 수 있음),,https://www.schoolinfo.go.kr/ei/ss/Pneiss_b01_s0.do?SHL_IDF_CD=f547404e-1b18-44e3-97e2-c6bdb8c5b970,https://www.schoolinfo.go.kr/ei/pp/Pneipp_b14_s0p.do?GS_HANGMOK_CD=14&GS_HANGMOK_NO=2-%EA%B0%80&GS_HANGMOK_NM=%ED%95%99%EA%B5%90%EA%B5%90%EC%9C%A1%EA%B3%BC%EC%A0%95+%ED%8E%B8%EC%84%B1%E3%86%8D%EC%9A%B4%EC%98%81+%EB%B0%8F+%ED%8F%89%EA%B0%80%EC%97%90+%EA%B4%80%ED%95%9C+%EC%82%AC%ED%95%AD&GS_BURYU_CD=JG100&JG_BURYU_CD=JG020&JG_HANGMOK_CD=05&JG_GUBUN=1&JG_YEAR2=2026&HG_NM=%EC%84%9C%EC%9A%B8%EB%AC%B8%EB%B0%B1%EC%B4%88%EB%93%B1%ED%95%99%EA%B5%90&SHL_IDF_CD=f547404e-1b18-44e3-97e2-c6bdb8c5b970&GS_TYPE=Y&JG_YEAR=2026&SORT=BR&CHOSEN_JG_YEAR=2026&PRE_JG_YEAR=2026&LOAD_TYPE=single,2026 6학년 교육과정.pdf / 2026 5학년 교육과정.pdf / 2026 4학년 교육과정.pdf / 2026 3학년 교육과정.pdf / 2026 2학년 교육과정.pdf / 2026 1학년 교육과정.pdf,https://www.schoolinfo.go.kr/ei/pp/Pneipp_b73_s0p.do?GS_HANGMOK_CD=73&GS_HANGMOK_NO=15-%EB%9D%BC&GS_HANGMOK_NM=%EB%B0%A9%EA%B3%BC%ED%9B%84%ED%95%99%EA%B5%90+%EC%9A%B4%EC%98%81+%EA%B3%84%ED%9A%8D+%EB%B0%8F+%EC%9A%B4%EC%98%81%E3%86%8D%EC%A7%80%EC%9B%90%ED%98%84%ED%99%A9&GS_BURYU_CD=JG130&JG_BURYU_CD=JG150&JG_HANGMOK_CD=59&JG_GUBUN=1&JG_YEAR2=2026&HG_NM=%EC%84%9C%EC%9A%B8%EB%AC%B8%EB%B0%B1%EC%B4%88%EB%93%B1%ED%95%99%EA%B5%90&SHL_IDF_CD=f547404e-1b18-44e3-97e2-c6bdb8c5b970&GS_TYPE=Y&JG_YEAR=2026&SORT=BR&CHOSEN_JG_YEAR=2026&PRE_JG_YEAR=2026&LOAD_TYPE=single,2026학년도 문백초등학교 돌봄교실 운영 계획.pdf / 2026학년도 문백초등학교 방과후학교 운영 계획.pdf,,,,,,,,,,
wave2_seoul,B000001981,서울신흥초등학교,서울특별시,2-가 문서에서 시정표를 찾지 못함(요약본이거나 표가 이미지일 수 있음),15-라 계획에 1학년 오후돌봄 종료 시각이 없음,https://www.schoolinfo.go.kr/ei/ss/Pneiss_b01_s0.do?SHL_IDF_CD=efef29cb-4b5d-4786-b41e-54752a37e2cd,https://www.schoolinfo.go.kr/ei/pp/Pneipp_b14_s0p.do?GS_HANGMOK_CD=14&GS_HANGMOK_NO=2-%EA%B0%80&GS_HANGMOK_NM=%ED%95%99%EA%B5%90%EA%B5%90%EC%9C%A1%EA%B3%BC%EC%A0%95+%ED%8E%B8%EC%84%B1%E3%86%8D%EC%9A%B4%EC%98%81+%EB%B0%8F+%ED%8F%89%EA%B0%80%EC%97%90+%EA%B4%80%ED%95%9C+%EC%82%AC%ED%95%AD&GS_BURYU_CD=JG100&JG_BURYU_CD=JG020&JG_HANGMOK_CD=05&JG_GUBUN=1&JG_YEAR2=2026&HG_NM=%EC%84%9C%EC%9A%B8%EC%8B%A0%ED%9D%A5%EC%B4%88%EB%93%B1%ED%95%99%EA%B5%90&SHL_IDF_CD=efef29cb-4b5d-4786-b41e-54752a37e2cd&GS_TYPE=Y&JG_YEAR=2026&SORT=BR&CHOSEN_JG_YEAR=2026&PRE_JG_YEAR=2026&LOAD_TYPE=single,"(신흥초)2026 학교교육과정 편성, 운영 및 평가에 관한 사항.hwpx",https://www.schoolinfo.go.kr/ei/pp/Pneipp_b73_s0p.do?GS_HANGMOK_CD=73&GS_HANGMOK_NO=15-%EB%9D%BC&GS_HANGMOK_NM=%EB%B0%A9%EA%B3%BC%ED%9B%84%ED%95%99%EA%B5%90+%EC%9A%B4%EC%98%81+%EA%B3%84%ED%9A%8D+%EB%B0%8F+%EC%9A%B4%EC%98%81%E3%86%8D%EC%A7%80%EC%9B%90%ED%98%84%ED%99%A9&GS_BURYU_CD=JG130&JG_BURYU_CD=JG150&JG_HANGMOK_CD=59&JG_GUBUN=1&JG_YEAR2=2026&HG_NM=%EC%84%9C%EC%9A%B8%EC%8B%A0%ED%9D%A5%EC%B4%88%EB%93%B1%ED%95%99%EA%B5%90&SHL_IDF_CD=efef29cb-4b5d-4786-b41e-54752a37e2cd&GS_TYPE=Y&JG_YEAR=2026&SORT=BR&CHOSEN_JG_YEAR=2026&PRE_JG_YEAR=2026&LOAD_TYPE=single,2026학년도 방과후·맞춤형교실 운영계획.hwp,,,,,,,,,,
wave2_seoul,B000001983,서울정심초등학교,서울특별시,2-가 문서에서 시정표를 찾지 못함(요약본이거나 표가 이미지일 수 있음),,https://www.schoolinfo.go.kr/ei/ss/Pneiss_b01_s0.do?SHL_IDF_CD=59f076f0-15f5-4a7c-a74f-8c41d0c85cf8,https://www.schoolinfo.go.kr/ei/pp/Pneipp_b14_s0p.do?GS_HANGMOK_CD=14&GS_HANGMOK_NO=2-%EA%B0%80&GS_HANGMOK_NM=%ED%95%99%EA%B5%90%EA%B5%90%EC%9C%A1%EA%B3%BC%EC%A0%95+%ED%8E%B8%EC%84%B1%E3%86%8D%EC%9A%B4%EC%98%81+%EB%B0%8F+%ED%8F%89%EA%B0%80%EC%97%90+%EA%B4%80%ED%95%9C+%EC%82%AC%ED%95%AD&GS_BURYU_CD=JG100&JG_BURYU_CD=JG020&JG_HANGMOK_CD=05&JG_GUBUN=1&JG_YEAR2=2026&HG_NM=%EC%84%9C%EC%9A%B8%EC%A0%95%EC%8B%AC%EC%B4%88%EB%93%B1%ED%95%99%EA%B5%90&SHL_IDF_CD=59f076f0-15f5-4a7c-a74f-8c41d0c85cf8&GS_TYPE=Y&JG_YEAR=2026&SORT=BR&CHOSEN_JG_YEAR=2026&PRE_JG_YEAR=2026&LOAD_TYPE=single,03.2026학년도 정심초 현장체험학습계획.hwp / 02.2026학년도 정심초 학사일정.hwp / 01.2026학년도 정심초 학교교육과정 편성·운영·평가 계획.hwp,https://www.schoolinfo.go.kr/ei/pp/Pneipp_b73_s0p.do?GS_HANGMOK_CD=73&GS_HANGMOK_NO=15-%EB%9D%BC&GS_HANGMOK_NM=%EB%B0%A9%EA%B3%BC%ED%9B%84%ED%95%99%EA%B5%90+%EC%9A%B4%EC%98%81+%EA%B3%84%ED%9A%8D+%EB%B0%8F+%EC%9A%B4%EC%98%81%E3%86%8D%EC%A7%80%EC%9B%90%ED%98%84%ED%99%A9&GS_BURYU_CD=JG130&JG_BURYU_CD=JG150&JG_HANGMOK_CD=59&JG_GUBUN=1&JG_YEAR2=2026&HG_NM=%EC%84%9C%EC%9A%B8%EC%A0%95%EC%8B%AC%EC%B4%88%EB%93%B1%ED%95%99%EA%B5%90&SHL_IDF_CD=59f076f0-15f5-4a7c-a74f-8c41d0c85cf8&GS_TYPE=Y&JG_YEAR=2026&SORT=BR&CHOSEN_JG_YEAR=2026&PRE_JG_YEAR=2026&LOAD_TYPE=single,2026학년도 정심초등학교 초등돌봄교실 운영 계획.hwp / 2026학년도 정심초등학교 방과후학교 운영 계획.hwp,,,,,,,,,,
wave2_seoul,B000001984,서울문성초등학교,서울특별시,2-가 문서에서 시정표를 찾지 못함(요약본이거나 표가 이미지일 수 있음),,https://www.schoolinfo.go.kr/ei/ss/Pneiss_b01_s0.do?SHL_IDF_CD=14f8d648-1f6e-4b62-8966-c4770be70b66,https://www.schoolinfo.go.kr/ei/pp/Pneipp_b14_s0p.do?GS_HANGMOK_CD=14&GS_HANGMOK_NO=2-%EA%B0%80&GS_HANGMOK_NM=%ED%95%99%EA%B5%90%EA%B5%90%EC%9C%A1%EA%B3%BC%EC%A0%95+%ED%8E%B8%EC%84%B1%E3%86%8D%EC%9A%B4%EC%98%81+%EB%B0%8F+%ED%8F%89%EA%B0%80%EC%97%90+%EA%B4%80%ED%95%9C+%EC%82%AC%ED%95%AD&GS_BURYU_CD=JG100&JG_BURYU_CD=JG020&JG_HANGMOK_CD=05&JG_GUBUN=1&JG_YEAR2=2026&HG_NM=%EC%84%9C%EC%9A%B8%EB%AC%B8%EC%84%B1%EC%B4%88%EB%93%B1%ED%95%99%EA%B5%90&SHL_IDF_CD=14f8d648-1f6e-4b62-8966-c4770be70b66&GS_TYPE=Y&JG_YEAR=2026&SORT=BR&CHOSEN_JG_YEAR=2026&PRE_JG_YEAR=2026&LOAD_TYPE=single,2026학년도 문성초 학교교육과정 편성·운영·평가 계획.pdf / 2026학년도 문성초 연간학사일정.pdf,https://www.schoolinfo.go.kr/ei/pp/Pneipp_b73_s0p.do?GS_HANGMOK_CD=73&GS_HANGMOK_NO=15-%EB%9D%BC&GS_HANGMOK_NM=%EB%B0%A9%EA%B3%BC%ED%9B%84%ED%95%99%EA%B5%90+%EC%9A%B4%EC%98%81+%EA%B3%84%ED%9A%8D+%EB%B0%8F+%EC%9A%B4%EC%98%81%E3%86%8D%EC%A7%80%EC%9B%90%ED%98%84%ED%99%A9&GS_BURYU_CD=JG130&JG_BURYU_CD=JG150&JG_HANGMOK_CD=59&JG_GUBUN=1&JG_YEAR2=2026&HG_NM=%EC%84%9C%EC%9A%B8%EB%AC%B8%EC%84%B1%EC%B4%88%EB%93%B1%ED%95%99%EA%B5%90&SHL_IDF_CD=14f8d648-1f6e-4b62-8966-c4770be70b66&GS_TYPE=Y&JG_YEAR=2026&SORT=BR&CHOSEN_JG_YEAR=2026&PRE_JG_YEAR=2026&LOAD_TYPE=single,2025학년도 서울문성초등학교 초등돌봄교실 운영 계획.pdf / 2025학년도 서울문성초등학교 방과후학교 운영 계획.pdf / 2026학년도 서울문성초등학교 초등돌봄교실 운영 계획.pdf / 2026학년도 서울문성초등학교 방과후교실 운영 계획.pdf,,,,,,,,,,
wave2_seoul,B000001985,서울독산초등학교,서울특별시,2-가 문서에서 시정표를 찾지 못함(요약본이거나 표가 이미지일 수 있음),15-라 계획에 1학년 오후돌봄 종료 시각이 없음,https://www.schoolinfo.go.kr/ei/ss/Pneiss_b01_s0.do?SHL_IDF_CD=270fad3f-62a4-4684-a65f-3740aeab3f82,https://www.schoolinfo.go.kr/ei/pp/Pneipp_b14_s0p.do?GS_HANGMOK_CD=14&GS_HANGMOK_NO=2-%EA%B0%80&GS_HANGMOK_NM=%ED%95%99%EA%B5%90%EA%B5%90%EC%9C%A1%EA%B3%BC%EC%A0%95+%ED%8E%B8%EC%84%B1%E3%86%8D%EC%9A%B4%EC%98%81+%EB%B0%8F+%ED%8F%89%EA%B0%80%EC%97%90+%EA%B4%80%ED%95%9C+%EC%82%AC%ED%95%AD&GS_BURYU_CD=JG100&JG_BURYU_CD=JG020&JG_HANGMOK_CD=05&JG_GUBUN=1&JG_YEAR2=2026&HG_NM=%EC%84%9C%EC%9A%B8%EB%8F%85%EC%82%B0%EC%B4%88%EB%93%B1%ED%95%99%EA%B5%90&SHL_IDF_CD=270fad3f-62a4-4684-a65f-3740aeab3f82&GS_TYPE=Y&JG_YEAR=2026&SORT=BR&CHOSEN_JG_YEAR=2026&PRE_JG_YEAR=2026&LOAD_TYPE=single,2026학년도 독산초 연간학사일정.hwp / 2026학년도 독산초 학교교육과정 편성 운영 평가 계획.hwp,https://www.schoolinfo.go.kr/ei/pp/Pneipp_b73_s0p.do?GS_HANGMOK_CD=73&GS_HANGMOK_NO=15-%EB%9D%BC&GS_HANGMOK_NM=%EB%B0%A9%EA%B3%BC%ED%9B%84%ED%95%99%EA%B5%90+%EC%9A%B4%EC%98%81+%EA%B3%84%ED%9A%8D+%EB%B0%8F+%EC%9A%B4%EC%98%81%E3%86%8D%EC%A7%80%EC%9B%90%ED%98%84%ED%99%A9&GS_BURYU_CD=JG130&JG_BURYU_CD=JG150&JG_HANGMOK_CD=59&JG_GUBUN=1&JG_YEAR2=2026&HG_NM=%EC%84%9C%EC%9A%B8%EB%8F%85%EC%82%B0%EC%B4%88%EB%93%B1%ED%95%99%EA%B5%90&SHL_IDF_CD=270fad3f-62a4-4684-a65f-3740aeab3f82&GS_TYPE=Y&JG_YEAR=2026&SORT=BR&CHOSEN_JG_YEAR=2026&PRE_JG_YEAR=2026&LOAD_TYPE=single,2026학년 서울독산초등학교 방과후.돌봄 연간 운영 계획(안).pdf,,,,,,,,,,
wave2_seoul,B000001993,동광초등학교,서울특별시,"요일 학교 확인: 화(6교시), 목(?교시), 금(?교시) — 1학년 4·5교시가 아닌 날이거나 NEIS 교시 수가 불확실",15-라 계획에 1학년 오후돌봄 종료 시각이 없음,https://www.schoolinfo.go.kr/ei/ss/Pneiss_b01_s0.do?SHL_IDF_CD=ba1b119d-b51a-41f3-8ad8-3c1571a27b9d,https://www.schoolinfo.go.kr/ei/pp/Pneipp_b14_s0p.do?GS_HANGMOK_CD=14&GS_HANGMOK_NO=2-%EA%B0%80&GS_HANGMOK_NM=%ED%95%99%EA%B5%90%EA%B5%90%EC%9C%A1%EA%B3%BC%EC%A0%95+%ED%8E%B8%EC%84%B1%E3%86%8D%EC%9A%B4%EC%98%81+%EB%B0%8F+%ED%8F%89%EA%B0%80%EC%97%90+%EA%B4%80%ED%95%9C+%EC%82%AC%ED%95%AD&GS_BURYU_CD=JG100&JG_BURYU_CD=JG020&JG_HANGMOK_CD=05&JG_GUBUN=1&JG_YEAR2=2026&HG_NM=%EB%8F%99%EA%B4%91%EC%B4%88%EB%93%B1%ED%95%99%EA%B5%90&SHL_IDF_CD=ba1b119d-b51a-41f3-8ad8-3c1571a27b9d&GS_TYPE=Y&JG_YEAR=2026&SORT=BR&CHOSEN_JG_YEAR=2026&PRE_JG_YEAR=2026&LOAD_TYPE=single,학교교육과정 편성 운영 및 평가에 관한 사항.hwp,https://www.schoolinfo.go.kr/ei/pp/Pneipp_b73_s0p.do?GS_HANGMOK_CD=73&GS_HANGMOK_NO=15-%EB%9D%BC&GS_HANGMOK_NM=%EB%B0%A9%EA%B3%BC%ED%9B%84%ED%95%99%EA%B5%90+%EC%9A%B4%EC%98%81+%EA%B3%84%ED%9A%8D+%EB%B0%8F+%EC%9A%B4%EC%98%81%E3%86%8D%EC%A7%80%EC%9B%90%ED%98%84%ED%99%A9&GS_BURYU_CD=JG130&JG_BURYU_CD=JG150&JG_HANGMOK_CD=59&JG_GUBUN=1&JG_YEAR2=2026&HG_NM=%EB%8F%99%EA%B4%91%EC%B4%88%EB%93%B1%ED%95%99%EA%B5%90&SHL_IDF_CD=ba1b119d-b51a-41f3-8ad8-3c1571a27b9d&GS_TYPE=Y&JG_YEAR=2026&SORT=BR&CHOSEN_JG_YEAR=2026&PRE_JG_YEAR=2026&LOAD_TYPE=single,2026학년도 업체위탁 학교 특색 방과후학교A(중국어·PBL)·돌봄교실 연간운영계획.hwp / 2026학년도 업체위탁 학교 특색 방과후학교A(1인 1악기)·소질 적성 방과후학교B 연간운영계획.hwp,,,,,,,,,,
wave2_seoul,B000001994,서울여의도초등학교,서울특별시,,15-라 계획에 1학년 오후돌봄 종료 시각이 없음,https://www.schoolinfo.go.kr/ei/ss/Pneiss_b01_s0.do?SHL_IDF_CD=49333c37-70aa-4d9b-b5c0-ab2bdfdd94d3,https://www.schoolinfo.go.kr/ei/pp/Pneipp_b14_s0p.do?GS_HANGMOK_CD=14&GS_HANGMOK_NO=2-%EA%B0%80&GS_HANGMOK_NM=%ED%95%99%EA%B5%90%EA%B5%90%EC%9C%A1%EA%B3%BC%EC%A0%95+%ED%8E%B8%EC%84%B1%E3%86%8D%EC%9A%B4%EC%98%81+%EB%B0%8F+%ED%8F%89%EA%B0%80%EC%97%90+%EA%B4%80%ED%95%9C+%EC%82%AC%ED%95%AD&GS_BURYU_CD=JG100&JG_BURYU_CD=JG020&JG_HANGMOK_CD=05&JG_GUBUN=1&JG_YEAR2=2026&HG_NM=%EC%84%9C%EC%9A%B8%EC%97%AC%EC%9D%98%EB%8F%84%EC%B4%88%EB%93%B1%ED%95%99%EA%B5%90&SHL_IDF_CD=49333c37-70aa-4d9b-b5c0-ab2bdfdd94d3&GS_TYPE=Y&JG_YEAR=2026&SORT=BR&CHOSEN_JG_YEAR=2026&PRE_JG_YEAR=2026&LOAD_TYPE=single,"학교교육과정 편성,운영 및 평가.hwp",https://www.schoolinfo.go.kr/ei/pp/Pneipp_b73_s0p.do?GS_HANGMOK_CD=73&GS_HANGMOK_NO=15-%EB%9D%BC&GS_HANGMOK_NM=%EB%B0%A9%EA%B3%BC%ED%9B%84%ED%95%99%EA%B5%90+%EC%9A%B4%EC%98%81+%EA%B3%84%ED%9A%8D+%EB%B0%8F+%EC%9A%B4%EC%98%81%E3%86%8D%EC%A7%80%EC%9B%90%ED%98%84%ED%99%A9&GS_BURYU_CD=JG130&JG_BURYU_CD=JG150&JG_HANGMOK_CD=59&JG_GUBUN=1&JG_YEAR2=2026&HG_NM=%EC%84%9C%EC%9A%B8%EC%97%AC%EC%9D%98%EB%8F%84%EC%B4%88%EB%93%B1%ED%95%99%EA%B5%90&SHL_IDF_CD=49333c37-70aa-4d9b-b5c0-ab2bdfdd94d3&GS_TYPE=Y&JG_YEAR=2026&SORT=BR&CHOSEN_JG_YEAR=2026&PRE_JG_YEAR=2026&LOAD_TYPE=single,2026학년도 방과후교실 운영계획(안).hwp,,,,,,,,,,
wave2_seoul,B000001995,서울영원초등학교,서울특별시,2-가 문서에서 시정표를 찾지 못함(요약본이거나 표가 이미지일 수 있음),,https://www.schoolinfo.go.kr/ei/ss/Pneiss_b01_s0.do?SHL_IDF_CD=c0c1f070-71d2-4594-bed7-bbc01083a2df,https://www.schoolinfo.go.kr/ei/pp/Pneipp_b14_s0p.do?GS_HANGMOK_CD=14&GS_HANGMOK_NO=2-%EA%B0%80&GS_HANGMOK_NM=%ED%95%99%EA%B5%90%EA%B5%90%EC%9C%A1%EA%B3%BC%EC%A0%95+%ED%8E%B8%EC%84%B1%E3%86%8D%EC%9A%B4%EC%98%81+%EB%B0%8F+%ED%8F%89%EA%B0%80%EC%97%90+%EA%B4%80%ED%95%9C+%EC%82%AC%ED%95%AD&GS_BURYU_CD=JG100&JG_BURYU_CD=JG020&JG_HANGMOK_CD=05&JG_GUBUN=1&JG_YEAR2=2026&HG_NM=%EC%84%9C%EC%9A%B8%EC%98%81%EC%9B%90%EC%B4%88%EB%93%B1%ED%95%99%EA%B5%90&SHL_IDF_CD=c0c1f070-71d2-4594-bed7-bbc01083a2df&GS_TYPE=Y&JG_YEAR=2026&SORT=BR&CHOSEN_JG_YEAR=2026&PRE_JG_YEAR=2026&LOAD_TYPE=single,2026학년도 영원초 학교교육과정 편성운영 및 평가 계획.hwp,https://www.schoolinfo.go.kr/ei/pp/Pneipp_b73_s0p.do?GS_HANGMOK_CD=73&GS_HANGMOK_NO=15-%EB%9D%BC&GS_HANGMOK_NM=%EB%B0%A9%EA%B3%BC%ED%9B%84%ED%95%99%EA%B5%90+%EC%9A%B4%EC%98%81+%EA%B3%84%ED%9A%8D+%EB%B0%8F+%EC%9A%B4%EC%98%81%E3%86%8D%EC%A7%80%EC%9B%90%ED%98%84%ED%99%A9&GS_BURYU_CD=JG130&JG_BURYU_CD=JG150&JG_HANGMOK_CD=59&JG_GUBUN=1&JG_YEAR2=2026&HG_NM=%EC%84%9C%EC%9A%B8%EC%98%81%EC%9B%90%EC%B4%88%EB%93%B1%ED%95%99%EA%B5%90&SHL_IDF_CD=c0c1f070-71d2-4594-bed7-bbc01083a2df&GS_TYPE=Y&JG_YEAR=2026&SORT=BR&CHOSEN_JG_YEAR=2026&PRE_JG_YEAR=2026&LOAD_TYPE=single,2026학년도 영원초 돌봄교실 운영 계획(안).hwp / 2026학년도 영원초 방과후·맞춤형교실 연간 운영계획(안).hwp,,,,,,,,,,
wave2_seoul,B000001996,서울영중초등학교,서울특별시,2-가 문서에서 시정표를 찾지 못함(요약본이거나 표가 이미지일 수 있음),,https://www.schoolinfo.go.kr/ei/ss/Pneiss_b01_s0.do?SHL_IDF_CD=9649447c-bdbc-427a-83a9-fca315aaec3f,https://www.schoolinfo.go.kr/ei/pp/Pneipp_b14_s0p.do?GS_HANGMOK_CD=14&GS_HANGMOK_NO=2-%EA%B0%80&GS_HANGMOK_NM=%ED%95%99%EA%B5%90%EA%B5%90%EC%9C%A1%EA%B3%BC%EC%A0%95+%ED%8E%B8%EC%84%B1%E3%86%8D%EC%9A%B4%EC%98%81+%EB%B0%8F+%ED%8F%89%EA%B0%80%EC%97%90+%EA%B4%80%ED%95%9C+%EC%82%AC%ED%95%AD&GS_BURYU_CD=JG100&JG_BURYU_CD=JG020&JG_HANGMOK_CD=05&JG_GUBUN=1&JG_YEAR2=2026&HG_NM=%EC%84%9C%EC%9A%B8%EC%98%81%EC%A4%91%EC%B4%88%EB%93%B1%ED%95%99%EA%B5%90&SHL_IDF_CD=9649447c-bdbc-427a-83a9-fca315aaec3f&GS_TYPE=Y&JG_YEAR=2026&SORT=BR&CHOSEN_JG_YEAR=2026&PRE_JG_YEAR=2026&LOAD_TYPE=single,(2-가) 2026학년도 영중초 연간학사일정.hwp / (2-가) 2026학년도 영중초 학교교육과정 편성운영평가 계획.hwp,https://www.schoolinfo.go.kr/ei/pp/Pneipp_b73_s0p.do?GS_HANGMOK_CD=73&GS_HANGMOK_NO=15-%EB%9D%BC&GS_HANGMOK_NM=%EB%B0%A9%EA%B3%BC%ED%9B%84%ED%95%99%EA%B5%90+%EC%9A%B4%EC%98%81+%EA%B3%84%ED%9A%8D+%EB%B0%8F+%EC%9A%B4%EC%98%81%E3%86%8D%EC%A7%80%EC%9B%90%ED%98%84%ED%99%A9&GS_BURYU_CD=JG130&JG_BURYU_CD=JG150&JG_HANGMOK_CD=59&JG_GUBUN=1&JG_YEAR2=2026&HG_NM=%EC%84%9C%EC%9A%B8%EC%98%81%EC%A4%91%EC%B4%88%EB%93%B1%ED%95%99%EA%B5%90&SHL_IDF_CD=9649447c-bdbc-427a-83a9-fca315aaec3f&GS_TYPE=Y&JG_YEAR=2026&SORT=BR&CHOSEN_JG_YEAR=2026&PRE_JG_YEAR=2026&LOAD_TYPE=single,2026학년도 영중초등학교 초등돌봄교실 운영계획(안).hwp / 2026학년도 영중초등학교 방과후학교 운영계획.hwpx,,,,,,,,,,
wave2_seoul,B000001997,서울영동초등학교,서울특별시,2-가 문서에서 시정표를 찾지 못함(요약본이거나 표가 이미지일 수 있음),,https://www.schoolinfo.go.kr/ei/ss/Pneiss_b01_s0.do?SHL_IDF_CD=45218fdf-5e39-49aa-8ca8-b4999a1ad805,https://www.schoolinfo.go.kr/ei/pp/Pneipp_b14_s0p.do?GS_HANGMOK_CD=14&GS_HANGMOK_NO=2-%EA%B0%80&GS_HANGMOK_NM=%ED%95%99%EA%B5%90%EA%B5%90%EC%9C%A1%EA%B3%BC%EC%A0%95+%ED%8E%B8%EC%84%B1%E3%86%8D%EC%9A%B4%EC%98%81+%EB%B0%8F+%ED%8F%89%EA%B0%80%EC%97%90+%EA%B4%80%ED%95%9C+%EC%82%AC%ED%95%AD&GS_BURYU_CD=JG100&JG_BURYU_CD=JG020&JG_HANGMOK_CD=05&JG_GUBUN=1&JG_YEAR2=2026&HG_NM=%EC%84%9C%EC%9A%B8%EC%98%81%EB%8F%99%EC%B4%88%EB%93%B1%ED%95%99%EA%B5%90&SHL_IDF_CD=45218fdf-5e39-49aa-8ca8-b4999a1ad805&GS_TYPE=Y&JG_YEAR=2026&SORT=BR&CHOSEN_JG_YEAR=2026&PRE_JG_YEAR=2026&LOAD_TYPE=single,(2-가) 2026학년도 영동초 연간학사일정.hwpx / (2-가) 2026학년도 영동초 학교교육과정 편성 운영 평가 계획.hwpx,https://www.schoolinfo.go.kr/ei/pp/Pneipp_b73_s0p.do?GS_HANGMOK_CD=73&GS_HANGMOK_NO=15-%EB%9D%BC&GS_HANGMOK_NM=%EB%B0%A9%EA%B3%BC%ED%9B%84%ED%95%99%EA%B5%90+%EC%9A%B4%EC%98%81+%EA%B3%84%ED%9A%8D+%EB%B0%8F+%EC%9A%B4%EC%98%81%E3%86%8D%EC%A7%80%EC%9B%90%ED%98%84%ED%99%A9&GS_BURYU_CD=JG130&JG_BURYU_CD=JG150&JG_HANGMOK_CD=59&JG_GUBUN=1&JG_YEAR2=2026&HG_NM=%EC%84%9C%EC%9A%B8%EC%98%81%EB%8F%99%EC%B4%88%EB%93%B1%ED%95%99%EA%B5%90&SHL_IDF_CD=45218fdf-5e39-49aa-8ca8-b4999a1ad805&GS_TYPE=Y&JG_YEAR=2026&SORT=BR&CHOSEN_JG_YEAR=2026&PRE_JG_YEAR=2026&LOAD_TYPE=single,2026학년도 영동초등학교 초등돌봄교실 운영계획.hwp / 2026학년도 영동초등학교 방과후학교 운영계획.hwp,,,,,,,,,,
wave2_seoul,B000001998,서울당서초등학교,서울특별시,2-가 문서에서 시정표를 찾지 못함(요약본이거나 표가 이미지일 수 있음),,https://www.schoolinfo.go.kr/ei/ss/Pneiss_b01_s0.do?SHL_IDF_CD=aabb5492-de04-4869-88aa-ac00c5af382b,https://www.schoolinfo.go.kr/ei/pp/Pneipp_b14_s0p.do?GS_HANGMOK_CD=14&GS_HANGMOK_NO=2-%EA%B0%80&GS_HANGMOK_NM=%ED%95%99%EA%B5%90%EA%B5%90%EC%9C%A1%EA%B3%BC%EC%A0%95+%ED%8E%B8%EC%84%B1%E3%86%8D%EC%9A%B4%EC%98%81+%EB%B0%8F+%ED%8F%89%EA%B0%80%EC%97%90+%EA%B4%80%ED%95%9C+%EC%82%AC%ED%95%AD&GS_BURYU_CD=JG100&JG_BURYU_CD=JG020&JG_HANGMOK_CD=05&JG_GUBUN=1&JG_YEAR2=2026&HG_NM=%EC%84%9C%EC%9A%B8%EB%8B%B9%EC%84%9C%EC%B4%88%EB%93%B1%ED%95%99%EA%B5%90&SHL_IDF_CD=aabb5492-de04-4869-88aa-ac00c5af382b&GS_TYPE=Y&JG_YEAR=2026&SORT=BR&CHOSEN_JG_YEAR=2026&PRE_JG_YEAR=2026&LOAD_TYPE=single,2026학년도 서울당서초 연간학사일정(최종).hwp / 2026학년도 서울당서초 학교교육과정 편성·운영·평가.hwpx,https://www.schoolinfo.go.kr/ei/pp/Pneipp_b73_s0p.do?GS_HANGMOK_CD=73&GS_HANGMOK_NO=15-%EB%9D%BC&GS_HANGMOK_NM=%EB%B0%A9%EA%B3%BC%ED%9B%84%ED%95%99%EA%B5%90+%EC%9A%B4%EC%98%81+%EA%B3%84%ED%9A%8D+%EB%B0%8F+%EC%9A%B4%EC%98%81%E3%86%8D%EC%A7%80%EC%9B%90%ED%98%84%ED%99%A9&GS_BURYU_CD=JG130&JG_BURYU_CD=JG150&JG_HANGMOK_CD=59&JG_GUBUN=1&JG_YEAR2=2026&HG_NM=%EC%84%9C%EC%9A%B8%EB%8B%B9%EC%84%9C%EC%B4%88%EB%93%B1%ED%95%99%EA%B5%90&SHL_IDF_CD=aabb5492-de04-4869-88aa-ac00c5af382b&GS_TYPE=Y&JG_YEAR=2026&SORT=BR&CHOSEN_JG_YEAR=2026&PRE_JG_YEAR=2026&LOAD_TYPE=single,"2026학년도 서울당서초 방과후학교, 돌봄교실 연간운영계획.hwp",,,,,,,,,,
wave2_seoul,B000001999,서울도림초등학교,서울특별시,2-가 문서에서 시정표를 찾지 못함(요약본이거나 표가 이미지일 수 있음),,https://www.schoolinfo.go.kr/ei/ss/Pneiss_b01_s0.do?SHL_IDF_CD=53f09ffd-121d-48cd-ad35-bb9bdcc9820d,https://www.schoolinfo.go.kr/ei/pp/Pneipp_b14_s0p.do?GS_HANGMOK_CD=14&GS_HANGMOK_NO=2-%EA%B0%80&GS_HANGMOK_NM=%ED%95%99%EA%B5%90%EA%B5%90%EC%9C%A1%EA%B3%BC%EC%A0%95+%ED%8E%B8%EC%84%B1%E3%86%8D%EC%9A%B4%EC%98%81+%EB%B0%8F+%ED%8F%89%EA%B0%80%EC%97%90+%EA%B4%80%ED%95%9C+%EC%82%AC%ED%95%AD&GS_BURYU_CD=JG100&JG_BURYU_CD=JG020&JG_HANGMOK_CD=05&JG_GUBUN=1&JG_YEAR2=2026&HG_NM=%EC%84%9C%EC%9A%B8%EB%8F%84%EB%A6%BC%EC%B4%88%EB%93%B1%ED%95%99%EA%B5%90&SHL_IDF_CD=53f09ffd-121d-48cd-ad35-bb9bdcc9820d&GS_TYPE=Y&JG_YEAR=2026&SORT=BR&CHOSEN_JG_YEAR=2026&PRE_JG_YEAR=2026&LOAD_TYPE=single,교육과정 평가 계획.pdf / 교육과정 운영 평가 결과.pdf / 창의적 체험활동.pdf / 교육과정 편성운영의 기본방향.pdf,https://www.schoolinfo.go.kr/ei/pp/Pneipp_b73_s0p.do?GS_HANGMOK_CD=73&GS_HANGMOK_NO=15-%EB%9D%BC&GS_HANGMOK_NM=%EB%B0%A9%EA%B3%BC%ED%9B%84%ED%95%99%EA%B5%90+%EC%9A%B4%EC%98%81+%EA%B3%84%ED%9A%8D+%EB%B0%8F+%EC%9A%B4%EC%98%81%E3%86%8D%EC%A7%80%EC%9B%90%ED%98%84%ED%99%A9&GS_BURYU_CD=JG130&JG_BURYU_CD=JG150&JG_HANGMOK_CD=59&JG_GUBUN=1&JG_YEAR2=2026&HG_NM=%EC%84%9C%EC%9A%B8%EB%8F%84%EB%A6%BC%EC%B4%88%EB%93%B1%ED%95%99%EA%B5%90&SHL_IDF_CD=53f09ffd-121d-48cd-ad35-bb9bdcc9820d&GS_TYPE=Y&JG_YEAR=2026&SORT=BR&CHOSEN_JG_YEAR=2026&PRE_JG_YEAR=2026&LOAD_TYPE=single,2026학년도 서울도림초등학교 초등돌봄교실 운영 계획.hwp / 2026학년도 서울도림초등학교 방과후교실 운영 계획.hwp,,,,,,,,,,
wave2_seoul,B000002000,서울대동초등학교,서울특별시,2-가 문서에서 시정표를 찾지 못함(요약본이거나 표가 이미지일 수 있음),15-라 계획에 1학년 오후돌봄 종료 시각이 없음 (방과후·맞춤형교실 운영시간(13:00~16:40)만 있고 돌봄교실 종료 시각은 없음),https://www.schoolinfo.go.kr/ei/ss/Pneiss_b01_s0.do?SHL_IDF_CD=af5a5dfd-e46d-4188-9c8b-dc2e27177b7b,https://www.schoolinfo.go.kr/ei/pp/Pneipp_b14_s0p.do?GS_HANGMOK_CD=14&GS_HANGMOK_NO=2-%EA%B0%80&GS_HANGMOK_NM=%ED%95%99%EA%B5%90%EA%B5%90%EC%9C%A1%EA%B3%BC%EC%A0%95+%ED%8E%B8%EC%84%B1%E3%86%8D%EC%9A%B4%EC%98%81+%EB%B0%8F+%ED%8F%89%EA%B0%80%EC%97%90+%EA%B4%80%ED%95%9C+%EC%82%AC%ED%95%AD&GS_BURYU_CD=JG100&JG_BURYU_CD=JG020&JG_HANGMOK_CD=05&JG_GUBUN=1&JG_YEAR2=2026&HG_NM=%EC%84%9C%EC%9A%B8%EB%8C%80%EB%8F%99%EC%B4%88%EB%93%B1%ED%95%99%EA%B5%90&SHL_IDF_CD=af5a5dfd-e46d-4188-9c8b-dc2e27177b7b&GS_TYPE=Y&JG_YEAR=2026&SORT=BR&CHOSEN_JG_YEAR=2026&PRE_JG_YEAR=2026&LOAD_TYPE=single,2026학년도 대동초 학교교육과정 편성·운영·평가 계획(수정).hwp,https://www.schoolinfo.go.kr/ei/pp/Pneipp_b73_s0p.do?GS_HANGMOK_CD=73&GS_HANGMOK_NO=15-%EB%9D%BC&GS_HANGMOK_NM=%EB%B0%A9%EA%B3%BC%ED%9B%84%ED%95%99%EA%B5%90+%EC%9A%B4%EC%98%81+%EA%B3%84%ED%9A%8D+%EB%B0%8F+%EC%9A%B4%EC%98%81%E3%86%8D%EC%A7%80%EC%9B%90%ED%98%84%ED%99%A9&GS_BURYU_CD=JG130&JG_BURYU_CD=JG150&JG_HANGMOK_CD=59&JG_GUBUN=1&JG_YEAR2=2026&HG_NM=%EC%84%9C%EC%9A%B8%EB%8C%80%EB%8F%99%EC%B4%88%EB%93%B1%ED%95%99%EA%B5%90&SHL_IDF_CD=af5a5dfd-e46d-4188-9c8b-dc2e27177b7b&GS_TYPE=Y&JG_YEAR=2026&SORT=BR&CHOSEN_JG_YEAR=2026&PRE_JG_YEAR=2026&LOAD_TYPE=single,2026학년도 방과후·맞춤형교실 연간운영계획.hwp,,,,,,,,,,
wave2_seoul,B000002001,서울영등포초등학교,서울특별시,2-가 문서에서 시정표를 찾지 못함(요약본이거나 표가 이미지일 수 있음),,https://www.schoolinfo.go.kr/ei/ss/Pneiss_b01_s0.do?SHL_IDF_CD=734dd52a-25fe-4e8c-8fe8-da1c5123c1bf,https://www.schoolinfo.go.kr/ei/pp/Pneipp_b14_s0p.do?GS_HANGMOK_CD=14&GS_HANGMOK_NO=2-%EA%B0%80&GS_HANGMOK_NM=%ED%95%99%EA%B5%90%EA%B5%90%EC%9C%A1%EA%B3%BC%EC%A0%95+%ED%8E%B8%EC%84%B1%E3%86%8D%EC%9A%B4%EC%98%81+%EB%B0%8F+%ED%8F%89%EA%B0%80%EC%97%90+%EA%B4%80%ED%95%9C+%EC%82%AC%ED%95%AD&GS_BURYU_CD=JG100&JG_BURYU_CD=JG020&JG_HANGMOK_CD=05&JG_GUBUN=1&JG_YEAR2=2026&HG_NM=%EC%84%9C%EC%9A%B8%EC%98%81%EB%93%B1%ED%8F%AC%EC%B4%88%EB%93%B1%ED%95%99%EA%B5%90&SHL_IDF_CD=734dd52a-25fe-4e8c-8fe8-da1c5123c1bf&GS_TYPE=Y&JG_YEAR=2026&SORT=BR&CHOSEN_JG_YEAR=2026&PRE_JG_YEAR=2026&LOAD_TYPE=single,2026학년도 서울영등포초 체험활동 계획.hwp / 2026학년도 서울영등포초 연간학사일정.hwp / 2026학년도 서울영등포초 학교교육과정 편성_운영_평가.hwp,https://www.schoolinfo.go.kr/ei/pp/Pneipp_b73_s0p.do?GS_HANGMOK_CD=73&GS_HANGMOK_NO=15-%EB%9D%BC&GS_HANGMOK_NM=%EB%B0%A9%EA%B3%BC%ED%9B%84%ED%95%99%EA%B5%90+%EC%9A%B4%EC%98%81+%EA%B3%84%ED%9A%8D+%EB%B0%8F+%EC%9A%B4%EC%98%81%E3%86%8D%EC%A7%80%EC%9B%90%ED%98%84%ED%99%A9&GS_BURYU_CD=JG130&JG_BURYU_CD=JG150&JG_HANGMOK_CD=59&JG_GUBUN=1&JG_YEAR2=2026&HG_NM=%EC%84%9C%EC%9A%B8%EC%98%81%EB%93%B1%ED%8F%AC%EC%B4%88%EB%93%B1%ED%95%99%EA%B5%90&SHL_IDF_CD=734dd52a-25fe-4e8c-8fe8-da1c5123c1bf&GS_TYPE=Y&JG_YEAR=2026&SORT=BR&CHOSEN_JG_YEAR=2026&PRE_JG_YEAR=2026&LOAD_TYPE=single,2026학년도 영등포초등학교 초등돌봄교실 운영 계획.hwp / 2026학년도 영등포초등학교 방과후교실 운영 계획.hwp,,,,,,,,,,
wave2_seoul,B000002002,서울영문초등학교,서울특별시,2-가 문서에서 시정표를 찾지 못함(요약본이거나 표가 이미지일 수 있음),15-라 계획에 1학년 오후돌봄 종료 시각이 없음,https://www.schoolinfo.go.kr/ei/ss/Pneiss_b01_s0.do?SHL_IDF_CD=1acb1bce-339c-4011-b3e8-2719af7508d9,https://www.schoolinfo.go.kr/ei/pp/Pneipp_b14_s0p.do?GS_HANGMOK_CD=14&GS_HANGMOK_NO=2-%EA%B0%80&GS_HANGMOK_NM=%ED%95%99%EA%B5%90%EA%B5%90%EC%9C%A1%EA%B3%BC%EC%A0%95+%ED%8E%B8%EC%84%B1%E3%86%8D%EC%9A%B4%EC%98%81+%EB%B0%8F+%ED%8F%89%EA%B0%80%EC%97%90+%EA%B4%80%ED%95%9C+%EC%82%AC%ED%95%AD&GS_BURYU_CD=JG100&JG_BURYU_CD=JG020&JG_HANGMOK_CD=05&JG_GUBUN=1&JG_YEAR2=2026&HG_NM=%EC%84%9C%EC%9A%B8%EC%98%81%EB%AC%B8%EC%B4%88%EB%93%B1%ED%95%99%EA%B5%90&SHL_IDF_CD=1acb1bce-339c-4011-b3e8-2719af7508d9&GS_TYPE=Y&JG_YEAR=2026&SORT=BR&CHOSEN_JG_YEAR=2026&PRE_JG_YEAR=2026&LOAD_TYPE=single,2026학년도 영문초 연간학사일정.hwp / 2026학년도 영문초 학교교육과정 편성.운영.평가 계획.pdf,https://www.schoolinfo.go.kr/ei/pp/Pneipp_b73_s0p.do?GS_HANGMOK_CD=73&GS_HANGMOK_NO=15-%EB%9D%BC&GS_HANGMOK_NM=%EB%B0%A9%EA%B3%BC%ED%9B%84%ED%95%99%EA%B5%90+%EC%9A%B4%EC%98%81+%EA%B3%84%ED%9A%8D+%EB%B0%8F+%EC%9A%B4%EC%98%81%E3%86%8D%EC%A7%80%EC%9B%90%ED%98%84%ED%99%A9&GS_BURYU_CD=JG130&JG_BURYU_CD=JG150&JG_HANGMOK_CD=59&JG_GUBUN=1&JG_YEAR2=2026&HG_NM=%EC%84%9C%EC%9A%B8%EC%98%81%EB%AC%B8%EC%B4%88%EB%93%B1%ED%95%99%EA%B5%90&SHL_IDF_CD=1acb1bce-339c-4011-b3e8-2719af7508d9&GS_TYPE=Y&JG_YEAR=2026&SORT=BR&CHOSEN_JG_YEAR=2026&PRE_JG_YEAR=2026&LOAD_TYPE=single,2026 영문초 방과후교실 업체위탁 연간 운영 계획(수정안).hwp,,,,,,,,,,
wave2_seoul,B000002003,서울선유초등학교,서울특별시,,15-라 계획에 1학년 오후돌봄 종료 시각이 없음,https://www.schoolinfo.go.kr/ei/ss/Pneiss_b01_s0.do?SHL_IDF_CD=69c41db8-5245-4de1-9918-e8a2aef73e6e,https://www.schoolinfo.go.kr/ei/pp/Pneipp_b14_s0p.do?GS_HANGMOK_CD=14&GS_HANGMOK_NO=2-%EA%B0%80&GS_HANGMOK_NM=%ED%95%99%EA%B5%90%EA%B5%90%EC%9C%A1%EA%B3%BC%EC%A0%95+%ED%8E%B8%EC%84%B1%E3%86%8D%EC%9A%B4%EC%98%81+%EB%B0%8F+%ED%8F%89%EA%B0%80%EC%97%90+%EA%B4%80%ED%95%9C+%EC%82%AC%ED%95%AD&GS_BURYU_CD=JG100&JG_BURYU_CD=JG020&JG_HANGMOK_CD=05&JG_GUBUN=1&JG_YEAR2=2026&HG_NM=%EC%84%9C%EC%9A%B8%EC%84%A0%EC%9C%A0%EC%B4%88%EB%93%B1%ED%95%99%EA%B5%90&SHL_IDF_CD=69c41db8-5245-4de1-9918-e8a2aef73e6e&GS_TYPE=Y&JG_YEAR=2026&SORT=BR&CHOSEN_JG_YEAR=2026&PRE_JG_YEAR=2026&LOAD_TYPE=single,(선유초)2026학년도 학교교육과정 편성·운영 및 평가에 관한 사항.hwpx,https://www.schoolinfo.go.kr/ei/pp/Pneipp_b73_s0p.do?GS_HANGMOK_CD=73&GS_HANGMOK_NO=15-%EB%9D%BC&GS_HANGMOK_NM=%EB%B0%A9%EA%B3%BC%ED%9B%84%ED%95%99%EA%B5%90+%EC%9A%B4%EC%98%81+%EA%B3%84%ED%9A%8D+%EB%B0%8F+%EC%9A%B4%EC%98%81%E3%86%8D%EC%A7%80%EC%9B%90%ED%98%84%ED%99%A9&GS_BURYU_CD=JG130&JG_BURYU_CD=JG150&JG_HANGMOK_CD=59&JG_GUBUN=1&JG_YEAR2=2026&HG_NM=%EC%84%9C%EC%9A%B8%EC%84%A0%EC%9C%A0%EC%B4%88%EB%93%B1%ED%95%99%EA%B5%90&SHL_IDF_CD=69c41db8-5245-4de1-9918-e8a2aef73e6e&GS_TYPE=Y&JG_YEAR=2026&SORT=BR&CHOSEN_JG_YEAR=2026&PRE_JG_YEAR=2026&LOAD_TYPE=single,2026학년도 서울선유초등학교 방과후·맞춤형 프로그램 운영 계획.hwpx,,,,,,,,,,
wave2_seoul,B000002004,서울당중초등학교,서울특별시,시정표는 탐지됐으나 1학년 정규 시정을 읽지 못함,,https://www.schoolinfo.go.kr/ei/ss/Pneiss_b01_s0.do?SHL_IDF_CD=4508f737-236f-440d-b183-c9327a01ec18,https://www.schoolinfo.go.kr/ei/pp/Pneipp_b14_s0p.do?GS_HANGMOK_CD=14&GS_HANGMOK_NO=2-%EA%B0%80&GS_HANGMOK_NM=%ED%95%99%EA%B5%90%EA%B5%90%EC%9C%A1%EA%B3%BC%EC%A0%95+%ED%8E%B8%EC%84%B1%E3%86%8D%EC%9A%B4%EC%98%81+%EB%B0%8F+%ED%8F%89%EA%B0%80%EC%97%90+%EA%B4%80%ED%95%9C+%EC%82%AC%ED%95%AD&GS_BURYU_CD=JG100&JG_BURYU_CD=JG020&JG_HANGMOK_CD=05&JG_GUBUN=1&JG_YEAR2=2026&HG_NM=%EC%84%9C%EC%9A%B8%EB%8B%B9%EC%A4%91%EC%B4%88%EB%93%B1%ED%95%99%EA%B5%90&SHL_IDF_CD=4508f737-236f-440d-b183-c9327a01ec18&GS_TYPE=Y&JG_YEAR=2026&SORT=BR&CHOSEN_JG_YEAR=2026&PRE_JG_YEAR=2026&LOAD_TYPE=single,2026학년도 당중초 연간학사일정.hwp / 2026학년도 당중초 학교교육과정 편성운영평가 계획.hwp,https://www.schoolinfo.go.kr/ei/pp/Pneipp_b73_s0p.do?GS_HANGMOK_CD=73&GS_HANGMOK_NO=15-%EB%9D%BC&GS_HANGMOK_NM=%EB%B0%A9%EA%B3%BC%ED%9B%84%ED%95%99%EA%B5%90+%EC%9A%B4%EC%98%81+%EA%B3%84%ED%9A%8D+%EB%B0%8F+%EC%9A%B4%EC%98%81%E3%86%8D%EC%A7%80%EC%9B%90%ED%98%84%ED%99%A9&GS_BURYU_CD=JG130&JG_BURYU_CD=JG150&JG_HANGMOK_CD=59&JG_GUBUN=1&JG_YEAR2=2026&HG_NM=%EC%84%9C%EC%9A%B8%EB%8B%B9%EC%A4%91%EC%B4%88%EB%93%B1%ED%95%99%EA%B5%90&SHL_IDF_CD=4508f737-236f-440d-b183-c9327a01ec18&GS_TYPE=Y&JG_YEAR=2026&SORT=BR&CHOSEN_JG_YEAR=2026&PRE_JG_YEAR=2026&LOAD_TYPE=single,"2026학년도 초등돌봄교실 연간 운영 계획 심의(안)_정보공시.hwpx / 2026학년도 방과후맞춤형돌봄교실 안전관리계획 심의(안)_정보공시.hwp / 2026학년도 방과후맞춤형교실 수강료 및 재료교재비 심의(안)_정보공시.hwp / 2026학년도 방과후, 맞춤형교실 연간 운영계획(안) 수정_정보공시.hwp",,,,,,,,,,
wave2_seoul,B000002005,서울도신초등학교,서울특별시,2-가 문서에서 시정표를 찾지 못함(요약본이거나 표가 이미지일 수 있음),,https://www.schoolinfo.go.kr/ei/ss/Pneiss_b01_s0.do?SHL_IDF_CD=ab52c828-e712-47c0-84c7-f95d4f073ded,https://www.schoolinfo.go.kr/ei/pp/Pneipp_b14_s0p.do?GS_HANGMOK_CD=14&GS_HANGMOK_NO=2-%EA%B0%80&GS_HANGMOK_NM=%ED%95%99%EA%B5%90%EA%B5%90%EC%9C%A1%EA%B3%BC%EC%A0%95+%ED%8E%B8%EC%84%B1%E3%86%8D%EC%9A%B4%EC%98%81+%EB%B0%8F+%ED%8F%89%EA%B0%80%EC%97%90+%EA%B4%80%ED%95%9C+%EC%82%AC%ED%95%AD&GS_BURYU_CD=JG100&JG_BURYU_CD=JG020&JG_HANGMOK_CD=05&JG_GUBUN=1&JG_YEAR2=2026&HG_NM=%EC%84%9C%EC%9A%B8%EB%8F%84%EC%8B%A0%EC%B4%88%EB%93%B1%ED%95%99%EA%B5%90&SHL_IDF_CD=ab52c828-e712-47c0-84c7-f95d4f073ded&GS_TYPE=Y&JG_YEAR=2026&SORT=BR&CHOSEN_JG_YEAR=2026&PRE_JG_YEAR=2026&LOAD_TYPE=single,(탑재용)2026학년도 도신초 학교교육계획서.hwp,https://www.schoolinfo.go.kr/ei/pp/Pneipp_b73_s0p.do?GS_HANGMOK_CD=73&GS_HANGMOK_NO=15-%EB%9D%BC&GS_HANGMOK_NM=%EB%B0%A9%EA%B3%BC%ED%9B%84%ED%95%99%EA%B5%90+%EC%9A%B4%EC%98%81+%EA%B3%84%ED%9A%8D+%EB%B0%8F+%EC%9A%B4%EC%98%81%E3%86%8D%EC%A7%80%EC%9B%90%ED%98%84%ED%99%A9&GS_BURYU_CD=JG130&JG_BURYU_CD=JG150&JG_HANGMOK_CD=59&JG_GUBUN=1&JG_YEAR2=2026&HG_NM=%EC%84%9C%EC%9A%B8%EB%8F%84%EC%8B%A0%EC%B4%88%EB%93%B1%ED%95%99%EA%B5%90&SHL_IDF_CD=ab52c828-e712-47c0-84c7-f95d4f073ded&GS_TYPE=Y&JG_YEAR=2026&SORT=BR&CHOSEN_JG_YEAR=2026&PRE_JG_YEAR=2026&LOAD_TYPE=single,2026학년도 도신초 돌봄교실 운영 계획.hwp / 2026학년도 도신초등학교 방과후학교 운영 계획.hwp,,,,,,,,,,
wave2_seoul,B000002006,서울신영초등학교,서울특별시,2-가 문서에서 시정표를 찾지 못함(요약본이거나 표가 이미지일 수 있음),15-라 계획에 1학년 오후돌봄 종료 시각이 없음 (맞춤형교실 시간만 있고 돌봄교실 종료 시각 없음),https://www.schoolinfo.go.kr/ei/ss/Pneiss_b01_s0.do?SHL_IDF_CD=f289a2aa-ff13-41f0-96dc-0019dec7a206,https://www.schoolinfo.go.kr/ei/pp/Pneipp_b14_s0p.do?GS_HANGMOK_CD=14&GS_HANGMOK_NO=2-%EA%B0%80&GS_HANGMOK_NM=%ED%95%99%EA%B5%90%EA%B5%90%EC%9C%A1%EA%B3%BC%EC%A0%95+%ED%8E%B8%EC%84%B1%E3%86%8D%EC%9A%B4%EC%98%81+%EB%B0%8F+%ED%8F%89%EA%B0%80%EC%97%90+%EA%B4%80%ED%95%9C+%EC%82%AC%ED%95%AD&GS_BURYU_CD=JG100&JG_BURYU_CD=JG020&JG_HANGMOK_CD=05&JG_GUBUN=1&JG_YEAR2=2026&HG_NM=%EC%84%9C%EC%9A%B8%EC%8B%A0%EC%98%81%EC%B4%88%EB%93%B1%ED%95%99%EA%B5%90&SHL_IDF_CD=f289a2aa-ff13-41f0-96dc-0019dec7a206&GS_TYPE=Y&JG_YEAR=2026&SORT=BR&CHOSEN_JG_YEAR=2026&PRE_JG_YEAR=2026&LOAD_TYPE=single,2026 신영초 학교교육과정(완성).pdf,https://www.schoolinfo.go.kr/ei/pp/Pneipp_b73_s0p.do?GS_HANGMOK_CD=73&GS_HANGMOK_NO=15-%EB%9D%BC&GS_HANGMOK_NM=%EB%B0%A9%EA%B3%BC%ED%9B%84%ED%95%99%EA%B5%90+%EC%9A%B4%EC%98%81+%EA%B3%84%ED%9A%8D+%EB%B0%8F+%EC%9A%B4%EC%98%81%E3%86%8D%EC%A7%80%EC%9B%90%ED%98%84%ED%99%A9&GS_BURYU_CD=JG130&JG_BURYU_CD=JG150&JG_HANGMOK_CD=59&JG_GUBUN=1&JG_YEAR2=2026&HG_NM=%EC%84%9C%EC%9A%B8%EC%8B%A0%EC%98%81%EC%B4%88%EB%93%B1%ED%95%99%EA%B5%90&SHL_IDF_CD=f289a2aa-ff13-41f0-96dc-0019dec7a206&GS_TYPE=Y&JG_YEAR=2026&SORT=BR&CHOSEN_JG_YEAR=2026&PRE_JG_YEAR=2026&LOAD_TYPE=single,학교운영위원회-2026학년도 (수익자)방과후.맞춤형.특수방과후 교실 운영 최종계획 변경(안).hwp,,,,,,,,,,
wave2_seoul,B000002007,서울신대림초등학교,서울특별시,2-가 문서에서 시정표를 찾지 못함(요약본이거나 표가 이미지일 수 있음),,https://www.schoolinfo.go.kr/ei/ss/Pneiss_b01_s0.do?SHL_IDF_CD=810841ae-c19f-47c9-9915-2814b31e0589,https://www.schoolinfo.go.kr/ei/pp/Pneipp_b14_s0p.do?GS_HANGMOK_CD=14&GS_HANGMOK_NO=2-%EA%B0%80&GS_HANGMOK_NM=%ED%95%99%EA%B5%90%EA%B5%90%EC%9C%A1%EA%B3%BC%EC%A0%95+%ED%8E%B8%EC%84%B1%E3%86%8D%EC%9A%B4%EC%98%81+%EB%B0%8F+%ED%8F%89%EA%B0%80%EC%97%90+%EA%B4%80%ED%95%9C+%EC%82%AC%ED%95%AD&GS_BURYU_CD=JG100&JG_BURYU_CD=JG020&JG_HANGMOK_CD=05&JG_GUBUN=1&JG_YEAR2=2026&HG_NM=%EC%84%9C%EC%9A%B8%EC%8B%A0%EB%8C%80%EB%A6%BC%EC%B4%88%EB%93%B1%ED%95%99%EA%B5%90&SHL_IDF_CD=810841ae-c19f-47c9-9915-2814b31e0589&GS_TYPE=Y&JG_YEAR=2026&SORT=BR&CHOSEN_JG_YEAR=2026&PRE_JG_YEAR=2026&LOAD_TYPE=single,2026학년도 서울신대림초 학교교육과정 편성·운영·평가 계획.hwp / 2026학년도 서울신대림초 연간학사일정.hwp,https://www.schoolinfo.go.kr/ei/pp/Pneipp_b73_s0p.do?GS_HANGMOK_CD=73&GS_HANGMOK_NO=15-%EB%9D%BC&GS_HANGMOK_NM=%EB%B0%A9%EA%B3%BC%ED%9B%84%ED%95%99%EA%B5%90+%EC%9A%B4%EC%98%81+%EA%B3%84%ED%9A%8D+%EB%B0%8F+%EC%9A%B4%EC%98%81%E3%86%8D%EC%A7%80%EC%9B%90%ED%98%84%ED%99%A9&GS_BURYU_CD=JG130&JG_BURYU_CD=JG150&JG_HANGMOK_CD=59&JG_GUBUN=1&JG_YEAR2=2026&HG_NM=%EC%84%9C%EC%9A%B8%EC%8B%A0%EB%8C%80%EB%A6%BC%EC%B4%88%EB%93%B1%ED%95%99%EA%B5%90&SHL_IDF_CD=810841ae-c19f-47c9-9915-2814b31e0589&GS_TYPE=Y&JG_YEAR=2026&SORT=BR&CHOSEN_JG_YEAR=2026&PRE_JG_YEAR=2026&LOAD_TYPE=single,2026학년도 초등돌봄교실 운영계획.hwp / (신대림초)2026학년도 방과후교실 맞춤형교실 운영계획(안).hwp,,,,,,,,,,
wave2_seoul,B000002008,서울영림초등학교,서울특별시,2-가 문서에서 시정표를 찾지 못함(요약본이거나 표가 이미지일 수 있음),,https://www.schoolinfo.go.kr/ei/ss/Pneiss_b01_s0.do?SHL_IDF_CD=6e32ae13-d82a-4918-9da4-523ad1924a47,https://www.schoolinfo.go.kr/ei/pp/Pneipp_b14_s0p.do?GS_HANGMOK_CD=14&GS_HANGMOK_NO=2-%EA%B0%80&GS_HANGMOK_NM=%ED%95%99%EA%B5%90%EA%B5%90%EC%9C%A1%EA%B3%BC%EC%A0%95+%ED%8E%B8%EC%84%B1%E3%86%8D%EC%9A%B4%EC%98%81+%EB%B0%8F+%ED%8F%89%EA%B0%80%EC%97%90+%EA%B4%80%ED%95%9C+%EC%82%AC%ED%95%AD&GS_BURYU_CD=JG100&JG_BURYU_CD=JG020&JG_HANGMOK_CD=05&JG_GUBUN=1&JG_YEAR2=2026&HG_NM=%EC%84%9C%EC%9A%B8%EC%98%81%EB%A6%BC%EC%B4%88%EB%93%B1%ED%95%99%EA%B5%90&SHL_IDF_CD=6e32ae13-d82a-4918-9da4-523ad1924a47&GS_TYPE=Y&JG_YEAR=2026&SORT=BR&CHOSEN_JG_YEAR=2026&PRE_JG_YEAR=2026&LOAD_TYPE=single,2026학년도 영림초 학교교육과정 편성 운영 평가계획.hwp,https://www.schoolinfo.go.kr/ei/pp/Pneipp_b73_s0p.do?GS_HANGMOK_CD=73&GS_HANGMOK_NO=15-%EB%9D%BC&GS_HANGMOK_NM=%EB%B0%A9%EA%B3%BC%ED%9B%84%ED%95%99%EA%B5%90+%EC%9A%B4%EC%98%81+%EA%B3%84%ED%9A%8D+%EB%B0%8F+%EC%9A%B4%EC%98%81%E3%86%8D%EC%A7%80%EC%9B%90%ED%98%84%ED%99%A9&GS_BURYU_CD=JG130&JG_BURYU_CD=JG150&JG_HANGMOK_CD=59&JG_GUBUN=1&JG_YEAR2=2026&HG_NM=%EC%84%9C%EC%9A%B8%EC%98%81%EB%A6%BC%EC%B4%88%EB%93%B1%ED%95%99%EA%B5%90&SHL_IDF_CD=6e32ae13-d82a-4918-9da4-523ad1924a47&GS_TYPE=Y&JG_YEAR=2026&SORT=BR&CHOSEN_JG_YEAR=2026&PRE_JG_YEAR=2026&LOAD_TYPE=single,2026학년도 돌봄교실 연간 운영계획.hwp / 2026학년도 방과후·돌봄(구 늘봄학교) 운영 계획.hwp,,,,,,,,,,
wave2_seoul,B000002009,서울문래초등학교,서울특별시,2-가 문서에서 시정표를 찾지 못함(요약본이거나 표가 이미지일 수 있음),,https://www.schoolinfo.go.kr/ei/ss/Pneiss_b01_s0.do?SHL_IDF_CD=df92f510-465d-4a0f-81a4-2b82e961b035,https://www.schoolinfo.go.kr/ei/pp/Pneipp_b14_s0p.do?GS_HANGMOK_CD=14&GS_HANGMOK_NO=2-%EA%B0%80&GS_HANGMOK_NM=%ED%95%99%EA%B5%90%EA%B5%90%EC%9C%A1%EA%B3%BC%EC%A0%95+%ED%8E%B8%EC%84%B1%E3%86%8D%EC%9A%B4%EC%98%81+%EB%B0%8F+%ED%8F%89%EA%B0%80%EC%97%90+%EA%B4%80%ED%95%9C+%EC%82%AC%ED%95%AD&GS_BURYU_CD=JG100&JG_BURYU_CD=JG020&JG_HANGMOK_CD=05&JG_GUBUN=1&JG_YEAR2=2026&HG_NM=%EC%84%9C%EC%9A%B8%EB%AC%B8%EB%9E%98%EC%B4%88%EB%93%B1%ED%95%99%EA%B5%90&SHL_IDF_CD=df92f510-465d-4a0f-81a4-2b82e961b035&GS_TYPE=Y&JG_YEAR=2026&SORT=BR&CHOSEN_JG_YEAR=2026&PRE_JG_YEAR=2026&LOAD_TYPE=single,2026학년도 문래초 학교교육과정 편성·운영·평가 계획.hwp / 2026학년도 문래초 연간학사일정.hwp,https://www.schoolinfo.go.kr/ei/pp/Pneipp_b73_s0p.do?GS_HANGMOK_CD=73&GS_HANGMOK_NO=15-%EB%9D%BC&GS_HANGMOK_NM=%EB%B0%A9%EA%B3%BC%ED%9B%84%ED%95%99%EA%B5%90+%EC%9A%B4%EC%98%81+%EA%B3%84%ED%9A%8D+%EB%B0%8F+%EC%9A%B4%EC%98%81%E3%86%8D%EC%A7%80%EC%9B%90%ED%98%84%ED%99%A9&GS_BURYU_CD=JG130&JG_BURYU_CD=JG150&JG_HANGMOK_CD=59&JG_GUBUN=1&JG_YEAR2=2026&HG_NM=%EC%84%9C%EC%9A%B8%EB%AC%B8%EB%9E%98%EC%B4%88%EB%93%B1%ED%95%99%EA%B5%90&SHL_IDF_CD=df92f510-465d-4a0f-81a4-2b82e961b035&GS_TYPE=Y&JG_YEAR=2026&SORT=BR&CHOSEN_JG_YEAR=2026&PRE_JG_YEAR=2026&LOAD_TYPE=single,2026학년도 방과후·돌봄 운영계획.hwp,,,,,,,,,,
wave2_seoul,B000002010,서울영신초등학교,서울특별시,2-가 문서에서 시정표를 찾지 못함(요약본이거나 표가 이미지일 수 있음),15-라 계획에 1학년 오후돌봄 종료 시각이 없음 (맞춤형교실 시간만 있고 돌봄교실 종료 시각 없음),https://www.schoolinfo.go.kr/ei/ss/Pneiss_b01_s0.do?SHL_IDF_CD=ff0024b6-a1ad-43cb-bab1-7b4a2fa5877b,https://www.schoolinfo.go.kr/ei/pp/Pneipp_b14_s0p.do?GS_HANGMOK_CD=14&GS_HANGMOK_NO=2-%EA%B0%80&GS_HANGMOK_NM=%ED%95%99%EA%B5%90%EA%B5%90%EC%9C%A1%EA%B3%BC%EC%A0%95+%ED%8E%B8%EC%84%B1%E3%86%8D%EC%9A%B4%EC%98%81+%EB%B0%8F+%ED%8F%89%EA%B0%80%EC%97%90+%EA%B4%80%ED%95%9C+%EC%82%AC%ED%95%AD&GS_BURYU_CD=JG100&JG_BURYU_CD=JG020&JG_HANGMOK_CD=05&JG_GUBUN=1&JG_YEAR2=2026&HG_NM=%EC%84%9C%EC%9A%B8%EC%98%81%EC%8B%A0%EC%B4%88%EB%93%B1%ED%95%99%EA%B5%90&SHL_IDF_CD=ff0024b6-a1ad-43cb-bab1-7b4a2fa5877b&GS_TYPE=Y&JG_YEAR=2026&SORT=BR&CHOSEN_JG_YEAR=2026&PRE_JG_YEAR=2026&LOAD_TYPE=single,2026학년도 서울영신초 학교교육과정 편성·운영·평가 계획.pdf,https://www.schoolinfo.go.kr/ei/pp/Pneipp_b73_s0p.do?GS_HANGMOK_CD=73&GS_HANGMOK_NO=15-%EB%9D%BC&GS_HANGMOK_NM=%EB%B0%A9%EA%B3%BC%ED%9B%84%ED%95%99%EA%B5%90+%EC%9A%B4%EC%98%81+%EA%B3%84%ED%9A%8D+%EB%B0%8F+%EC%9A%B4%EC%98%81%E3%86%8D%EC%A7%80%EC%9B%90%ED%98%84%ED%99%A9&GS_BURYU_CD=JG130&JG_BURYU_CD=JG150&JG_HANGMOK_CD=59&JG_GUBUN=1&JG_YEAR2=2026&HG_NM=%EC%84%9C%EC%9A%B8%EC%98%81%EC%8B%A0%EC%B4%88%EB%93%B1%ED%95%99%EA%B5%90&SHL_IDF_CD=ff0024b6-a1ad-43cb-bab1-7b4a2fa5877b&GS_TYPE=Y&JG_YEAR=2026&SORT=BR&CHOSEN_JG_YEAR=2026&PRE_JG_YEAR=2026&LOAD_TYPE=single,2026학년도 방과후돌봄 연간계획 수정(안).hwp,,,,,,,,,,
wave2_seoul,B000002011,서울대영초등학교,서울특별시,2-가 문서에서 시정표를 찾지 못함(요약본이거나 표가 이미지일 수 있음),15-라 계획에 1학년 오후돌봄 종료 시각이 없음,https://www.schoolinfo.go.kr/ei/ss/Pneiss_b01_s0.do?SHL_IDF_CD=42303f89-b59a-44a4-a64b-2ace6c48e782,https://www.schoolinfo.go.kr/ei/pp/Pneipp_b14_s0p.do?GS_HANGMOK_CD=14&GS_HANGMOK_NO=2-%EA%B0%80&GS_HANGMOK_NM=%ED%95%99%EA%B5%90%EA%B5%90%EC%9C%A1%EA%B3%BC%EC%A0%95+%ED%8E%B8%EC%84%B1%E3%86%8D%EC%9A%B4%EC%98%81+%EB%B0%8F+%ED%8F%89%EA%B0%80%EC%97%90+%EA%B4%80%ED%95%9C+%EC%82%AC%ED%95%AD&GS_BURYU_CD=JG100&JG_BURYU_CD=JG020&JG_HANGMOK_CD=05&JG_GUBUN=1&JG_YEAR2=2026&HG_NM=%EC%84%9C%EC%9A%B8%EB%8C%80%EC%98%81%EC%B4%88%EB%93%B1%ED%95%99%EA%B5%90&SHL_IDF_CD=42303f89-b59a-44a4-a64b-2ace6c48e782&GS_TYPE=Y&JG_YEAR=2026&SORT=BR&CHOSEN_JG_YEAR=2026&PRE_JG_YEAR=2026&LOAD_TYPE=single,"2026학년도 대영초 학교교육과정 편성, 운영, 평가 계획.pdf / 2026학년도 대영초 연간학사일정.pdf",https://www.schoolinfo.go.kr/ei/pp/Pneipp_b73_s0p.do?GS_HANGMOK_CD=73&GS_HANGMOK_NO=15-%EB%9D%BC&GS_HANGMOK_NM=%EB%B0%A9%EA%B3%BC%ED%9B%84%ED%95%99%EA%B5%90+%EC%9A%B4%EC%98%81+%EA%B3%84%ED%9A%8D+%EB%B0%8F+%EC%9A%B4%EC%98%81%E3%86%8D%EC%A7%80%EC%9B%90%ED%98%84%ED%99%A9&GS_BURYU_CD=JG130&JG_BURYU_CD=JG150&JG_HANGMOK_CD=59&JG_GUBUN=1&JG_YEAR2=2026&HG_NM=%EC%84%9C%EC%9A%B8%EB%8C%80%EC%98%81%EC%B4%88%EB%93%B1%ED%95%99%EA%B5%90&SHL_IDF_CD=42303f89-b59a-44a4-a64b-2ace6c48e782&GS_TYPE=Y&JG_YEAR=2026&SORT=BR&CHOSEN_JG_YEAR=2026&PRE_JG_YEAR=2026&LOAD_TYPE=single,2026-1분기 방과후학교 운영 계획서(최종).hwp,,,,,,,,,,
wave2_seoul,B000002012,서울우신초등학교,서울특별시,시정표 제목만 있고 표 글자가 없음(이미지 표 가능),15-라 계획에 1학년 오후돌봄 종료 시각이 없음,https://www.schoolinfo.go.kr/ei/ss/Pneiss_b01_s0.do?SHL_IDF_CD=59c535bb-5f97-481c-bbbe-4fefb4563af5,https://www.schoolinfo.go.kr/ei/pp/Pneipp_b14_s0p.do?GS_HANGMOK_CD=14&GS_HANGMOK_NO=2-%EA%B0%80&GS_HANGMOK_NM=%ED%95%99%EA%B5%90%EA%B5%90%EC%9C%A1%EA%B3%BC%EC%A0%95+%ED%8E%B8%EC%84%B1%E3%86%8D%EC%9A%B4%EC%98%81+%EB%B0%8F+%ED%8F%89%EA%B0%80%EC%97%90+%EA%B4%80%ED%95%9C+%EC%82%AC%ED%95%AD&GS_BURYU_CD=JG100&JG_BURYU_CD=JG020&JG_HANGMOK_CD=05&JG_GUBUN=1&JG_YEAR2=2026&HG_NM=%EC%84%9C%EC%9A%B8%EC%9A%B0%EC%8B%A0%EC%B4%88%EB%93%B1%ED%95%99%EA%B5%90&SHL_IDF_CD=59c535bb-5f97-481c-bbbe-4fefb4563af5&GS_TYPE=Y&JG_YEAR=2026&SORT=BR&CHOSEN_JG_YEAR=2026&PRE_JG_YEAR=2026&LOAD_TYPE=single,(남부)2026학년도 서울우신초등학교 학교교육계획서(정정).pdf / 2026학년도 찾아오는 현장체험학습 운영 계획(안).hwp,https://www.schoolinfo.go.kr/ei/pp/Pneipp_b73_s0p.do?GS_HANGMOK_CD=73&GS_HANGMOK_NO=15-%EB%9D%BC&GS_HANGMOK_NM=%EB%B0%A9%EA%B3%BC%ED%9B%84%ED%95%99%EA%B5%90+%EC%9A%B4%EC%98%81+%EA%B3%84%ED%9A%8D+%EB%B0%8F+%EC%9A%B4%EC%98%81%E3%86%8D%EC%A7%80%EC%9B%90%ED%98%84%ED%99%A9&GS_BURYU_CD=JG130&JG_BURYU_CD=JG150&JG_HANGMOK_CD=59&JG_GUBUN=1&JG_YEAR2=2026&HG_NM=%EC%84%9C%EC%9A%B8%EC%9A%B0%EC%8B%A0%EC%B4%88%EB%93%B1%ED%95%99%EA%B5%90&SHL_IDF_CD=59c535bb-5f97-481c-bbbe-4fefb4563af5&GS_TYPE=Y&JG_YEAR=2026&SORT=BR&CHOSEN_JG_YEAR=2026&PRE_JG_YEAR=2026&LOAD_TYPE=single,(학운위)2026학년도 방과후학교 연간 및 기별 운영 계획(안).hwp,,,,,,,,,,
wave2_seoul,B000002013,서울대방초등학교,서울특별시,2-가 문서에서 시정표를 찾지 못함(요약본이거나 표가 이미지일 수 있음),,https://www.schoolinfo.go.kr/ei/ss/Pneiss_b01_s0.do?SHL_IDF_CD=763e2259-9cfd-4c07-baef-c2a723e36879,https://www.schoolinfo.go.kr/ei/pp/Pneipp_b14_s0p.do?GS_HANGMOK_CD=14&GS_HANGMOK_NO=2-%EA%B0%80&GS_HANGMOK_NM=%ED%95%99%EA%B5%90%EA%B5%90%EC%9C%A1%EA%B3%BC%EC%A0%95+%ED%8E%B8%EC%84%B1%E3%86%8D%EC%9A%B4%EC%98%81+%EB%B0%8F+%ED%8F%89%EA%B0%80%EC%97%90+%EA%B4%80%ED%95%9C+%EC%82%AC%ED%95%AD&GS_BURYU_CD=JG100&JG_BURYU_CD=JG020&JG_HANGMOK_CD=05&JG_GUBUN=1&JG_YEAR2=2026&HG_NM=%EC%84%9C%EC%9A%B8%EB%8C%80%EB%B0%A9%EC%B4%88%EB%93%B1%ED%95%99%EA%B5%90&SHL_IDF_CD=763e2259-9cfd-4c07-baef-c2a723e36879&GS_TYPE=Y&JG_YEAR=2026&SORT=BR&CHOSEN_JG_YEAR=2026&PRE_JG_YEAR=2026&LOAD_TYPE=single,2026학년도 대방초 학교교육과정 편성.운영.평가 계획.pdf,https://www.schoolinfo.go.kr/ei/pp/Pneipp_b73_s0p.do?GS_HANGMOK_CD=73&GS_HANGMOK_NO=15-%EB%9D%BC&GS_HANGMOK_NM=%EB%B0%A9%EA%B3%BC%ED%9B%84%ED%95%99%EA%B5%90+%EC%9A%B4%EC%98%81+%EA%B3%84%ED%9A%8D+%EB%B0%8F+%EC%9A%B4%EC%98%81%E3%86%8D%EC%A7%80%EC%9B%90%ED%98%84%ED%99%A9&GS_BURYU_CD=JG130&JG_BURYU_CD=JG150&JG_HANGMOK_CD=59&JG_GUBUN=1&JG_YEAR2=2026&HG_NM=%EC%84%9C%EC%9A%B8%EB%8C%80%EB%B0%A9%EC%B4%88%EB%93%B1%ED%95%99%EA%B5%90&SHL_IDF_CD=763e2259-9cfd-4c07-baef-c2a723e36879&GS_TYPE=Y&JG_YEAR=2026&SORT=BR&CHOSEN_JG_YEAR=2026&PRE_JG_YEAR=2026&LOAD_TYPE=single,2026학년도 돌봄교실 운영 계획.hwp / 2026학년도 방과후·맞춤형교실 연간 운영 계획(4.30.).hwp,,,,,,,,,,
wave2_seoul,B000002015,서울당산초등학교,서울특별시,시정표 제목만 있고 표 글자가 없음(이미지 표 가능),,https://www.schoolinfo.go.kr/ei/ss/Pneiss_b01_s0.do?SHL_IDF_CD=00de5c75-aae4-4c25-8f76-aade185be59f,https://www.schoolinfo.go.kr/ei/pp/Pneipp_b14_s0p.do?GS_HANGMOK_CD=14&GS_HANGMOK_NO=2-%EA%B0%80&GS_HANGMOK_NM=%ED%95%99%EA%B5%90%EA%B5%90%EC%9C%A1%EA%B3%BC%EC%A0%95+%ED%8E%B8%EC%84%B1%E3%86%8D%EC%9A%B4%EC%98%81+%EB%B0%8F+%ED%8F%89%EA%B0%80%EC%97%90+%EA%B4%80%ED%95%9C+%EC%82%AC%ED%95%AD&GS_BURYU_CD=JG100&JG_BURYU_CD=JG020&JG_HANGMOK_CD=05&JG_GUBUN=1&JG_YEAR2=2026&HG_NM=%EC%84%9C%EC%9A%B8%EB%8B%B9%EC%82%B0%EC%B4%88%EB%93%B1%ED%95%99%EA%B5%90&SHL_IDF_CD=00de5c75-aae4-4c25-8f76-aade185be59f&GS_TYPE=Y&JG_YEAR=2026&SORT=BR&CHOSEN_JG_YEAR=2026&PRE_JG_YEAR=2026&LOAD_TYPE=single,2026학년도 당산초 학교교육과정 편성운영평가 계획.hwp / 2026학년도 당산초 연간학사일정.hwp,https://www.schoolinfo.go.kr/ei/pp/Pneipp_b73_s0p.do?GS_HANGMOK_CD=73&GS_HANGMOK_NO=15-%EB%9D%BC&GS_HANGMOK_NM=%EB%B0%A9%EA%B3%BC%ED%9B%84%ED%95%99%EA%B5%90+%EC%9A%B4%EC%98%81+%EA%B3%84%ED%9A%8D+%EB%B0%8F+%EC%9A%B4%EC%98%81%E3%86%8D%EC%A7%80%EC%9B%90%ED%98%84%ED%99%A9&GS_BURYU_CD=JG130&JG_BURYU_CD=JG150&JG_HANGMOK_CD=59&JG_GUBUN=1&JG_YEAR2=2026&HG_NM=%EC%84%9C%EC%9A%B8%EB%8B%B9%EC%82%B0%EC%B4%88%EB%93%B1%ED%95%99%EA%B5%90&SHL_IDF_CD=00de5c75-aae4-4c25-8f76-aade185be59f&GS_TYPE=Y&JG_YEAR=2026&SORT=BR&CHOSEN_JG_YEAR=2026&PRE_JG_YEAR=2026&LOAD_TYPE=single,2026학년도 돌봄교실 연간 운영 계획(안).hwp / 2026학년도 방과후·맞춤형 운영계획(안).hwp,,,,,,,,,,
wave2_seoul,B000002016,서울윤중초등학교,서울특별시,2-가 문서에서 시정표를 찾지 못함(요약본이거나 표가 이미지일 수 있음),,https://www.schoolinfo.go.kr/ei/ss/Pneiss_b01_s0.do?SHL_IDF_CD=fcd4b30a-f339-4918-9ad1-e3fb45970fce,https://www.schoolinfo.go.kr/ei/pp/Pneipp_b14_s0p.do?GS_HANGMOK_CD=14&GS_HANGMOK_NO=2-%EA%B0%80&GS_HANGMOK_NM=%ED%95%99%EA%B5%90%EA%B5%90%EC%9C%A1%EA%B3%BC%EC%A0%95+%ED%8E%B8%EC%84%B1%E3%86%8D%EC%9A%B4%EC%98%81+%EB%B0%8F+%ED%8F%89%EA%B0%80%EC%97%90+%EA%B4%80%ED%95%9C+%EC%82%AC%ED%95%AD&GS_BURYU_CD=JG100&JG_BURYU_CD=JG020&JG_HANGMOK_CD=05&JG_GUBUN=1&JG_YEAR2=2026&HG_NM=%EC%84%9C%EC%9A%B8%EC%9C%A4%EC%A4%91%EC%B4%88%EB%93%B1%ED%95%99%EA%B5%90&SHL_IDF_CD=fcd4b30a-f339-4918-9ad1-e3fb45970fce&GS_TYPE=Y&JG_YEAR=2026&SORT=BR&CHOSEN_JG_YEAR=2026&PRE_JG_YEAR=2026&LOAD_TYPE=single,2026학년도 윤중초 학교교육과정 편성·운영·평가계획.hwpx / 2026학년도 윤중초 연간 학사일정.hwpx,https://www.schoolinfo.go.kr/ei/pp/Pneipp_b73_s0p.do?GS_HANGMOK_CD=73&GS_HANGMOK_NO=15-%EB%9D%BC&GS_HANGMOK_NM=%EB%B0%A9%EA%B3%BC%ED%9B%84%ED%95%99%EA%B5%90+%EC%9A%B4%EC%98%81+%EA%B3%84%ED%9A%8D+%EB%B0%8F+%EC%9A%B4%EC%98%81%E3%86%8D%EC%A7%80%EC%9B%90%ED%98%84%ED%99%A9&GS_BURYU_CD=JG130&JG_BURYU_CD=JG150&JG_HANGMOK_CD=59&JG_GUBUN=1&JG_YEAR2=2026&HG_NM=%EC%84%9C%EC%9A%B8%EC%9C%A4%EC%A4%91%EC%B4%88%EB%93%B1%ED%95%99%EA%B5%90&SHL_IDF_CD=fcd4b30a-f339-4918-9ad1-e3fb45970fce&GS_TYPE=Y&JG_YEAR=2026&SORT=BR&CHOSEN_JG_YEAR=2026&PRE_JG_YEAR=2026&LOAD_TYPE=single,2026학년도 윤중초 초등돌봄교실 운영 계획.pdf / 2026학년도 윤중초 방과후·맞춤형교실 운영 계획.pdf,,,,,,,,,,
wave2_seoul,B000002018,서울신학초등학교,서울특별시,2-가 문서에서 시정표를 찾지 못함(요약본이거나 표가 이미지일 수 있음),,https://www.schoolinfo.go.kr/ei/ss/Pneiss_b01_s0.do?SHL_IDF_CD=090a5f45-d08d-4c32-b186-6388f60d2158,https://www.schoolinfo.go.kr/ei/pp/Pneipp_b14_s0p.do?GS_HANGMOK_CD=14&GS_HANGMOK_NO=2-%EA%B0%80&GS_HANGMOK_NM=%ED%95%99%EA%B5%90%EA%B5%90%EC%9C%A1%EA%B3%BC%EC%A0%95+%ED%8E%B8%EC%84%B1%E3%86%8D%EC%9A%B4%EC%98%81+%EB%B0%8F+%ED%8F%89%EA%B0%80%EC%97%90+%EA%B4%80%ED%95%9C+%EC%82%AC%ED%95%AD&GS_BURYU_CD=JG100&JG_BURYU_CD=JG020&JG_HANGMOK_CD=05&JG_GUBUN=1&JG_YEAR2=2026&HG_NM=%EC%84%9C%EC%9A%B8%EC%8B%A0%ED%95%99%EC%B4%88%EB%93%B1%ED%95%99%EA%B5%90&SHL_IDF_CD=090a5f45-d08d-4c32-b186-6388f60d2158&GS_TYPE=Y&JG_YEAR=2026&SORT=BR&CHOSEN_JG_YEAR=2026&PRE_JG_YEAR=2026&LOAD_TYPE=single,2026학년도 서울신학초 연간학사일정.hwpx / 2026학년도 서울신학초 학교교육과정 편성 운영 평가 계획.hwpx,https://www.schoolinfo.go.kr/ei/pp/Pneipp_b73_s0p.do?GS_HANGMOK_CD=73&GS_HANGMOK_NO=15-%EB%9D%BC&GS_HANGMOK_NM=%EB%B0%A9%EA%B3%BC%ED%9B%84%ED%95%99%EA%B5%90+%EC%9A%B4%EC%98%81+%EA%B3%84%ED%9A%8D+%EB%B0%8F+%EC%9A%B4%EC%98%81%E3%86%8D%EC%A7%80%EC%9B%90%ED%98%84%ED%99%A9&GS_BURYU_CD=JG130&JG_BURYU_CD=JG150&JG_HANGMOK_CD=59&JG_GUBUN=1&JG_YEAR2=2026&HG_NM=%EC%84%9C%EC%9A%B8%EC%8B%A0%ED%95%99%EC%B4%88%EB%93%B1%ED%95%99%EA%B5%90&SHL_IDF_CD=090a5f45-d08d-4c32-b186-6388f60d2158&GS_TYPE=Y&JG_YEAR=2026&SORT=BR&CHOSEN_JG_YEAR=2026&PRE_JG_YEAR=2026&LOAD_TYPE=single,2026학년도 서울신학초등학교 방과후학교 연간운영계획.hwp / 2026학년도 서울신학초등학교 초등돌봄교실 운영계획안.hwp,,,,,,,,,,
wave2_seoul,B000002019,서울창경초등학교,서울특별시,2-가 문서에서 시정표를 찾지 못함(요약본이거나 표가 이미지일 수 있음),15-라 계획에 1학년 오후돌봄 종료 시각이 없음,https://www.schoolinfo.go.kr/ei/ss/Pneiss_b01_s0.do?SHL_IDF_CD=7f130dff-38df-4378-96de-e816de74b96e,https://www.schoolinfo.go.kr/ei/pp/Pneipp_b14_s0p.do?GS_HANGMOK_CD=14&GS_HANGMOK_NO=2-%EA%B0%80&GS_HANGMOK_NM=%ED%95%99%EA%B5%90%EA%B5%90%EC%9C%A1%EA%B3%BC%EC%A0%95+%ED%8E%B8%EC%84%B1%E3%86%8D%EC%9A%B4%EC%98%81+%EB%B0%8F+%ED%8F%89%EA%B0%80%EC%97%90+%EA%B4%80%ED%95%9C+%EC%82%AC%ED%95%AD&GS_BURYU_CD=JG100&JG_BURYU_CD=JG020&JG_HANGMOK_CD=05&JG_GUBUN=1&JG_YEAR2=2026&HG_NM=%EC%84%9C%EC%9A%B8%EC%B0%BD%EA%B2%BD%EC%B4%88%EB%93%B1%ED%95%99%EA%B5%90&SHL_IDF_CD=7f130dff-38df-4378-96de-e816de74b96e&GS_TYPE=Y&JG_YEAR=2026&SORT=BR&CHOSEN_JG_YEAR=2026&PRE_JG_YEAR=2026&LOAD_TYPE=single,2026학년도 창경초 학교교육과정 편성·운영·평가 계획.hwp,https://www.schoolinfo.go.kr/ei/pp/Pneipp_b73_s0p.do?GS_HANGMOK_CD=73&GS_HANGMOK_NO=15-%EB%9D%BC&GS_HANGMOK_NM=%EB%B0%A9%EA%B3%BC%ED%9B%84%ED%95%99%EA%B5%90+%EC%9A%B4%EC%98%81+%EA%B3%84%ED%9A%8D+%EB%B0%8F+%EC%9A%B4%EC%98%81%E3%86%8D%EC%A7%80%EC%9B%90%ED%98%84%ED%99%A9&GS_BURYU_CD=JG130&JG_BURYU_CD=JG150&JG_HANGMOK_CD=59&JG_GUBUN=1&JG_YEAR2=2026&HG_NM=%EC%84%9C%EC%9A%B8%EC%B0%BD%EA%B2%BD%EC%B4%88%EB%93%B1%ED%95%99%EA%B5%90&SHL_IDF_CD=7f130dff-38df-4378-96de-e816de74b96e&GS_TYPE=Y&JG_YEAR=2026&SORT=BR&CHOSEN_JG_YEAR=2026&PRE_JG_YEAR=2026&LOAD_TYPE=single,2026 방과후교실 프로그램 운영 계획.hwp,,,,,,,,,,
wave2_seoul,B000002021,서울누원초등학교,서울특별시,시정표는 탐지됐으나 1학년 정규 시정을 읽지 못함,,https://www.schoolinfo.go.kr/ei/ss/Pneiss_b01_s0.do?SHL_IDF_CD=fcfc7ff1-6aec-45e1-a570-1fe169041d03,https://www.schoolinfo.go.kr/ei/pp/Pneipp_b14_s0p.do?GS_HANGMOK_CD=14&GS_HANGMOK_NO=2-%EA%B0%80&GS_HANGMOK_NM=%ED%95%99%EA%B5%90%EA%B5%90%EC%9C%A1%EA%B3%BC%EC%A0%95+%ED%8E%B8%EC%84%B1%E3%86%8D%EC%9A%B4%EC%98%81+%EB%B0%8F+%ED%8F%89%EA%B0%80%EC%97%90+%EA%B4%80%ED%95%9C+%EC%82%AC%ED%95%AD&GS_BURYU_CD=JG100&JG_BURYU_CD=JG020&JG_HANGMOK_CD=05&JG_GUBUN=1&JG_YEAR2=2026&HG_NM=%EC%84%9C%EC%9A%B8%EB%88%84%EC%9B%90%EC%B4%88%EB%93%B1%ED%95%99%EA%B5%90&SHL_IDF_CD=fcfc7ff1-6aec-45e1-a570-1fe169041d03&GS_TYPE=Y&JG_YEAR=2026&SORT=BR&CHOSEN_JG_YEAR=2026&PRE_JG_YEAR=2026&LOAD_TYPE=single,2026학년도 누원초 연간학사일정.hwp / 2026학년도 누원초 학교교육과정 편성·운영·평가 계획.pdf,https://www.schoolinfo.go.kr/ei/pp/Pneipp_b73_s0p.do?GS_HANGMOK_CD=73&GS_HANGMOK_NO=15-%EB%9D%BC&GS_HANGMOK_NM=%EB%B0%A9%EA%B3%BC%ED%9B%84%ED%95%99%EA%B5%90+%EC%9A%B4%EC%98%81+%EA%B3%84%ED%9A%8D+%EB%B0%8F+%EC%9A%B4%EC%98%81%E3%86%8D%EC%A7%80%EC%9B%90%ED%98%84%ED%99%A9&GS_BURYU_CD=JG130&JG_BURYU_CD=JG150&JG_HANGMOK_CD=59&JG_GUBUN=1&JG_YEAR2=2026&HG_NM=%EC%84%9C%EC%9A%B8%EB%88%84%EC%9B%90%EC%B4%88%EB%93%B1%ED%95%99%EA%B5%90&SHL_IDF_CD=fcfc7ff1-6aec-45e1-a570-1fe169041d03&GS_TYPE=Y&JG_YEAR=2026&SORT=BR&CHOSEN_JG_YEAR=2026&PRE_JG_YEAR=2026&LOAD_TYPE=single,2026학년도 돌봄교실 연간 운영 계획(안).hwpx / 2026 방과후학교 운영 계획.hwpx,,,,,,,,,,
wave2_seoul,B000002022,서울오봉초등학교,서울특별시,2-가 첨부 없음,15-라 계획에 1학년 오후돌봄 종료 시각이 없음,https://www.schoolinfo.go.kr/ei/ss/Pneiss_b01_s0.do?SHL_IDF_CD=5cbd6fb5-8b30-4d56-92a0-ed669c6e2db4,https://www.schoolinfo.go.kr/ei/pp/Pneipp_b14_s0p.do?GS_HANGMOK_CD=14&GS_HANGMOK_NO=2-%EA%B0%80&GS_HANGMOK_NM=%ED%95%99%EA%B5%90%EA%B5%90%EC%9C%A1%EA%B3%BC%EC%A0%95+%ED%8E%B8%EC%84%B1%E3%86%8D%EC%9A%B4%EC%98%81+%EB%B0%8F+%ED%8F%89%EA%B0%80%EC%97%90+%EA%B4%80%ED%95%9C+%EC%82%AC%ED%95%AD&GS_BURYU_CD=JG100&JG_BURYU_CD=JG020&JG_HANGMOK_CD=05&JG_GUBUN=1&JG_YEAR2=2026&HG_NM=%EC%84%9C%EC%9A%B8%EC%98%A4%EB%B4%89%EC%B4%88%EB%93%B1%ED%95%99%EA%B5%90&SHL_IDF_CD=5cbd6fb5-8b30-4d56-92a0-ed669c6e2db4&GS_TYPE=Y&JG_YEAR=2026&SORT=BR&CHOSEN_JG_YEAR=2026&PRE_JG_YEAR=2026&LOAD_TYPE=single,(오봉초)2026학년도 학교교육과정 편성·운영·평가계획 및 연간학사일정.hwpx,https://www.schoolinfo.go.kr/ei/pp/Pneipp_b73_s0p.do?GS_HANGMOK_CD=73&GS_HANGMOK_NO=15-%EB%9D%BC&GS_HANGMOK_NM=%EB%B0%A9%EA%B3%BC%ED%9B%84%ED%95%99%EA%B5%90+%EC%9A%B4%EC%98%81+%EA%B3%84%ED%9A%8D+%EB%B0%8F+%EC%9A%B4%EC%98%81%E3%86%8D%EC%A7%80%EC%9B%90%ED%98%84%ED%99%A9&GS_BURYU_CD=JG130&JG_BURYU_CD=JG150&JG_HANGMOK_CD=59&JG_GUBUN=1&JG_YEAR2=2026&HG_NM=%EC%84%9C%EC%9A%B8%EC%98%A4%EB%B4%89%EC%B4%88%EB%93%B1%ED%95%99%EA%B5%90&SHL_IDF_CD=5cbd6fb5-8b30-4d56-92a0-ed669c6e2db4&GS_TYPE=Y&JG_YEAR=2026&SORT=BR&CHOSEN_JG_YEAR=2026&PRE_JG_YEAR=2026&LOAD_TYPE=single,2026학년 도봉 방[과후][good]방과후교실운영 계획(안).pdf,,,,,,,,,,
wave2_seoul,B000002023,서울도봉초등학교,서울특별시,2-가 문서에서 시정표를 찾지 못함(요약본이거나 표가 이미지일 수 있음),15-라 계획에 1학년 오후돌봄 종료 시각이 없음 (맞춤형교실 시간만 있고 돌봄교실 종료 시각 없음),https://www.schoolinfo.go.kr/ei/ss/Pneiss_b01_s0.do?SHL_IDF_CD=fee45659-7679-4ab1-9a0c-6a7c38a4500a,https://www.schoolinfo.go.kr/ei/pp/Pneipp_b14_s0p.do?GS_HANGMOK_CD=14&GS_HANGMOK_NO=2-%EA%B0%80&GS_HANGMOK_NM=%ED%95%99%EA%B5%90%EA%B5%90%EC%9C%A1%EA%B3%BC%EC%A0%95+%ED%8E%B8%EC%84%B1%E3%86%8D%EC%9A%B4%EC%98%81+%EB%B0%8F+%ED%8F%89%EA%B0%80%EC%97%90+%EA%B4%80%ED%95%9C+%EC%82%AC%ED%95%AD&GS_BURYU_CD=JG100&JG_BURYU_CD=JG020&JG_HANGMOK_CD=05&JG_GUBUN=1&JG_YEAR2=2026&HG_NM=%EC%84%9C%EC%9A%B8%EB%8F%84%EB%B4%89%EC%B4%88%EB%93%B1%ED%95%99%EA%B5%90&SHL_IDF_CD=fee45659-7679-4ab1-9a0c-6a7c38a4500a&GS_TYPE=Y&JG_YEAR=2026&SORT=BR&CHOSEN_JG_YEAR=2026&PRE_JG_YEAR=2026&LOAD_TYPE=single,학교교육과정 편성 운영 및 평가에 관한 사항.pdf / 연간학사 일정.pdf,https://www.schoolinfo.go.kr/ei/pp/Pneipp_b73_s0p.do?GS_HANGMOK_CD=73&GS_HANGMOK_NO=15-%EB%9D%BC&GS_HANGMOK_NM=%EB%B0%A9%EA%B3%BC%ED%9B%84%ED%95%99%EA%B5%90+%EC%9A%B4%EC%98%81+%EA%B3%84%ED%9A%8D+%EB%B0%8F+%EC%9A%B4%EC%98%81%E3%86%8D%EC%A7%80%EC%9B%90%ED%98%84%ED%99%A9&GS_BURYU_CD=JG130&JG_BURYU_CD=JG150&JG_HANGMOK_CD=59&JG_GUBUN=1&JG_YEAR2=2026&HG_NM=%EC%84%9C%EC%9A%B8%EB%8F%84%EB%B4%89%EC%B4%88%EB%93%B1%ED%95%99%EA%B5%90&SHL_IDF_CD=fee45659-7679-4ab1-9a0c-6a7c38a4500a&GS_TYPE=Y&JG_YEAR=2026&SORT=BR&CHOSEN_JG_YEAR=2026&PRE_JG_YEAR=2026&LOAD_TYPE=single,"(심의자료)2026학년도 방과후,맞춤형 연간 운영계획(안).hwp",,,,,,,,,,
wave2_seoul,B000002024,서울방학초등학교,서울특별시,2-가 문서에서 시정표를 찾지 못함(요약본이거나 표가 이미지일 수 있음),,https://www.schoolinfo.go.kr/ei/ss/Pneiss_b01_s0.do?SHL_IDF_CD=7cc7057e-c1a0-4f4c-b390-2970c4fc89da,https://www.schoolinfo.go.kr/ei/pp/Pneipp_b14_s0p.do?GS_HANGMOK_CD=14&GS_HANGMOK_NO=2-%EA%B0%80&GS_HANGMOK_NM=%ED%95%99%EA%B5%90%EA%B5%90%EC%9C%A1%EA%B3%BC%EC%A0%95+%ED%8E%B8%EC%84%B1%E3%86%8D%EC%9A%B4%EC%98%81+%EB%B0%8F+%ED%8F%89%EA%B0%80%EC%97%90+%EA%B4%80%ED%95%9C+%EC%82%AC%ED%95%AD&GS_BURYU_CD=JG100&JG_BURYU_CD=JG020&JG_HANGMOK_CD=05&JG_GUBUN=1&JG_YEAR2=2026&HG_NM=%EC%84%9C%EC%9A%B8%EB%B0%A9%ED%95%99%EC%B4%88%EB%93%B1%ED%95%99%EA%B5%90&SHL_IDF_CD=7cc7057e-c1a0-4f4c-b390-2970c4fc89da&GS_TYPE=Y&JG_YEAR=2026&SORT=BR&CHOSEN_JG_YEAR=2026&PRE_JG_YEAR=2026&LOAD_TYPE=single,2026학년도 방학초 학교교육과정 편성·운영·평가 계획.hwp,https://www.schoolinfo.go.kr/ei/pp/Pneipp_b73_s0p.do?GS_HANGMOK_CD=73&GS_HANGMOK_NO=15-%EB%9D%BC&GS_HANGMOK_NM=%EB%B0%A9%EA%B3%BC%ED%9B%84%ED%95%99%EA%B5%90+%EC%9A%B4%EC%98%81+%EA%B3%84%ED%9A%8D+%EB%B0%8F+%EC%9A%B4%EC%98%81%E3%86%8D%EC%A7%80%EC%9B%90%ED%98%84%ED%99%A9&GS_BURYU_CD=JG130&JG_BURYU_CD=JG150&JG_HANGMOK_CD=59&JG_GUBUN=1&JG_YEAR2=2026&HG_NM=%EC%84%9C%EC%9A%B8%EB%B0%A9%ED%95%99%EC%B4%88%EB%93%B1%ED%95%99%EA%B5%90&SHL_IDF_CD=7cc7057e-c1a0-4f4c-b390-2970c4fc89da&GS_TYPE=Y&JG_YEAR=2026&SORT=BR&CHOSEN_JG_YEAR=2026&PRE_JG_YEAR=2026&LOAD_TYPE=single,(방학초) 2026학년도 돌봄교실 운영 계획(안).hwpx / (방학초) 2026학년도 방과후 프로그램 운영 계획(안).hwp,,,,,,,,,,
wave2_seoul,B000002026,서울창도초등학교,서울특별시,2-가 문서에서 시정표를 찾지 못함(요약본이거나 표가 이미지일 수 있음),,https://www.schoolinfo.go.kr/ei/ss/Pneiss_b01_s0.do?SHL_IDF_CD=55e03ffa-c830-4d13-9bdf-75b5f123a0f5,https://www.schoolinfo.go.kr/ei/pp/Pneipp_b14_s0p.do?GS_HANGMOK_CD=14&GS_HANGMOK_NO=2-%EA%B0%80&GS_HANGMOK_NM=%ED%95%99%EA%B5%90%EA%B5%90%EC%9C%A1%EA%B3%BC%EC%A0%95+%ED%8E%B8%EC%84%B1%E3%86%8D%EC%9A%B4%EC%98%81+%EB%B0%8F+%ED%8F%89%EA%B0%80%EC%97%90+%EA%B4%80%ED%95%9C+%EC%82%AC%ED%95%AD&GS_BURYU_CD=JG100&JG_BURYU_CD=JG020&JG_HANGMOK_CD=05&JG_GUBUN=1&JG_YEAR2=2026&HG_NM=%EC%84%9C%EC%9A%B8%EC%B0%BD%EB%8F%84%EC%B4%88%EB%93%B1%ED%95%99%EA%B5%90&SHL_IDF_CD=55e03ffa-c830-4d13-9bdf-75b5f123a0f5&GS_TYPE=Y&JG_YEAR=2026&SORT=BR&CHOSEN_JG_YEAR=2026&PRE_JG_YEAR=2026&LOAD_TYPE=single,2026학년도 창도초 연간학사일정.hwpx / 2026학년도 창도초 학교교육과정 편성운영평가 계획.hwp,https://www.schoolinfo.go.kr/ei/pp/Pneipp_b73_s0p.do?GS_HANGMOK_CD=73&GS_HANGMOK_NO=15-%EB%9D%BC&GS_HANGMOK_NM=%EB%B0%A9%EA%B3%BC%ED%9B%84%ED%95%99%EA%B5%90+%EC%9A%B4%EC%98%81+%EA%B3%84%ED%9A%8D+%EB%B0%8F+%EC%9A%B4%EC%98%81%E3%86%8D%EC%A7%80%EC%9B%90%ED%98%84%ED%99%A9&GS_BURYU_CD=JG130&JG_BURYU_CD=JG150&JG_HANGMOK_CD=59&JG_GUBUN=1&JG_YEAR2=2026&HG_NM=%EC%84%9C%EC%9A%B8%EC%B0%BD%EB%8F%84%EC%B4%88%EB%93%B1%ED%95%99%EA%B5%90&SHL_IDF_CD=55e03ffa-c830-4d13-9bdf-75b5f123a0f5&GS_TYPE=Y&JG_YEAR=2026&SORT=BR&CHOSEN_JG_YEAR=2026&PRE_JG_YEAR=2026&LOAD_TYPE=single,2026학년도 초등돌봄교실 운영 계획(0225).hwp / 2026학년도 방과후·맞춤형교실 연간 운영 계획(0415).hwp,,,,,,,,,,
wave2_seoul,B000002029,서울백운초등학교,서울특별시,2-가 문서에서 시정표를 찾지 못함(요약본이거나 표가 이미지일 수 있음),,https://www.schoolinfo.go.kr/ei/ss/Pneiss_b01_s0.do?SHL_IDF_CD=3a52ca0e-a891-4e41-9342-321da1e23eea,https://www.schoolinfo.go.kr/ei/pp/Pneipp_b14_s0p.do?GS_HANGMOK_CD=14&GS_HANGMOK_NO=2-%EA%B0%80&GS_HANGMOK_NM=%ED%95%99%EA%B5%90%EA%B5%90%EC%9C%A1%EA%B3%BC%EC%A0%95+%ED%8E%B8%EC%84%B1%E3%86%8D%EC%9A%B4%EC%98%81+%EB%B0%8F+%ED%8F%89%EA%B0%80%EC%97%90+%EA%B4%80%ED%95%9C+%EC%82%AC%ED%95%AD&GS_BURYU_CD=JG100&JG_BURYU_CD=JG020&JG_HANGMOK_CD=05&JG_GUBUN=1&JG_YEAR2=2026&HG_NM=%EC%84%9C%EC%9A%B8%EB%B0%B1%EC%9A%B4%EC%B4%88%EB%93%B1%ED%95%99%EA%B5%90&SHL_IDF_CD=3a52ca0e-a891-4e41-9342-321da1e23eea&GS_TYPE=Y&JG_YEAR=2026&SORT=BR&CHOSEN_JG_YEAR=2026&PRE_JG_YEAR=2026&LOAD_TYPE=single,2026학년도 백운초 학교교육과정 편성 운영 평가 계획.pdf,https://www.schoolinfo.go.kr/ei/pp/Pneipp_b73_s0p.do?GS_HANGMOK_CD=73&GS_HANGMOK_NO=15-%EB%9D%BC&GS_HANGMOK_NM=%EB%B0%A9%EA%B3%BC%ED%9B%84%ED%95%99%EA%B5%90+%EC%9A%B4%EC%98%81+%EA%B3%84%ED%9A%8D+%EB%B0%8F+%EC%9A%B4%EC%98%81%E3%86%8D%EC%A7%80%EC%9B%90%ED%98%84%ED%99%A9&GS_BURYU_CD=JG130&JG_BURYU_CD=JG150&JG_HANGMOK_CD=59&JG_GUBUN=1&JG_YEAR2=2026&HG_NM=%EC%84%9C%EC%9A%B8%EB%B0%B1%EC%9A%B4%EC%B4%88%EB%93%B1%ED%95%99%EA%B5%90&SHL_IDF_CD=3a52ca0e-a891-4e41-9342-321da1e23eea&GS_TYPE=Y&JG_YEAR=2026&SORT=BR&CHOSEN_JG_YEAR=2026&PRE_JG_YEAR=2026&LOAD_TYPE=single,2025 선택형교육 지원금 정산내역.pdf / 2025 방과후 수익자부담 정산 내역.pdf / 2026학년도 초등돌봄교실 운영 현황(2026. 4. 30.).pdf / 2026학년도 방과후교실 운영 현황(2026. 4. 30.).pdf / 2026학년도 돌봄교실 운영계획(안).pdf / 2026학년도 방과후·맞춤형교실 연간 운영(위탁) 계획.pdf,,,,,,,,,,
wave2_seoul,B000002031,서울자운초등학교,서울특별시,2-가 문서에서 시정표를 찾지 못함(요약본이거나 표가 이미지일 수 있음),,https://www.schoolinfo.go.kr/ei/ss/Pneiss_b01_s0.do?SHL_IDF_CD=394c4a9a-5a2e-41e7-8ca0-577e017284c8,https://www.schoolinfo.go.kr/ei/pp/Pneipp_b14_s0p.do?GS_HANGMOK_CD=14&GS_HANGMOK_NO=2-%EA%B0%80&GS_HANGMOK_NM=%ED%95%99%EA%B5%90%EA%B5%90%EC%9C%A1%EA%B3%BC%EC%A0%95+%ED%8E%B8%EC%84%B1%E3%86%8D%EC%9A%B4%EC%98%81+%EB%B0%8F+%ED%8F%89%EA%B0%80%EC%97%90+%EA%B4%80%ED%95%9C+%EC%82%AC%ED%95%AD&GS_BURYU_CD=JG100&JG_BURYU_CD=JG020&JG_HANGMOK_CD=05&JG_GUBUN=1&JG_YEAR2=2026&HG_NM=%EC%84%9C%EC%9A%B8%EC%9E%90%EC%9A%B4%EC%B4%88%EB%93%B1%ED%95%99%EA%B5%90&SHL_IDF_CD=394c4a9a-5a2e-41e7-8ca0-577e017284c8&GS_TYPE=Y&JG_YEAR=2026&SORT=BR&CHOSEN_JG_YEAR=2026&PRE_JG_YEAR=2026&LOAD_TYPE=single,2-가 학교교육과정 편성·운영·평가에 관한 사항.pdf,https://www.schoolinfo.go.kr/ei/pp/Pneipp_b73_s0p.do?GS_HANGMOK_CD=73&GS_HANGMOK_NO=15-%EB%9D%BC&GS_HANGMOK_NM=%EB%B0%A9%EA%B3%BC%ED%9B%84%ED%95%99%EA%B5%90+%EC%9A%B4%EC%98%81+%EA%B3%84%ED%9A%8D+%EB%B0%8F+%EC%9A%B4%EC%98%81%E3%86%8D%EC%A7%80%EC%9B%90%ED%98%84%ED%99%A9&GS_BURYU_CD=JG130&JG_BURYU_CD=JG150&JG_HANGMOK_CD=59&JG_GUBUN=1&JG_YEAR2=2026&HG_NM=%EC%84%9C%EC%9A%B8%EC%9E%90%EC%9A%B4%EC%B4%88%EB%93%B1%ED%95%99%EA%B5%90&SHL_IDF_CD=394c4a9a-5a2e-41e7-8ca0-577e017284c8&GS_TYPE=Y&JG_YEAR=2026&SORT=BR&CHOSEN_JG_YEAR=2026&PRE_JG_YEAR=2026&LOAD_TYPE=single,2026학년도 서울자운초등학교 방과후학교 운영 계획.hwp / 2026학년도 서울자운초 초등돌봄교실 운영 계획.hwp,,,,,,,,,,
wave2_seoul,B000002035,서울창일초등학교,서울특별시,2-가 문서에서 시정표를 찾지 못함(요약본이거나 표가 이미지일 수 있음),,https://www.schoolinfo.go.kr/ei/ss/Pneiss_b01_s0.do?SHL_IDF_CD=f06f2cba-83be-467e-abdb-bd62963a55b2,https://www.schoolinfo.go.kr/ei/pp/Pneipp_b14_s0p.do?GS_HANGMOK_CD=14&GS_HANGMOK_NO=2-%EA%B0%80&GS_HANGMOK_NM=%ED%95%99%EA%B5%90%EA%B5%90%EC%9C%A1%EA%B3%BC%EC%A0%95+%ED%8E%B8%EC%84%B1%E3%86%8D%EC%9A%B4%EC%98%81+%EB%B0%8F+%ED%8F%89%EA%B0%80%EC%97%90+%EA%B4%80%ED%95%9C+%EC%82%AC%ED%95%AD&GS_BURYU_CD=JG100&JG_BURYU_CD=JG020&JG_HANGMOK_CD=05&JG_GUBUN=1&JG_YEAR2=2026&HG_NM=%EC%84%9C%EC%9A%B8%EC%B0%BD%EC%9D%BC%EC%B4%88%EB%93%B1%ED%95%99%EA%B5%90&SHL_IDF_CD=f06f2cba-83be-467e-abdb-bd62963a55b2&GS_TYPE=Y&JG_YEAR=2026&SORT=BR&CHOSEN_JG_YEAR=2026&PRE_JG_YEAR=2026&LOAD_TYPE=single,2-가 학교교육과정 편성 및 운영 평가에 관한 사항.hwp / 2-가 연간학사일정.hwp,https://www.schoolinfo.go.kr/ei/pp/Pneipp_b73_s0p.do?GS_HANGMOK_CD=73&GS_HANGMOK_NO=15-%EB%9D%BC&GS_HANGMOK_NM=%EB%B0%A9%EA%B3%BC%ED%9B%84%ED%95%99%EA%B5%90+%EC%9A%B4%EC%98%81+%EA%B3%84%ED%9A%8D+%EB%B0%8F+%EC%9A%B4%EC%98%81%E3%86%8D%EC%A7%80%EC%9B%90%ED%98%84%ED%99%A9&GS_BURYU_CD=JG130&JG_BURYU_CD=JG150&JG_HANGMOK_CD=59&JG_GUBUN=1&JG_YEAR2=2026&HG_NM=%EC%84%9C%EC%9A%B8%EC%B0%BD%EC%9D%BC%EC%B4%88%EB%93%B1%ED%95%99%EA%B5%90&SHL_IDF_CD=f06f2cba-83be-467e-abdb-bd62963a55b2&GS_TYPE=Y&JG_YEAR=2026&SORT=BR&CHOSEN_JG_YEAR=2026&PRE_JG_YEAR=2026&LOAD_TYPE=single,"(서울창일초등학교-1132 (첨부)) (학운위)2026학년도 돌봄교실 운영계획안.hwp / 창일초 2026학년도 방과후,맞춤형 프로그램 운영 계획 수정(안).hwp",,,,,,,,,,
wave2_seoul,B000002036,서울신창초등학교,서울특별시,2-가 문서에서 시정표를 찾지 못함(요약본이거나 표가 이미지일 수 있음),15-라 계획에 1학년 오후돌봄 종료 시각이 없음,https://www.schoolinfo.go.kr/ei/ss/Pneiss_b01_s0.do?SHL_IDF_CD=ea732e0e-4002-465e-bc68-e602c2405d34,https://www.schoolinfo.go.kr/ei/pp/Pneipp_b14_s0p.do?GS_HANGMOK_CD=14&GS_HANGMOK_NO=2-%EA%B0%80&GS_HANGMOK_NM=%ED%95%99%EA%B5%90%EA%B5%90%EC%9C%A1%EA%B3%BC%EC%A0%95+%ED%8E%B8%EC%84%B1%E3%86%8D%EC%9A%B4%EC%98%81+%EB%B0%8F+%ED%8F%89%EA%B0%80%EC%97%90+%EA%B4%80%ED%95%9C+%EC%82%AC%ED%95%AD&GS_BURYU_CD=JG100&JG_BURYU_CD=JG020&JG_HANGMOK_CD=05&JG_GUBUN=1&JG_YEAR2=2026&HG_NM=%EC%84%9C%EC%9A%B8%EC%8B%A0%EC%B0%BD%EC%B4%88%EB%93%B1%ED%95%99%EA%B5%90&SHL_IDF_CD=ea732e0e-4002-465e-bc68-e602c2405d34&GS_TYPE=Y&JG_YEAR=2026&SORT=BR&CHOSEN_JG_YEAR=2026&PRE_JG_YEAR=2026&LOAD_TYPE=single,2026학년도 신창초 학교 교육과정 편성 운영 및 평가에 관한 사항.hwpx,https://www.schoolinfo.go.kr/ei/pp/Pneipp_b73_s0p.do?GS_HANGMOK_CD=73&GS_HANGMOK_NO=15-%EB%9D%BC&GS_HANGMOK_NM=%EB%B0%A9%EA%B3%BC%ED%9B%84%ED%95%99%EA%B5%90+%EC%9A%B4%EC%98%81+%EA%B3%84%ED%9A%8D+%EB%B0%8F+%EC%9A%B4%EC%98%81%E3%86%8D%EC%A7%80%EC%9B%90%ED%98%84%ED%99%A9&GS_BURYU_CD=JG130&JG_BURYU_CD=JG150&JG_HANGMOK_CD=59&JG_GUBUN=1&JG_YEAR2=2026&HG_NM=%EC%84%9C%EC%9A%B8%EC%8B%A0%EC%B0%BD%EC%B4%88%EB%93%B1%ED%95%99%EA%B5%90&SHL_IDF_CD=ea732e0e-4002-465e-bc68-e602c2405d34&GS_TYPE=Y&JG_YEAR=2026&SORT=BR&CHOSEN_JG_YEAR=2026&PRE_JG_YEAR=2026&LOAD_TYPE=single,2026학년도 방과후 돌봄(늘봄학교)연간운영계획(안).hwp,,,,,,,,,,
wave2_seoul,B000002037,서울신화초등학교,서울특별시,2-가 문서에서 시정표를 찾지 못함(요약본이거나 표가 이미지일 수 있음),15-라 계획에 1학년 오후돌봄 종료 시각이 없음,https://www.schoolinfo.go.kr/ei/ss/Pneiss_b01_s0.do?SHL_IDF_CD=fea0f687-71f3-42e0-a358-fd391ca5965f,https://www.schoolinfo.go.kr/ei/pp/Pneipp_b14_s0p.do?GS_HANGMOK_CD=14&GS_HANGMOK_NO=2-%EA%B0%80&GS_HANGMOK_NM=%ED%95%99%EA%B5%90%EA%B5%90%EC%9C%A1%EA%B3%BC%EC%A0%95+%ED%8E%B8%EC%84%B1%E3%86%8D%EC%9A%B4%EC%98%81+%EB%B0%8F+%ED%8F%89%EA%B0%80%EC%97%90+%EA%B4%80%ED%95%9C+%EC%82%AC%ED%95%AD&GS_BURYU_CD=JG100&JG_BURYU_CD=JG020&JG_HANGMOK_CD=05&JG_GUBUN=1&JG_YEAR2=2026&HG_NM=%EC%84%9C%EC%9A%B8%EC%8B%A0%ED%99%94%EC%B4%88%EB%93%B1%ED%95%99%EA%B5%90&SHL_IDF_CD=fea0f687-71f3-42e0-a358-fd391ca5965f&GS_TYPE=Y&JG_YEAR=2026&SORT=BR&CHOSEN_JG_YEAR=2026&PRE_JG_YEAR=2026&LOAD_TYPE=single,2026학년도 신화초 학교교육과정 편성·운영 및 평가에 관한 사항.hwp,https://www.schoolinfo.go.kr/ei/pp/Pneipp_b73_s0p.do?GS_HANGMOK_CD=73&GS_HANGMOK_NO=15-%EB%9D%BC&GS_HANGMOK_NM=%EB%B0%A9%EA%B3%BC%ED%9B%84%ED%95%99%EA%B5%90+%EC%9A%B4%EC%98%81+%EA%B3%84%ED%9A%8D+%EB%B0%8F+%EC%9A%B4%EC%98%81%E3%86%8D%EC%A7%80%EC%9B%90%ED%98%84%ED%99%A9&GS_BURYU_CD=JG130&JG_BURYU_CD=JG150&JG_HANGMOK_CD=59&JG_GUBUN=1&JG_YEAR2=2026&HG_NM=%EC%84%9C%EC%9A%B8%EC%8B%A0%ED%99%94%EC%B4%88%EB%93%B1%ED%95%99%EA%B5%90&SHL_IDF_CD=fea0f687-71f3-42e0-a358-fd391ca5965f&GS_TYPE=Y&JG_YEAR=2026&SORT=BR&CHOSEN_JG_YEAR=2026&PRE_JG_YEAR=2026&LOAD_TYPE=single,2026학년도 서울신화초등학교 방과후교실 연간 운영 계획.hwp,,,,,,,,,,
wave2_seoul,B000002038,동북초등학교,서울특별시,2-가 문서에서 시정표를 찾지 못함(요약본이거나 표가 이미지일 수 있음),,https://www.schoolinfo.go.kr/ei/ss/Pneiss_b01_s0.do?SHL_IDF_CD=d8ff5bf9-fd69-4436-8c39-587460a90fcf,https://www.schoolinfo.go.kr/ei/pp/Pneipp_b14_s0p.do?GS_HANGMOK_CD=14&GS_HANGMOK_NO=2-%EA%B0%80&GS_HANGMOK_NM=%ED%95%99%EA%B5%90%EA%B5%90%EC%9C%A1%EA%B3%BC%EC%A0%95+%ED%8E%B8%EC%84%B1%E3%86%8D%EC%9A%B4%EC%98%81+%EB%B0%8F+%ED%8F%89%EA%B0%80%EC%97%90+%EA%B4%80%ED%95%9C+%EC%82%AC%ED%95%AD&GS_BURYU_CD=JG100&JG_BURYU_CD=JG020&JG_HANGMOK_CD=05&JG_GUBUN=1&JG_YEAR2=2026&HG_NM=%EB%8F%99%EB%B6%81%EC%B4%88%EB%93%B1%ED%95%99%EA%B5%90&SHL_IDF_CD=d8ff5bf9-fd69-4436-8c39-587460a90fcf&GS_TYPE=Y&JG_YEAR=2026&SORT=BR&CHOSEN_JG_YEAR=2026&PRE_JG_YEAR=2026&LOAD_TYPE=single,2026학년도 동북초등학교 교육과정 편성 운영.pdf,https://www.schoolinfo.go.kr/ei/pp/Pneipp_b73_s0p.do?GS_HANGMOK_CD=73&GS_HANGMOK_NO=15-%EB%9D%BC&GS_HANGMOK_NM=%EB%B0%A9%EA%B3%BC%ED%9B%84%ED%95%99%EA%B5%90+%EC%9A%B4%EC%98%81+%EA%B3%84%ED%9A%8D+%EB%B0%8F+%EC%9A%B4%EC%98%81%E3%86%8D%EC%A7%80%EC%9B%90%ED%98%84%ED%99%A9&GS_BURYU_CD=JG130&JG_BURYU_CD=JG150&JG_HANGMOK_CD=59&JG_GUBUN=1&JG_YEAR2=2026&HG_NM=%EB%8F%99%EB%B6%81%EC%B4%88%EB%93%B1%ED%95%99%EA%B5%90&SHL_IDF_CD=d8ff5bf9-fd69-4436-8c39-587460a90fcf&GS_TYPE=Y&JG_YEAR=2026&SORT=BR&CHOSEN_JG_YEAR=2026&PRE_JG_YEAR=2026&LOAD_TYPE=single,(동북초) 2026 방과후운영계획.pdf / (동북초) 2026 돌봄교실운영계획.pdf,,,,,,,,,,
wave2_seoul,B000002039,한신초등학교,서울특별시,2-가 문서에서 시정표를 찾지 못함(요약본이거나 표가 이미지일 수 있음),15-라 계획에 1학년 오후돌봄 종료 시각이 없음,https://www.schoolinfo.go.kr/ei/ss/Pneiss_b01_s0.do?SHL_IDF_CD=d1221895-1e27-466c-95db-fab495887712,https://www.schoolinfo.go.kr/ei/pp/Pneipp_b14_s0p.do?GS_HANGMOK_CD=14&GS_HANGMOK_NO=2-%EA%B0%80&GS_HANGMOK_NM=%ED%95%99%EA%B5%90%EA%B5%90%EC%9C%A1%EA%B3%BC%EC%A0%95+%ED%8E%B8%EC%84%B1%E3%86%8D%EC%9A%B4%EC%98%81+%EB%B0%8F+%ED%8F%89%EA%B0%80%EC%97%90+%EA%B4%80%ED%95%9C+%EC%82%AC%ED%95%AD&GS_BURYU_CD=JG100&JG_BURYU_CD=JG020&JG_HANGMOK_CD=05&JG_GUBUN=1&JG_YEAR2=2026&HG_NM=%ED%95%9C%EC%8B%A0%EC%B4%88%EB%93%B1%ED%95%99%EA%B5%90&SHL_IDF_CD=d1221895-1e27-466c-95db-fab495887712&GS_TYPE=Y&JG_YEAR=2026&SORT=BR&CHOSEN_JG_YEAR=2026&PRE_JG_YEAR=2026&LOAD_TYPE=single,연간학사일정(2026).hwpx / 학교교육과정 편성 운영 평가계획(2026).hwpx,https://www.schoolinfo.go.kr/ei/pp/Pneipp_b73_s0p.do?GS_HANGMOK_CD=73&GS_HANGMOK_NO=15-%EB%9D%BC&GS_HANGMOK_NM=%EB%B0%A9%EA%B3%BC%ED%9B%84%ED%95%99%EA%B5%90+%EC%9A%B4%EC%98%81+%EA%B3%84%ED%9A%8D+%EB%B0%8F+%EC%9A%B4%EC%98%81%E3%86%8D%EC%A7%80%EC%9B%90%ED%98%84%ED%99%A9&GS_BURYU_CD=JG130&JG_BURYU_CD=JG150&JG_HANGMOK_CD=59&JG_GUBUN=1&JG_YEAR2=2026&HG_NM=%ED%95%9C%EC%8B%A0%EC%B4%88%EB%93%B1%ED%95%99%EA%B5%90&SHL_IDF_CD=d1221895-1e27-466c-95db-fab495887712&GS_TYPE=Y&JG_YEAR=2026&SORT=BR&CHOSEN_JG_YEAR=2026&PRE_JG_YEAR=2026&LOAD_TYPE=single,2026학년도 방과후·돌봄 운영계획서(한신초) - 에듀파인 업로드 2월 말.hwp,,,,,,,,,,
wave2_seoul,B000002041,서울녹천초등학교,서울특별시,시정표 제목만 있고 표 글자가 없음(이미지 표 가능),15-라 계획에 1학년 오후돌봄 종료 시각이 없음,https://www.schoolinfo.go.kr/ei/ss/Pneiss_b01_s0.do?SHL_IDF_CD=653d4e90-3e80-417b-be88-dd0ae8e192d6,https://www.schoolinfo.go.kr/ei/pp/Pneipp_b14_s0p.do?GS_HANGMOK_CD=14&GS_HANGMOK_NO=2-%EA%B0%80&GS_HANGMOK_NM=%ED%95%99%EA%B5%90%EA%B5%90%EC%9C%A1%EA%B3%BC%EC%A0%95+%ED%8E%B8%EC%84%B1%E3%86%8D%EC%9A%B4%EC%98%81+%EB%B0%8F+%ED%8F%89%EA%B0%80%EC%97%90+%EA%B4%80%ED%95%9C+%EC%82%AC%ED%95%AD&GS_BURYU_CD=JG100&JG_BURYU_CD=JG020&JG_HANGMOK_CD=05&JG_GUBUN=1&JG_YEAR2=2026&HG_NM=%EC%84%9C%EC%9A%B8%EB%85%B9%EC%B2%9C%EC%B4%88%EB%93%B1%ED%95%99%EA%B5%90&SHL_IDF_CD=653d4e90-3e80-417b-be88-dd0ae8e192d6&GS_TYPE=Y&JG_YEAR=2026&SORT=BR&CHOSEN_JG_YEAR=2026&PRE_JG_YEAR=2026&LOAD_TYPE=single,2026학년도 서울녹천초 1학기 교수학습 및 평가계획.hwpx / 2026학년도 녹천초 학교교육과정 편성 및 운영 계획 .hwpx / 2026학년도 녹천초 연간 학사 일정 .hwpx,https://www.schoolinfo.go.kr/ei/pp/Pneipp_b73_s0p.do?GS_HANGMOK_CD=73&GS_HANGMOK_NO=15-%EB%9D%BC&GS_HANGMOK_NM=%EB%B0%A9%EA%B3%BC%ED%9B%84%ED%95%99%EA%B5%90+%EC%9A%B4%EC%98%81+%EA%B3%84%ED%9A%8D+%EB%B0%8F+%EC%9A%B4%EC%98%81%E3%86%8D%EC%A7%80%EC%9B%90%ED%98%84%ED%99%A9&GS_BURYU_CD=JG130&JG_BURYU_CD=JG150&JG_HANGMOK_CD=59&JG_GUBUN=1&JG_YEAR2=2026&HG_NM=%EC%84%9C%EC%9A%B8%EB%85%B9%EC%B2%9C%EC%B4%88%EB%93%B1%ED%95%99%EA%B5%90&SHL_IDF_CD=653d4e90-3e80-417b-be88-dd0ae8e192d6&GS_TYPE=Y&JG_YEAR=2026&SORT=BR&CHOSEN_JG_YEAR=2026&PRE_JG_YEAR=2026&LOAD_TYPE=single,(서울녹천초)2026학년도 맞춤형.방과후교실 운영 계획 1부.pdf,,,,,,,,,,
wave2_seoul,B000002042,서울덕암초등학교,서울특별시,2-가 문서에서 시정표를 찾지 못함(요약본이거나 표가 이미지일 수 있음),15-라 계획에 1학년 오후돌봄 종료 시각이 없음,https://www.schoolinfo.go.kr/ei/ss/Pneiss_b01_s0.do?SHL_IDF_CD=51b4238d-d3e1-4201-98ef-eeab97c1ba99,https://www.schoolinfo.go.kr/ei/pp/Pneipp_b14_s0p.do?GS_HANGMOK_CD=14&GS_HANGMOK_NO=2-%EA%B0%80&GS_HANGMOK_NM=%ED%95%99%EA%B5%90%EA%B5%90%EC%9C%A1%EA%B3%BC%EC%A0%95+%ED%8E%B8%EC%84%B1%E3%86%8D%EC%9A%B4%EC%98%81+%EB%B0%8F+%ED%8F%89%EA%B0%80%EC%97%90+%EA%B4%80%ED%95%9C+%EC%82%AC%ED%95%AD&GS_BURYU_CD=JG100&JG_BURYU_CD=JG020&JG_HANGMOK_CD=05&JG_GUBUN=1&JG_YEAR2=2026&HG_NM=%EC%84%9C%EC%9A%B8%EB%8D%95%EC%95%94%EC%B4%88%EB%93%B1%ED%95%99%EA%B5%90&SHL_IDF_CD=51b4238d-d3e1-4201-98ef-eeab97c1ba99&GS_TYPE=Y&JG_YEAR=2026&SORT=BR&CHOSEN_JG_YEAR=2026&PRE_JG_YEAR=2026&LOAD_TYPE=single,(학운위심의안)2026학년도 학교 교육과정 편성 및 운영 계획(안).pdf,https://www.schoolinfo.go.kr/ei/pp/Pneipp_b73_s0p.do?GS_HANGMOK_CD=73&GS_HANGMOK_NO=15-%EB%9D%BC&GS_HANGMOK_NM=%EB%B0%A9%EA%B3%BC%ED%9B%84%ED%95%99%EA%B5%90+%EC%9A%B4%EC%98%81+%EA%B3%84%ED%9A%8D+%EB%B0%8F+%EC%9A%B4%EC%98%81%E3%86%8D%EC%A7%80%EC%9B%90%ED%98%84%ED%99%A9&GS_BURYU_CD=JG130&JG_BURYU_CD=JG150&JG_HANGMOK_CD=59&JG_GUBUN=1&JG_YEAR2=2026&HG_NM=%EC%84%9C%EC%9A%B8%EB%8D%95%EC%95%94%EC%B4%88%EB%93%B1%ED%95%99%EA%B5%90&SHL_IDF_CD=51b4238d-d3e1-4201-98ef-eeab97c1ba99&GS_TYPE=Y&JG_YEAR=2026&SORT=BR&CHOSEN_JG_YEAR=2026&PRE_JG_YEAR=2026&LOAD_TYPE=single,2026학년도 덕암초 방과후교실 및 맞춤형교실 운영 계획.hwp,,,,,,,,,,
wave2_seoul,B000002044,서울상원초등학교,서울특별시,,15-라 계획에 1학년 오후돌봄 종료 시각이 없음,https://www.schoolinfo.go.kr/ei/ss/Pneiss_b01_s0.do?SHL_IDF_CD=0a994008-13df-4461-9f89-df31f6dd2fe0,https://www.schoolinfo.go.kr/ei/pp/Pneipp_b14_s0p.do?GS_HANGMOK_CD=14&GS_HANGMOK_NO=2-%EA%B0%80&GS_HANGMOK_NM=%ED%95%99%EA%B5%90%EA%B5%90%EC%9C%A1%EA%B3%BC%EC%A0%95+%ED%8E%B8%EC%84%B1%E3%86%8D%EC%9A%B4%EC%98%81+%EB%B0%8F+%ED%8F%89%EA%B0%80%EC%97%90+%EA%B4%80%ED%95%9C+%EC%82%AC%ED%95%AD&GS_BURYU_CD=JG100&JG_BURYU_CD=JG020&JG_HANGMOK_CD=05&JG_GUBUN=1&JG_YEAR2=2026&HG_NM=%EC%84%9C%EC%9A%B8%EC%83%81%EC%9B%90%EC%B4%88%EB%93%B1%ED%95%99%EA%B5%90&SHL_IDF_CD=0a994008-13df-4461-9f89-df31f6dd2fe0&GS_TYPE=Y&JG_YEAR=2026&SORT=BR&CHOSEN_JG_YEAR=2026&PRE_JG_YEAR=2026&LOAD_TYPE=single,2026 학교교육과정 편성ㆍ운영 및 평가에 관한 사항.pdf,https://www.schoolinfo.go.kr/ei/pp/Pneipp_b73_s0p.do?GS_HANGMOK_CD=73&GS_HANGMOK_NO=15-%EB%9D%BC&GS_HANGMOK_NM=%EB%B0%A9%EA%B3%BC%ED%9B%84%ED%95%99%EA%B5%90+%EC%9A%B4%EC%98%81+%EA%B3%84%ED%9A%8D+%EB%B0%8F+%EC%9A%B4%EC%98%81%E3%86%8D%EC%A7%80%EC%9B%90%ED%98%84%ED%99%A9&GS_BURYU_CD=JG130&JG_BURYU_CD=JG150&JG_HANGMOK_CD=59&JG_GUBUN=1&JG_YEAR2=2026&HG_NM=%EC%84%9C%EC%9A%B8%EC%83%81%EC%9B%90%EC%B4%88%EB%93%B1%ED%95%99%EA%B5%90&SHL_IDF_CD=0a994008-13df-4461-9f89-df31f6dd2fe0&GS_TYPE=Y&JG_YEAR=2026&SORT=BR&CHOSEN_JG_YEAR=2026&PRE_JG_YEAR=2026&LOAD_TYPE=single,2026학년도 방과후학교 운영계획 및 규정.hwp,,,,,,,,,,
wave2_seoul,B000002045,서울불암초등학교,서울특별시,2-가 문서에서 시정표를 찾지 못함(요약본이거나 표가 이미지일 수 있음),,https://www.schoolinfo.go.kr/ei/ss/Pneiss_b01_s0.do?SHL_IDF_CD=9c52bad6-4f4d-4981-a6e6-9d4d09fb029a,https://www.schoolinfo.go.kr/ei/pp/Pneipp_b14_s0p.do?GS_HANGMOK_CD=14&GS_HANGMOK_NO=2-%EA%B0%80&GS_HANGMOK_NM=%ED%95%99%EA%B5%90%EA%B5%90%EC%9C%A1%EA%B3%BC%EC%A0%95+%ED%8E%B8%EC%84%B1%E3%86%8D%EC%9A%B4%EC%98%81+%EB%B0%8F+%ED%8F%89%EA%B0%80%EC%97%90+%EA%B4%80%ED%95%9C+%EC%82%AC%ED%95%AD&GS_BURYU_CD=JG100&JG_BURYU_CD=JG020&JG_HANGMOK_CD=05&JG_GUBUN=1&JG_YEAR2=2026&HG_NM=%EC%84%9C%EC%9A%B8%EB%B6%88%EC%95%94%EC%B4%88%EB%93%B1%ED%95%99%EA%B5%90&SHL_IDF_CD=9c52bad6-4f4d-4981-a6e6-9d4d09fb029a&GS_TYPE=Y&JG_YEAR=2026&SORT=BR&CHOSEN_JG_YEAR=2026&PRE_JG_YEAR=2026&LOAD_TYPE=single,2026 학교교육과정 편성 운영 및 평가에 관한 사항.hwpx,https://www.schoolinfo.go.kr/ei/pp/Pneipp_b73_s0p.do?GS_HANGMOK_CD=73&GS_HANGMOK_NO=15-%EB%9D%BC&GS_HANGMOK_NM=%EB%B0%A9%EA%B3%BC%ED%9B%84%ED%95%99%EA%B5%90+%EC%9A%B4%EC%98%81+%EA%B3%84%ED%9A%8D+%EB%B0%8F+%EC%9A%B4%EC%98%81%E3%86%8D%EC%A7%80%EC%9B%90%ED%98%84%ED%99%A9&GS_BURYU_CD=JG130&JG_BURYU_CD=JG150&JG_HANGMOK_CD=59&JG_GUBUN=1&JG_YEAR2=2026&HG_NM=%EC%84%9C%EC%9A%B8%EB%B6%88%EC%95%94%EC%B4%88%EB%93%B1%ED%95%99%EA%B5%90&SHL_IDF_CD=9c52bad6-4f4d-4981-a6e6-9d4d09fb029a&GS_TYPE=Y&JG_YEAR=2026&SORT=BR&CHOSEN_JG_YEAR=2026&PRE_JG_YEAR=2026&LOAD_TYPE=single,(정보공시)2025학년도 늘봄방과후학교 자유수강권 지원 실적.xlsx / 2026학년도 방과후.맞춤형교실 연간 운영.pdf / 2026학년도 돌봄교실 연간운영 계획.pdf,,,,,,,,,,
wave2_seoul,B000002046,서울수암초등학교,서울특별시,시정표 제목만 있고 표 글자가 없음(이미지 표 가능),,https://www.schoolinfo.go.kr/ei/ss/Pneiss_b01_s0.do?SHL_IDF_CD=6b882051-f362-4572-8c90-9d6a41ee3f0c,https://www.schoolinfo.go.kr/ei/pp/Pneipp_b14_s0p.do?GS_HANGMOK_CD=14&GS_HANGMOK_NO=2-%EA%B0%80&GS_HANGMOK_NM=%ED%95%99%EA%B5%90%EA%B5%90%EC%9C%A1%EA%B3%BC%EC%A0%95+%ED%8E%B8%EC%84%B1%E3%86%8D%EC%9A%B4%EC%98%81+%EB%B0%8F+%ED%8F%89%EA%B0%80%EC%97%90+%EA%B4%80%ED%95%9C+%EC%82%AC%ED%95%AD&GS_BURYU_CD=JG100&JG_BURYU_CD=JG020&JG_HANGMOK_CD=05&JG_GUBUN=1&JG_YEAR2=2026&HG_NM=%EC%84%9C%EC%9A%B8%EC%88%98%EC%95%94%EC%B4%88%EB%93%B1%ED%95%99%EA%B5%90&SHL_IDF_CD=6b882051-f362-4572-8c90-9d6a41ee3f0c&GS_TYPE=Y&JG_YEAR=2026&SORT=BR&CHOSEN_JG_YEAR=2026&PRE_JG_YEAR=2026&LOAD_TYPE=single,2-가. 학교교육과정 편성운영 및 평가에 관한 사항.hwpx,https://www.schoolinfo.go.kr/ei/pp/Pneipp_b73_s0p.do?GS_HANGMOK_CD=73&GS_HANGMOK_NO=15-%EB%9D%BC&GS_HANGMOK_NM=%EB%B0%A9%EA%B3%BC%ED%9B%84%ED%95%99%EA%B5%90+%EC%9A%B4%EC%98%81+%EA%B3%84%ED%9A%8D+%EB%B0%8F+%EC%9A%B4%EC%98%81%E3%86%8D%EC%A7%80%EC%9B%90%ED%98%84%ED%99%A9&GS_BURYU_CD=JG130&JG_BURYU_CD=JG150&JG_HANGMOK_CD=59&JG_GUBUN=1&JG_YEAR2=2026&HG_NM=%EC%84%9C%EC%9A%B8%EC%88%98%EC%95%94%EC%B4%88%EB%93%B1%ED%95%99%EA%B5%90&SHL_IDF_CD=6b882051-f362-4572-8c90-9d6a41ee3f0c&GS_TYPE=Y&JG_YEAR=2026&SORT=BR&CHOSEN_JG_YEAR=2026&PRE_JG_YEAR=2026&LOAD_TYPE=single,2026학년도 수암돌봄교실 연간 운영 계획.hwp / 2026학년도 방과후.맞춤형 프로그램 연간운영계획.hwp,,,,,,,,,,
wave2_seoul,B000002047,서울중계초등학교,서울특별시,2-가 문서에서 시정표를 찾지 못함(요약본이거나 표가 이미지일 수 있음),,https://www.schoolinfo.go.kr/ei/ss/Pneiss_b01_s0.do?SHL_IDF_CD=cc10fa54-32c1-4800-8f71-07f2faa8926f,https://www.schoolinfo.go.kr/ei/pp/Pneipp_b14_s0p.do?GS_HANGMOK_CD=14&GS_HANGMOK_NO=2-%EA%B0%80&GS_HANGMOK_NM=%ED%95%99%EA%B5%90%EA%B5%90%EC%9C%A1%EA%B3%BC%EC%A0%95+%ED%8E%B8%EC%84%B1%E3%86%8D%EC%9A%B4%EC%98%81+%EB%B0%8F+%ED%8F%89%EA%B0%80%EC%97%90+%EA%B4%80%ED%95%9C+%EC%82%AC%ED%95%AD&GS_BURYU_CD=JG100&JG_BURYU_CD=JG020&JG_HANGMOK_CD=05&JG_GUBUN=1&JG_YEAR2=2026&HG_NM=%EC%84%9C%EC%9A%B8%EC%A4%91%EA%B3%84%EC%B4%88%EB%93%B1%ED%95%99%EA%B5%90&SHL_IDF_CD=cc10fa54-32c1-4800-8f71-07f2faa8926f&GS_TYPE=Y&JG_YEAR=2026&SORT=BR&CHOSEN_JG_YEAR=2026&PRE_JG_YEAR=2026&LOAD_TYPE=single,"2026학년도 중계초 연간학사일정.hwp / 2026학년도 중계초 학교교육과정 편성,운영,평가 계획.hwp",https://www.schoolinfo.go.kr/ei/pp/Pneipp_b73_s0p.do?GS_HANGMOK_CD=73&GS_HANGMOK_NO=15-%EB%9D%BC&GS_HANGMOK_NM=%EB%B0%A9%EA%B3%BC%ED%9B%84%ED%95%99%EA%B5%90+%EC%9A%B4%EC%98%81+%EA%B3%84%ED%9A%8D+%EB%B0%8F+%EC%9A%B4%EC%98%81%E3%86%8D%EC%A7%80%EC%9B%90%ED%98%84%ED%99%A9&GS_BURYU_CD=JG130&JG_BURYU_CD=JG150&JG_HANGMOK_CD=59&JG_GUBUN=1&JG_YEAR2=2026&HG_NM=%EC%84%9C%EC%9A%B8%EC%A4%91%EA%B3%84%EC%B4%88%EB%93%B1%ED%95%99%EA%B5%90&SHL_IDF_CD=cc10fa54-32c1-4800-8f71-07f2faa8926f&GS_TYPE=Y&JG_YEAR=2026&SORT=BR&CHOSEN_JG_YEAR=2026&PRE_JG_YEAR=2026&LOAD_TYPE=single,2026학년도 서울중계초등학교 초등돌봄교실 운영 계획.hwp / 2026학년도 서울중계초등학교 방과후·맞춤형 교실 운영 계획.hwp,,,,,,,,,,
wave2_seoul,B000002049,서울태랑초등학교,서울특별시,2-가 문서에서 시정표를 찾지 못함(요약본이거나 표가 이미지일 수 있음),,https://www.schoolinfo.go.kr/ei/ss/Pneiss_b01_s0.do?SHL_IDF_CD=602ab7ee-dab5-489a-bf86-72c276cc8cec,https://www.schoolinfo.go.kr/ei/pp/Pneipp_b14_s0p.do?GS_HANGMOK_CD=14&GS_HANGMOK_NO=2-%EA%B0%80&GS_HANGMOK_NM=%ED%95%99%EA%B5%90%EA%B5%90%EC%9C%A1%EA%B3%BC%EC%A0%95+%ED%8E%B8%EC%84%B1%E3%86%8D%EC%9A%B4%EC%98%81+%EB%B0%8F+%ED%8F%89%EA%B0%80%EC%97%90+%EA%B4%80%ED%95%9C+%EC%82%AC%ED%95%AD&GS_BURYU_CD=JG100&JG_BURYU_CD=JG020&JG_HANGMOK_CD=05&JG_GUBUN=1&JG_YEAR2=2026&HG_NM=%EC%84%9C%EC%9A%B8%ED%83%9C%EB%9E%91%EC%B4%88%EB%93%B1%ED%95%99%EA%B5%90&SHL_IDF_CD=602ab7ee-dab5-489a-bf86-72c276cc8cec&GS_TYPE=Y&JG_YEAR=2026&SORT=BR&CHOSEN_JG_YEAR=2026&PRE_JG_YEAR=2026&LOAD_TYPE=single,2026학년도 태랑초 학교교육과정 편성·운영·평가계획.hwp,https://www.schoolinfo.go.kr/ei/pp/Pneipp_b73_s0p.do?GS_HANGMOK_CD=73&GS_HANGMOK_NO=15-%EB%9D%BC&GS_HANGMOK_NM=%EB%B0%A9%EA%B3%BC%ED%9B%84%ED%95%99%EA%B5%90+%EC%9A%B4%EC%98%81+%EA%B3%84%ED%9A%8D+%EB%B0%8F+%EC%9A%B4%EC%98%81%E3%86%8D%EC%A7%80%EC%9B%90%ED%98%84%ED%99%A9&GS_BURYU_CD=JG130&JG_BURYU_CD=JG150&JG_HANGMOK_CD=59&JG_GUBUN=1&JG_YEAR2=2026&HG_NM=%EC%84%9C%EC%9A%B8%ED%83%9C%EB%9E%91%EC%B4%88%EB%93%B1%ED%95%99%EA%B5%90&SHL_IDF_CD=602ab7ee-dab5-489a-bf86-72c276cc8cec&GS_TYPE=Y&JG_YEAR=2026&SORT=BR&CHOSEN_JG_YEAR=2026&PRE_JG_YEAR=2026&LOAD_TYPE=single,2026학년도 태랑초 방과후.돌봄 운영 계획.hwp,,,,,,,,,,
wave2_seoul,B000002050,서울태릉초등학교,서울특별시,시정표 제목만 있고 표 글자가 없음(이미지 표 가능),,https://www.schoolinfo.go.kr/ei/ss/Pneiss_b01_s0.do?SHL_IDF_CD=6135659d-76f0-4bfa-a3c2-46691436e90c,https://www.schoolinfo.go.kr/ei/pp/Pneipp_b14_s0p.do?GS_HANGMOK_CD=14&GS_HANGMOK_NO=2-%EA%B0%80&GS_HANGMOK_NM=%ED%95%99%EA%B5%90%EA%B5%90%EC%9C%A1%EA%B3%BC%EC%A0%95+%ED%8E%B8%EC%84%B1%E3%86%8D%EC%9A%B4%EC%98%81+%EB%B0%8F+%ED%8F%89%EA%B0%80%EC%97%90+%EA%B4%80%ED%95%9C+%EC%82%AC%ED%95%AD&GS_BURYU_CD=JG100&JG_BURYU_CD=JG020&JG_HANGMOK_CD=05&JG_GUBUN=1&JG_YEAR2=2026&HG_NM=%EC%84%9C%EC%9A%B8%ED%83%9C%EB%A6%89%EC%B4%88%EB%93%B1%ED%95%99%EA%B5%90&SHL_IDF_CD=6135659d-76f0-4bfa-a3c2-46691436e90c&GS_TYPE=Y&JG_YEAR=2026&SORT=BR&CHOSEN_JG_YEAR=2026&PRE_JG_YEAR=2026&LOAD_TYPE=single,2026학년도 태릉초 학교교육과정 편성·운영·평가 계획.hwp / 2026학년도 태릉초 체험학습 계획.hwp / 2026학년도 태릉초 연간학사일정.hwp,https://www.schoolinfo.go.kr/ei/pp/Pneipp_b73_s0p.do?GS_HANGMOK_CD=73&GS_HANGMOK_NO=15-%EB%9D%BC&GS_HANGMOK_NM=%EB%B0%A9%EA%B3%BC%ED%9B%84%ED%95%99%EA%B5%90+%EC%9A%B4%EC%98%81+%EA%B3%84%ED%9A%8D+%EB%B0%8F+%EC%9A%B4%EC%98%81%E3%86%8D%EC%A7%80%EC%9B%90%ED%98%84%ED%99%A9&GS_BURYU_CD=JG130&JG_BURYU_CD=JG150&JG_HANGMOK_CD=59&JG_GUBUN=1&JG_YEAR2=2026&HG_NM=%EC%84%9C%EC%9A%B8%ED%83%9C%EB%A6%89%EC%B4%88%EB%93%B1%ED%95%99%EA%B5%90&SHL_IDF_CD=6135659d-76f0-4bfa-a3c2-46691436e90c&GS_TYPE=Y&JG_YEAR=2026&SORT=BR&CHOSEN_JG_YEAR=2026&PRE_JG_YEAR=2026&LOAD_TYPE=single,2026학년도 태릉초 돌봄교실 연간 운영 계획(안).hwp / 2026학년도 태릉초 방과후학교 운영 계획(안).hwpx,,,,,,,,,,
wave2_seoul,B000002052,서울용원초등학교,서울특별시,시정표 제목만 있고 표 글자가 없음(이미지 표 가능),,https://www.schoolinfo.go.kr/ei/ss/Pneiss_b01_s0.do?SHL_IDF_CD=80902f50-cb85-42d7-8551-df593978f796,https://www.schoolinfo.go.kr/ei/pp/Pneipp_b14_s0p.do?GS_HANGMOK_CD=14&GS_HANGMOK_NO=2-%EA%B0%80&GS_HANGMOK_NM=%ED%95%99%EA%B5%90%EA%B5%90%EC%9C%A1%EA%B3%BC%EC%A0%95+%ED%8E%B8%EC%84%B1%E3%86%8D%EC%9A%B4%EC%98%81+%EB%B0%8F+%ED%8F%89%EA%B0%80%EC%97%90+%EA%B4%80%ED%95%9C+%EC%82%AC%ED%95%AD&GS_BURYU_CD=JG100&JG_BURYU_CD=JG020&JG_HANGMOK_CD=05&JG_GUBUN=1&JG_YEAR2=2026&HG_NM=%EC%84%9C%EC%9A%B8%EC%9A%A9%EC%9B%90%EC%B4%88%EB%93%B1%ED%95%99%EA%B5%90&SHL_IDF_CD=80902f50-cb85-42d7-8551-df593978f796&GS_TYPE=Y&JG_YEAR=2026&SORT=BR&CHOSEN_JG_YEAR=2026&PRE_JG_YEAR=2026&LOAD_TYPE=single,(정보공시) 2026학년도 용원초 연간학사일정.hwp / (정보공시) 2026학년도 용원초 학교교육과정 편성 운영 평가 계획.hwp,https://www.schoolinfo.go.kr/ei/pp/Pneipp_b73_s0p.do?GS_HANGMOK_CD=73&GS_HANGMOK_NO=15-%EB%9D%BC&GS_HANGMOK_NM=%EB%B0%A9%EA%B3%BC%ED%9B%84%ED%95%99%EA%B5%90+%EC%9A%B4%EC%98%81+%EA%B3%84%ED%9A%8D+%EB%B0%8F+%EC%9A%B4%EC%98%81%E3%86%8D%EC%A7%80%EC%9B%90%ED%98%84%ED%99%A9&GS_BURYU_CD=JG130&JG_BURYU_CD=JG150&JG_HANGMOK_CD=59&JG_GUBUN=1&JG_YEAR2=2026&HG_NM=%EC%84%9C%EC%9A%B8%EC%9A%A9%EC%9B%90%EC%B4%88%EB%93%B1%ED%95%99%EA%B5%90&SHL_IDF_CD=80902f50-cb85-42d7-8551-df593978f796&GS_TYPE=Y&JG_YEAR=2026&SORT=BR&CHOSEN_JG_YEAR=2026&PRE_JG_YEAR=2026&LOAD_TYPE=single,2026학년도 용원초 방과후 돌봄교실 운영계획안.hwp / 2026학년도 용원초 방과후·맞춤형 프로그램 연간운영계획(안).hwp,,,,,,,,,,
wave2_seoul,B000002053,서울공릉초등학교,서울특별시,2-가 문서에서 시정표를 찾지 못함(요약본이거나 표가 이미지일 수 있음),,https://www.schoolinfo.go.kr/ei/ss/Pneiss_b01_s0.do?SHL_IDF_CD=168b5053-ff4f-4ba1-a19c-88d79bef925e,https://www.schoolinfo.go.kr/ei/pp/Pneipp_b14_s0p.do?GS_HANGMOK_CD=14&GS_HANGMOK_NO=2-%EA%B0%80&GS_HANGMOK_NM=%ED%95%99%EA%B5%90%EA%B5%90%EC%9C%A1%EA%B3%BC%EC%A0%95+%ED%8E%B8%EC%84%B1%E3%86%8D%EC%9A%B4%EC%98%81+%EB%B0%8F+%ED%8F%89%EA%B0%80%EC%97%90+%EA%B4%80%ED%95%9C+%EC%82%AC%ED%95%AD&GS_BURYU_CD=JG100&JG_BURYU_CD=JG020&JG_HANGMOK_CD=05&JG_GUBUN=1&JG_YEAR2=2026&HG_NM=%EC%84%9C%EC%9A%B8%EA%B3%B5%EB%A6%89%EC%B4%88%EB%93%B1%ED%95%99%EA%B5%90&SHL_IDF_CD=168b5053-ff4f-4ba1-a19c-88d79bef925e&GS_TYPE=Y&JG_YEAR=2026&SORT=BR&CHOSEN_JG_YEAR=2026&PRE_JG_YEAR=2026&LOAD_TYPE=single,2026학년도 학교교육계획(안) 학교운영위원회 심의 자료 1부.hwp,https://www.schoolinfo.go.kr/ei/pp/Pneipp_b73_s0p.do?GS_HANGMOK_CD=73&GS_HANGMOK_NO=15-%EB%9D%BC&GS_HANGMOK_NM=%EB%B0%A9%EA%B3%BC%ED%9B%84%ED%95%99%EA%B5%90+%EC%9A%B4%EC%98%81+%EA%B3%84%ED%9A%8D+%EB%B0%8F+%EC%9A%B4%EC%98%81%E3%86%8D%EC%A7%80%EC%9B%90%ED%98%84%ED%99%A9&GS_BURYU_CD=JG130&JG_BURYU_CD=JG150&JG_HANGMOK_CD=59&JG_GUBUN=1&JG_YEAR2=2026&HG_NM=%EC%84%9C%EC%9A%B8%EA%B3%B5%EB%A6%89%EC%B4%88%EB%93%B1%ED%95%99%EA%B5%90&SHL_IDF_CD=168b5053-ff4f-4ba1-a19c-88d79bef925e&GS_TYPE=Y&JG_YEAR=2026&SORT=BR&CHOSEN_JG_YEAR=2026&PRE_JG_YEAR=2026&LOAD_TYPE=single,2026학년도 돌봄교실 연간 운영 계획(안).hwp / 2026학년도 방과후.맞춤형교실 연간 운영  계획(안) 및 프로그램 교재 및 재료 선정 계획(안).hwp,,,,,,,,,,
wave2_seoul,B000002054,서울신상계초등학교,서울특별시,2-가 문서에서 시정표를 찾지 못함(요약본이거나 표가 이미지일 수 있음),,https://www.schoolinfo.go.kr/ei/ss/Pneiss_b01_s0.do?SHL_IDF_CD=db18dccc-1418-4c96-9cd8-453569965803,https://www.schoolinfo.go.kr/ei/pp/Pneipp_b14_s0p.do?GS_HANGMOK_CD=14&GS_HANGMOK_NO=2-%EA%B0%80&GS_HANGMOK_NM=%ED%95%99%EA%B5%90%EA%B5%90%EC%9C%A1%EA%B3%BC%EC%A0%95+%ED%8E%B8%EC%84%B1%E3%86%8D%EC%9A%B4%EC%98%81+%EB%B0%8F+%ED%8F%89%EA%B0%80%EC%97%90+%EA%B4%80%ED%95%9C+%EC%82%AC%ED%95%AD&GS_BURYU_CD=JG100&JG_BURYU_CD=JG020&JG_HANGMOK_CD=05&JG_GUBUN=1&JG_YEAR2=2026&HG_NM=%EC%84%9C%EC%9A%B8%EC%8B%A0%EC%83%81%EA%B3%84%EC%B4%88%EB%93%B1%ED%95%99%EA%B5%90&SHL_IDF_CD=db18dccc-1418-4c96-9cd8-453569965803&GS_TYPE=Y&JG_YEAR=2026&SORT=BR&CHOSEN_JG_YEAR=2026&PRE_JG_YEAR=2026&LOAD_TYPE=single,(신상계초) 2026학년도 학교교육과정 편성·운영·평가 계획.hwp,https://www.schoolinfo.go.kr/ei/pp/Pneipp_b73_s0p.do?GS_HANGMOK_CD=73&GS_HANGMOK_NO=15-%EB%9D%BC&GS_HANGMOK_NM=%EB%B0%A9%EA%B3%BC%ED%9B%84%ED%95%99%EA%B5%90+%EC%9A%B4%EC%98%81+%EA%B3%84%ED%9A%8D+%EB%B0%8F+%EC%9A%B4%EC%98%81%E3%86%8D%EC%A7%80%EC%9B%90%ED%98%84%ED%99%A9&GS_BURYU_CD=JG130&JG_BURYU_CD=JG150&JG_HANGMOK_CD=59&JG_GUBUN=1&JG_YEAR2=2026&HG_NM=%EC%84%9C%EC%9A%B8%EC%8B%A0%EC%83%81%EA%B3%84%EC%B4%88%EB%93%B1%ED%95%99%EA%B5%90&SHL_IDF_CD=db18dccc-1418-4c96-9cd8-453569965803&GS_TYPE=Y&JG_YEAR=2026&SORT=BR&CHOSEN_JG_YEAR=2026&PRE_JG_YEAR=2026&LOAD_TYPE=single,(학운위심의자료)2026학년도 돌봄교실 운영 계획(안).hwp / (학운위심의자료)2026학년도 방과후.맞춤형교실 연간 운영계획(안).hwp,,,,,,,,,,
wave2_seoul,B000002055,서울상계초등학교,서울특별시,2-가 문서에서 시정표를 찾지 못함(요약본이거나 표가 이미지일 수 있음),,https://www.schoolinfo.go.kr/ei/ss/Pneiss_b01_s0.do?SHL_IDF_CD=2213a92f-704b-4046-9ba2-514e9072959c,https://www.schoolinfo.go.kr/ei/pp/Pneipp_b14_s0p.do?GS_HANGMOK_CD=14&GS_HANGMOK_NO=2-%EA%B0%80&GS_HANGMOK_NM=%ED%95%99%EA%B5%90%EA%B5%90%EC%9C%A1%EA%B3%BC%EC%A0%95+%ED%8E%B8%EC%84%B1%E3%86%8D%EC%9A%B4%EC%98%81+%EB%B0%8F+%ED%8F%89%EA%B0%80%EC%97%90+%EA%B4%80%ED%95%9C+%EC%82%AC%ED%95%AD&GS_BURYU_CD=JG100&JG_BURYU_CD=JG020&JG_HANGMOK_CD=05&JG_GUBUN=1&JG_YEAR2=2026&HG_NM=%EC%84%9C%EC%9A%B8%EC%83%81%EA%B3%84%EC%B4%88%EB%93%B1%ED%95%99%EA%B5%90&SHL_IDF_CD=2213a92f-704b-4046-9ba2-514e9072959c&GS_TYPE=Y&JG_YEAR=2026&SORT=BR&CHOSEN_JG_YEAR=2026&PRE_JG_YEAR=2026&LOAD_TYPE=single,(상계초)학교교육과정편성운영 및 평가계획.hwp,https://www.schoolinfo.go.kr/ei/pp/Pneipp_b73_s0p.do?GS_HANGMOK_CD=73&GS_HANGMOK_NO=15-%EB%9D%BC&GS_HANGMOK_NM=%EB%B0%A9%EA%B3%BC%ED%9B%84%ED%95%99%EA%B5%90+%EC%9A%B4%EC%98%81+%EA%B3%84%ED%9A%8D+%EB%B0%8F+%EC%9A%B4%EC%98%81%E3%86%8D%EC%A7%80%EC%9B%90%ED%98%84%ED%99%A9&GS_BURYU_CD=JG130&JG_BURYU_CD=JG150&JG_HANGMOK_CD=59&JG_GUBUN=1&JG_YEAR2=2026&HG_NM=%EC%84%9C%EC%9A%B8%EC%83%81%EA%B3%84%EC%B4%88%EB%93%B1%ED%95%99%EA%B5%90&SHL_IDF_CD=2213a92f-704b-4046-9ba2-514e9072959c&GS_TYPE=Y&JG_YEAR=2026&SORT=BR&CHOSEN_JG_YEAR=2026&PRE_JG_YEAR=2026&LOAD_TYPE=single,2026학년도 돌봄교실 운영계획(안).hwp / 2026학년도 방과후.맞춤형교실 운영 계획(안).hwp,,,,,,,,,,
wave2_seoul,B000002058,서울상월초등학교,서울특별시,,15-라 계획에 1학년 오후돌봄 종료 시각이 없음,https://www.schoolinfo.go.kr/ei/ss/Pneiss_b01_s0.do?SHL_IDF_CD=e35c4119-f70c-420f-89a8-e8f38231f321,https://www.schoolinfo.go.kr/ei/pp/Pneipp_b14_s0p.do?GS_HANGMOK_CD=14&GS_HANGMOK_NO=2-%EA%B0%80&GS_HANGMOK_NM=%ED%95%99%EA%B5%90%EA%B5%90%EC%9C%A1%EA%B3%BC%EC%A0%95+%ED%8E%B8%EC%84%B1%E3%86%8D%EC%9A%B4%EC%98%81+%EB%B0%8F+%ED%8F%89%EA%B0%80%EC%97%90+%EA%B4%80%ED%95%9C+%EC%82%AC%ED%95%AD&GS_BURYU_CD=JG100&JG_BURYU_CD=JG020&JG_HANGMOK_CD=05&JG_GUBUN=1&JG_YEAR2=2026&HG_NM=%EC%84%9C%EC%9A%B8%EC%83%81%EC%9B%94%EC%B4%88%EB%93%B1%ED%95%99%EA%B5%90&SHL_IDF_CD=e35c4119-f70c-420f-89a8-e8f38231f321&GS_TYPE=Y&JG_YEAR=2026&SORT=BR&CHOSEN_JG_YEAR=2026&PRE_JG_YEAR=2026&LOAD_TYPE=single,2026 상월초 학교교육과정 편성운영 및 평가에 관한 사항.hwp,https://www.schoolinfo.go.kr/ei/pp/Pneipp_b73_s0p.do?GS_HANGMOK_CD=73&GS_HANGMOK_NO=15-%EB%9D%BC&GS_HANGMOK_NM=%EB%B0%A9%EA%B3%BC%ED%9B%84%ED%95%99%EA%B5%90+%EC%9A%B4%EC%98%81+%EA%B3%84%ED%9A%8D+%EB%B0%8F+%EC%9A%B4%EC%98%81%E3%86%8D%EC%A7%80%EC%9B%90%ED%98%84%ED%99%A9&GS_BURYU_CD=JG130&JG_BURYU_CD=JG150&JG_HANGMOK_CD=59&JG_GUBUN=1&JG_YEAR2=2026&HG_NM=%EC%84%9C%EC%9A%B8%EC%83%81%EC%9B%94%EC%B4%88%EB%93%B1%ED%95%99%EA%B5%90&SHL_IDF_CD=e35c4119-f70c-420f-89a8-e8f38231f321&GS_TYPE=Y&JG_YEAR=2026&SORT=BR&CHOSEN_JG_YEAR=2026&PRE_JG_YEAR=2026&LOAD_TYPE=single,2026학년도 상월초등학교 방과후학교 운영 계획.pdf,,,,,,,,,,
wave2_seoul,B000002060,서울상천초등학교,서울특별시,,15-라 계획에 1학년 오후돌봄 종료 시각이 없음,https://www.schoolinfo.go.kr/ei/ss/Pneiss_b01_s0.do?SHL_IDF_CD=435b7b44-16ca-4f06-a409-b3490793352c,https://www.schoolinfo.go.kr/ei/pp/Pneipp_b14_s0p.do?GS_HANGMOK_CD=14&GS_HANGMOK_NO=2-%EA%B0%80&GS_HANGMOK_NM=%ED%95%99%EA%B5%90%EA%B5%90%EC%9C%A1%EA%B3%BC%EC%A0%95+%ED%8E%B8%EC%84%B1%E3%86%8D%EC%9A%B4%EC%98%81+%EB%B0%8F+%ED%8F%89%EA%B0%80%EC%97%90+%EA%B4%80%ED%95%9C+%EC%82%AC%ED%95%AD&GS_BURYU_CD=JG100&JG_BURYU_CD=JG020&JG_HANGMOK_CD=05&JG_GUBUN=1&JG_YEAR2=2026&HG_NM=%EC%84%9C%EC%9A%B8%EC%83%81%EC%B2%9C%EC%B4%88%EB%93%B1%ED%95%99%EA%B5%90&SHL_IDF_CD=435b7b44-16ca-4f06-a409-b3490793352c&GS_TYPE=Y&JG_YEAR=2026&SORT=BR&CHOSEN_JG_YEAR=2026&PRE_JG_YEAR=2026&LOAD_TYPE=single,2026학년도 상천초 학교교육과정 편성·운영 및 평가에 관한 사항.pdf,https://www.schoolinfo.go.kr/ei/pp/Pneipp_b73_s0p.do?GS_HANGMOK_CD=73&GS_HANGMOK_NO=15-%EB%9D%BC&GS_HANGMOK_NM=%EB%B0%A9%EA%B3%BC%ED%9B%84%ED%95%99%EA%B5%90+%EC%9A%B4%EC%98%81+%EA%B3%84%ED%9A%8D+%EB%B0%8F+%EC%9A%B4%EC%98%81%E3%86%8D%EC%A7%80%EC%9B%90%ED%98%84%ED%99%A9&GS_BURYU_CD=JG130&JG_BURYU_CD=JG150&JG_HANGMOK_CD=59&JG_GUBUN=1&JG_YEAR2=2026&HG_NM=%EC%84%9C%EC%9A%B8%EC%83%81%EC%B2%9C%EC%B4%88%EB%93%B1%ED%95%99%EA%B5%90&SHL_IDF_CD=435b7b44-16ca-4f06-a409-b3490793352c&GS_TYPE=Y&JG_YEAR=2026&SORT=BR&CHOSEN_JG_YEAR=2026&PRE_JG_YEAR=2026&LOAD_TYPE=single,2026학년도 방과후·맞춤형 프로그램 (연간) 운영 계획(안).hwp,,,,,,,,,,
wave2_seoul,B000002061,서울동일초등학교,서울특별시,2-가 문서에서 시정표를 찾지 못함(요약본이거나 표가 이미지일 수 있음),,https://www.schoolinfo.go.kr/ei/ss/Pneiss_b01_s0.do?SHL_IDF_CD=e5061e67-3fe8-4da9-b5b1-70193bd4dc71,https://www.schoolinfo.go.kr/ei/pp/Pneipp_b14_s0p.do?GS_HANGMOK_CD=14&GS_HANGMOK_NO=2-%EA%B0%80&GS_HANGMOK_NM=%ED%95%99%EA%B5%90%EA%B5%90%EC%9C%A1%EA%B3%BC%EC%A0%95+%ED%8E%B8%EC%84%B1%E3%86%8D%EC%9A%B4%EC%98%81+%EB%B0%8F+%ED%8F%89%EA%B0%80%EC%97%90+%EA%B4%80%ED%95%9C+%EC%82%AC%ED%95%AD&GS_BURYU_CD=JG100&JG_BURYU_CD=JG020&JG_HANGMOK_CD=05&JG_GUBUN=1&JG_YEAR2=2026&HG_NM=%EC%84%9C%EC%9A%B8%EB%8F%99%EC%9D%BC%EC%B4%88%EB%93%B1%ED%95%99%EA%B5%90&SHL_IDF_CD=e5061e67-3fe8-4da9-b5b1-70193bd4dc71&GS_TYPE=Y&JG_YEAR=2026&SORT=BR&CHOSEN_JG_YEAR=2026&PRE_JG_YEAR=2026&LOAD_TYPE=single,2026학년도 동일초 연간학사일정.pdf / 2026학년도 동일초 학교교육과정 편성·운영·평가 계획.pdf,https://www.schoolinfo.go.kr/ei/pp/Pneipp_b73_s0p.do?GS_HANGMOK_CD=73&GS_HANGMOK_NO=15-%EB%9D%BC&GS_HANGMOK_NM=%EB%B0%A9%EA%B3%BC%ED%9B%84%ED%95%99%EA%B5%90+%EC%9A%B4%EC%98%81+%EA%B3%84%ED%9A%8D+%EB%B0%8F+%EC%9A%B4%EC%98%81%E3%86%8D%EC%A7%80%EC%9B%90%ED%98%84%ED%99%A9&GS_BURYU_CD=JG130&JG_BURYU_CD=JG150&JG_HANGMOK_CD=59&JG_GUBUN=1&JG_YEAR2=2026&HG_NM=%EC%84%9C%EC%9A%B8%EB%8F%99%EC%9D%BC%EC%B4%88%EB%93%B1%ED%95%99%EA%B5%90&SHL_IDF_CD=e5061e67-3fe8-4da9-b5b1-70193bd4dc71&GS_TYPE=Y&JG_YEAR=2026&SORT=BR&CHOSEN_JG_YEAR=2026&PRE_JG_YEAR=2026&LOAD_TYPE=single,2026학년도 방과후·맞춤형 프로그램 운영 계획(안).hwpx / 2026학년도 방과후학교 운영 현황.hwp / 2026학년도 돌봄교실 운영계획.hwp,,,,,,,,,,
wave2_seoul,B000002062,서울노원초등학교,서울특별시,시정표 제목만 있고 표 글자가 없음(이미지 표 가능),,https://www.schoolinfo.go.kr/ei/ss/Pneiss_b01_s0.do?SHL_IDF_CD=c9e432ee-bd52-4831-83a8-3a19f08627d9,https://www.schoolinfo.go.kr/ei/pp/Pneipp_b14_s0p.do?GS_HANGMOK_CD=14&GS_HANGMOK_NO=2-%EA%B0%80&GS_HANGMOK_NM=%ED%95%99%EA%B5%90%EA%B5%90%EC%9C%A1%EA%B3%BC%EC%A0%95+%ED%8E%B8%EC%84%B1%E3%86%8D%EC%9A%B4%EC%98%81+%EB%B0%8F+%ED%8F%89%EA%B0%80%EC%97%90+%EA%B4%80%ED%95%9C+%EC%82%AC%ED%95%AD&GS_BURYU_CD=JG100&JG_BURYU_CD=JG020&JG_HANGMOK_CD=05&JG_GUBUN=1&JG_YEAR2=2026&HG_NM=%EC%84%9C%EC%9A%B8%EB%85%B8%EC%9B%90%EC%B4%88%EB%93%B1%ED%95%99%EA%B5%90&SHL_IDF_CD=c9e432ee-bd52-4831-83a8-3a19f08627d9&GS_TYPE=Y&JG_YEAR=2026&SORT=BR&CHOSEN_JG_YEAR=2026&PRE_JG_YEAR=2026&LOAD_TYPE=single,2026 노원초 학교교육과정 편성 운영 및 평가.hwpx,https://www.schoolinfo.go.kr/ei/pp/Pneipp_b73_s0p.do?GS_HANGMOK_CD=73&GS_HANGMOK_NO=15-%EB%9D%BC&GS_HANGMOK_NM=%EB%B0%A9%EA%B3%BC%ED%9B%84%ED%95%99%EA%B5%90+%EC%9A%B4%EC%98%81+%EA%B3%84%ED%9A%8D+%EB%B0%8F+%EC%9A%B4%EC%98%81%E3%86%8D%EC%A7%80%EC%9B%90%ED%98%84%ED%99%A9&GS_BURYU_CD=JG130&JG_BURYU_CD=JG150&JG_HANGMOK_CD=59&JG_GUBUN=1&JG_YEAR2=2026&HG_NM=%EC%84%9C%EC%9A%B8%EB%85%B8%EC%9B%90%EC%B4%88%EB%93%B1%ED%95%99%EA%B5%90&SHL_IDF_CD=c9e432ee-bd52-4831-83a8-3a19f08627d9&GS_TYPE=Y&JG_YEAR=2026&SORT=BR&CHOSEN_JG_YEAR=2026&PRE_JG_YEAR=2026&LOAD_TYPE=single,"2026학년도 초등돌봄교실 연간운영계획(안).hwp / 2026학년도 맞춤형,방과후교실 연간 운영 계획.hwpx",,,,,,,,,,
wave2_seoul,B000002064,서울수락초등학교,서울특별시,2-가 문서에서 시정표를 찾지 못함(요약본이거나 표가 이미지일 수 있음),15-라 계획에 1학년 오후돌봄 종료 시각이 없음,https://www.schoolinfo.go.kr/ei/ss/Pneiss_b01_s0.do?SHL_IDF_CD=f62c7c1b-5b4c-43a2-843c-22206c787473,https://www.schoolinfo.go.kr/ei/pp/Pneipp_b14_s0p.do?GS_HANGMOK_CD=14&GS_HANGMOK_NO=2-%EA%B0%80&GS_HANGMOK_NM=%ED%95%99%EA%B5%90%EA%B5%90%EC%9C%A1%EA%B3%BC%EC%A0%95+%ED%8E%B8%EC%84%B1%E3%86%8D%EC%9A%B4%EC%98%81+%EB%B0%8F+%ED%8F%89%EA%B0%80%EC%97%90+%EA%B4%80%ED%95%9C+%EC%82%AC%ED%95%AD&GS_BURYU_CD=JG100&JG_BURYU_CD=JG020&JG_HANGMOK_CD=05&JG_GUBUN=1&JG_YEAR2=2026&HG_NM=%EC%84%9C%EC%9A%B8%EC%88%98%EB%9D%BD%EC%B4%88%EB%93%B1%ED%95%99%EA%B5%90&SHL_IDF_CD=f62c7c1b-5b4c-43a2-843c-22206c787473&GS_TYPE=Y&JG_YEAR=2026&SORT=BR&CHOSEN_JG_YEAR=2026&PRE_JG_YEAR=2026&LOAD_TYPE=single,2026학년도 서울수락초등학교 학교교육과정 편성 운영 및 평가.pdf,https://www.schoolinfo.go.kr/ei/pp/Pneipp_b73_s0p.do?GS_HANGMOK_CD=73&GS_HANGMOK_NO=15-%EB%9D%BC&GS_HANGMOK_NM=%EB%B0%A9%EA%B3%BC%ED%9B%84%ED%95%99%EA%B5%90+%EC%9A%B4%EC%98%81+%EA%B3%84%ED%9A%8D+%EB%B0%8F+%EC%9A%B4%EC%98%81%E3%86%8D%EC%A7%80%EC%9B%90%ED%98%84%ED%99%A9&GS_BURYU_CD=JG130&JG_BURYU_CD=JG150&JG_HANGMOK_CD=59&JG_GUBUN=1&JG_YEAR2=2026&HG_NM=%EC%84%9C%EC%9A%B8%EC%88%98%EB%9D%BD%EC%B4%88%EB%93%B1%ED%95%99%EA%B5%90&SHL_IDF_CD=f62c7c1b-5b4c-43a2-843c-22206c787473&GS_TYPE=Y&JG_YEAR=2026&SORT=BR&CHOSEN_JG_YEAR=2026&PRE_JG_YEAR=2026&LOAD_TYPE=single,"(학운위안건)2026학년도 방과후,맞춤형 프로그램 연간 운영계획(안).hwpx",,,,,,,,,,
wave2_seoul,B000002066,서울연지초등학교,서울특별시,2-가 문서에서 시정표를 찾지 못함(요약본이거나 표가 이미지일 수 있음),15-라 계획에 1학년 오후돌봄 종료 시각이 없음,https://www.schoolinfo.go.kr/ei/ss/Pneiss_b01_s0.do?SHL_IDF_CD=5e586f9a-5e9b-4b09-9d16-7d08e1fad487,https://www.schoolinfo.go.kr/ei/pp/Pneipp_b14_s0p.do?GS_HANGMOK_CD=14&GS_HANGMOK_NO=2-%EA%B0%80&GS_HANGMOK_NM=%ED%95%99%EA%B5%90%EA%B5%90%EC%9C%A1%EA%B3%BC%EC%A0%95+%ED%8E%B8%EC%84%B1%E3%86%8D%EC%9A%B4%EC%98%81+%EB%B0%8F+%ED%8F%89%EA%B0%80%EC%97%90+%EA%B4%80%ED%95%9C+%EC%82%AC%ED%95%AD&GS_BURYU_CD=JG100&JG_BURYU_CD=JG020&JG_HANGMOK_CD=05&JG_GUBUN=1&JG_YEAR2=2026&HG_NM=%EC%84%9C%EC%9A%B8%EC%97%B0%EC%A7%80%EC%B4%88%EB%93%B1%ED%95%99%EA%B5%90&SHL_IDF_CD=5e586f9a-5e9b-4b09-9d16-7d08e1fad487&GS_TYPE=Y&JG_YEAR=2026&SORT=BR&CHOSEN_JG_YEAR=2026&PRE_JG_YEAR=2026&LOAD_TYPE=single,2026학년도 연지초 학교교육과정 편성 운영 평가 계획.hwp / 2026학년도 연지초 연간 학사일정.hwp,https://www.schoolinfo.go.kr/ei/pp/Pneipp_b73_s0p.do?GS_HANGMOK_CD=73&GS_HANGMOK_NO=15-%EB%9D%BC&GS_HANGMOK_NM=%EB%B0%A9%EA%B3%BC%ED%9B%84%ED%95%99%EA%B5%90+%EC%9A%B4%EC%98%81+%EA%B3%84%ED%9A%8D+%EB%B0%8F+%EC%9A%B4%EC%98%81%E3%86%8D%EC%A7%80%EC%9B%90%ED%98%84%ED%99%A9&GS_BURYU_CD=JG130&JG_BURYU_CD=JG150&JG_HANGMOK_CD=59&JG_GUBUN=1&JG_YEAR2=2026&HG_NM=%EC%84%9C%EC%9A%B8%EC%97%B0%EC%A7%80%EC%B4%88%EB%93%B1%ED%95%99%EA%B5%90&SHL_IDF_CD=5e586f9a-5e9b-4b09-9d16-7d08e1fad487&GS_TYPE=Y&JG_YEAR=2026&SORT=BR&CHOSEN_JG_YEAR=2026&PRE_JG_YEAR=2026&LOAD_TYPE=single,2026학년도 방과후및 맞춤형교실 운영계획안.hwp,,,,,,,,,,
wave2_seoul,B000002067,서울선곡초등학교,서울특별시,2-가 문서에서 시정표를 찾지 못함(요약본이거나 표가 이미지일 수 있음),,https://www.schoolinfo.go.kr/ei/ss/Pneiss_b01_s0.do?SHL_IDF_CD=6d193ccc-d478-4417-b3f2-19964db28778,https://www.schoolinfo.go.kr/ei/pp/Pneipp_b14_s0p.do?GS_HANGMOK_CD=14&GS_HANGMOK_NO=2-%EA%B0%80&GS_HANGMOK_NM=%ED%95%99%EA%B5%90%EA%B5%90%EC%9C%A1%EA%B3%BC%EC%A0%95+%ED%8E%B8%EC%84%B1%E3%86%8D%EC%9A%B4%EC%98%81+%EB%B0%8F+%ED%8F%89%EA%B0%80%EC%97%90+%EA%B4%80%ED%95%9C+%EC%82%AC%ED%95%AD&GS_BURYU_CD=JG100&JG_BURYU_CD=JG020&JG_HANGMOK_CD=05&JG_GUBUN=1&JG_YEAR2=2026&HG_NM=%EC%84%9C%EC%9A%B8%EC%84%A0%EA%B3%A1%EC%B4%88%EB%93%B1%ED%95%99%EA%B5%90&SHL_IDF_CD=6d193ccc-d478-4417-b3f2-19964db28778&GS_TYPE=Y&JG_YEAR=2026&SORT=BR&CHOSEN_JG_YEAR=2026&PRE_JG_YEAR=2026&LOAD_TYPE=single,2026학년도 서울선곡초 학교교육과정 편성·운영 및 평가계획.hwp / 2026학년도 서울선곡초 연간학사일정.hwp,https://www.schoolinfo.go.kr/ei/pp/Pneipp_b73_s0p.do?GS_HANGMOK_CD=73&GS_HANGMOK_NO=15-%EB%9D%BC&GS_HANGMOK_NM=%EB%B0%A9%EA%B3%BC%ED%9B%84%ED%95%99%EA%B5%90+%EC%9A%B4%EC%98%81+%EA%B3%84%ED%9A%8D+%EB%B0%8F+%EC%9A%B4%EC%98%81%E3%86%8D%EC%A7%80%EC%9B%90%ED%98%84%ED%99%A9&GS_BURYU_CD=JG130&JG_BURYU_CD=JG150&JG_HANGMOK_CD=59&JG_GUBUN=1&JG_YEAR2=2026&HG_NM=%EC%84%9C%EC%9A%B8%EC%84%A0%EA%B3%A1%EC%B4%88%EB%93%B1%ED%95%99%EA%B5%90&SHL_IDF_CD=6d193ccc-d478-4417-b3f2-19964db28778&GS_TYPE=Y&JG_YEAR=2026&SORT=BR&CHOSEN_JG_YEAR=2026&PRE_JG_YEAR=2026&LOAD_TYPE=single,2026학년도 학부모운영위원회 심의자료(돌봄교실 운영계획).hwp / 2026학년도 학부모운영위원회 심의자료(돌봄교실 간식운영계획).hwp / 2026학년도 학부모운영위원회 심의자료(아침 및 틈새돌봄 운영계획).hwp / (2026년 3월) 학교운영위원회 심의 자료(2026학년도 방과후·맞춤형교실 연간 운영 계획).hwp,,,,,,,,,,
wave2_seoul,B000002068,서울월계초등학교,서울특별시,2-가 문서에서 시정표를 찾지 못함(요약본이거나 표가 이미지일 수 있음),,https://www.schoolinfo.go.kr/ei/ss/Pneiss_b01_s0.do?SHL_IDF_CD=99bd46e3-9252-44a0-a1ba-dd956d1d685f,https://www.schoolinfo.go.kr/ei/pp/Pneipp_b14_s0p.do?GS_HANGMOK_CD=14&GS_HANGMOK_NO=2-%EA%B0%80&GS_HANGMOK_NM=%ED%95%99%EA%B5%90%EA%B5%90%EC%9C%A1%EA%B3%BC%EC%A0%95+%ED%8E%B8%EC%84%B1%E3%86%8D%EC%9A%B4%EC%98%81+%EB%B0%8F+%ED%8F%89%EA%B0%80%EC%97%90+%EA%B4%80%ED%95%9C+%EC%82%AC%ED%95%AD&GS_BURYU_CD=JG100&JG_BURYU_CD=JG020&JG_HANGMOK_CD=05&JG_GUBUN=1&JG_YEAR2=2026&HG_NM=%EC%84%9C%EC%9A%B8%EC%9B%94%EA%B3%84%EC%B4%88%EB%93%B1%ED%95%99%EA%B5%90&SHL_IDF_CD=99bd46e3-9252-44a0-a1ba-dd956d1d685f&GS_TYPE=Y&JG_YEAR=2026&SORT=BR&CHOSEN_JG_YEAR=2026&PRE_JG_YEAR=2026&LOAD_TYPE=single,2026학년도 서울월계초등학교 연간학사일정.pdf / 2026학년도 서울월계초등학교 학교교육과정 편성 운영 및 평가 계획.pdf,https://www.schoolinfo.go.kr/ei/pp/Pneipp_b73_s0p.do?GS_HANGMOK_CD=73&GS_HANGMOK_NO=15-%EB%9D%BC&GS_HANGMOK_NM=%EB%B0%A9%EA%B3%BC%ED%9B%84%ED%95%99%EA%B5%90+%EC%9A%B4%EC%98%81+%EA%B3%84%ED%9A%8D+%EB%B0%8F+%EC%9A%B4%EC%98%81%E3%86%8D%EC%A7%80%EC%9B%90%ED%98%84%ED%99%A9&GS_BURYU_CD=JG130&JG_BURYU_CD=JG150&JG_HANGMOK_CD=59&JG_GUBUN=1&JG_YEAR2=2026&HG_NM=%EC%84%9C%EC%9A%B8%EC%9B%94%EA%B3%84%EC%B4%88%EB%93%B1%ED%95%99%EA%B5%90&SHL_IDF_CD=99bd46e3-9252-44a0-a1ba-dd956d1d685f&GS_TYPE=Y&JG_YEAR=2026&SORT=BR&CHOSEN_JG_YEAR=2026&PRE_JG_YEAR=2026&LOAD_TYPE=single,2026학년도 초등돌봄교실 운영 계획(안)).hwp / 2026학년도 서울월계초등학교 방과후교실 운영계획(정보공시).hwp,,,,,,,,,,
wave2_seoul,B000002069,서울원광초등학교,서울특별시,2-가 문서에서 시정표를 찾지 못함(요약본이거나 표가 이미지일 수 있음),,https://www.schoolinfo.go.kr/ei/ss/Pneiss_b01_s0.do?SHL_IDF_CD=e7c75b9b-4c43-4194-8c9f-a0331245dd6b,https://www.schoolinfo.go.kr/ei/pp/Pneipp_b14_s0p.do?GS_HANGMOK_CD=14&GS_HANGMOK_NO=2-%EA%B0%80&GS_HANGMOK_NM=%ED%95%99%EA%B5%90%EA%B5%90%EC%9C%A1%EA%B3%BC%EC%A0%95+%ED%8E%B8%EC%84%B1%E3%86%8D%EC%9A%B4%EC%98%81+%EB%B0%8F+%ED%8F%89%EA%B0%80%EC%97%90+%EA%B4%80%ED%95%9C+%EC%82%AC%ED%95%AD&GS_BURYU_CD=JG100&JG_BURYU_CD=JG020&JG_HANGMOK_CD=05&JG_GUBUN=1&JG_YEAR2=2026&HG_NM=%EC%84%9C%EC%9A%B8%EC%9B%90%EA%B4%91%EC%B4%88%EB%93%B1%ED%95%99%EA%B5%90&SHL_IDF_CD=e7c75b9b-4c43-4194-8c9f-a0331245dd6b&GS_TYPE=Y&JG_YEAR=2026&SORT=BR&CHOSEN_JG_YEAR=2026&PRE_JG_YEAR=2026&LOAD_TYPE=single,2026학년도 서울원광초 학교교육과정 편성·운영·평가 계획.hwp,https://www.schoolinfo.go.kr/ei/pp/Pneipp_b73_s0p.do?GS_HANGMOK_CD=73&GS_HANGMOK_NO=15-%EB%9D%BC&GS_HANGMOK_NM=%EB%B0%A9%EA%B3%BC%ED%9B%84%ED%95%99%EA%B5%90+%EC%9A%B4%EC%98%81+%EA%B3%84%ED%9A%8D+%EB%B0%8F+%EC%9A%B4%EC%98%81%E3%86%8D%EC%A7%80%EC%9B%90%ED%98%84%ED%99%A9&GS_BURYU_CD=JG130&JG_BURYU_CD=JG150&JG_HANGMOK_CD=59&JG_GUBUN=1&JG_YEAR2=2026&HG_NM=%EC%84%9C%EC%9A%B8%EC%9B%90%EA%B4%91%EC%B4%88%EB%93%B1%ED%95%99%EA%B5%90&SHL_IDF_CD=e7c75b9b-4c43-4194-8c9f-a0331245dd6b&GS_TYPE=Y&JG_YEAR=2026&SORT=BR&CHOSEN_JG_YEAR=2026&PRE_JG_YEAR=2026&LOAD_TYPE=single,2025학년도 원광초등학교 방과후 수익자부담금액.pdf / 2025학년도 원광초등학교 방과후 지원금(자유수강권).pdf / 2026학년도 원광초등학교 초등돌봄교실 운영 계획.hwp / 2026학년도 원광초등학교 방과후학교 운영계획.hwp,,,,,,,,,,
wave2_seoul,B000002070,서울을지초등학교,서울특별시,2-가 문서에서 시정표를 찾지 못함(요약본이거나 표가 이미지일 수 있음),,https://www.schoolinfo.go.kr/ei/ss/Pneiss_b01_s0.do?SHL_IDF_CD=424d5694-ee39-4141-a70f-b56b96a5f3b9,https://www.schoolinfo.go.kr/ei/pp/Pneipp_b14_s0p.do?GS_HANGMOK_CD=14&GS_HANGMOK_NO=2-%EA%B0%80&GS_HANGMOK_NM=%ED%95%99%EA%B5%90%EA%B5%90%EC%9C%A1%EA%B3%BC%EC%A0%95+%ED%8E%B8%EC%84%B1%E3%86%8D%EC%9A%B4%EC%98%81+%EB%B0%8F+%ED%8F%89%EA%B0%80%EC%97%90+%EA%B4%80%ED%95%9C+%EC%82%AC%ED%95%AD&GS_BURYU_CD=JG100&JG_BURYU_CD=JG020&JG_HANGMOK_CD=05&JG_GUBUN=1&JG_YEAR2=2026&HG_NM=%EC%84%9C%EC%9A%B8%EC%9D%84%EC%A7%80%EC%B4%88%EB%93%B1%ED%95%99%EA%B5%90&SHL_IDF_CD=424d5694-ee39-4141-a70f-b56b96a5f3b9&GS_TYPE=Y&JG_YEAR=2026&SORT=BR&CHOSEN_JG_YEAR=2026&PRE_JG_YEAR=2026&LOAD_TYPE=single,2026학년도 을지초 학교교육과정 편성·운영·평가 계획_수정.hwp,https://www.schoolinfo.go.kr/ei/pp/Pneipp_b73_s0p.do?GS_HANGMOK_CD=73&GS_HANGMOK_NO=15-%EB%9D%BC&GS_HANGMOK_NM=%EB%B0%A9%EA%B3%BC%ED%9B%84%ED%95%99%EA%B5%90+%EC%9A%B4%EC%98%81+%EA%B3%84%ED%9A%8D+%EB%B0%8F+%EC%9A%B4%EC%98%81%E3%86%8D%EC%A7%80%EC%9B%90%ED%98%84%ED%99%A9&GS_BURYU_CD=JG130&JG_BURYU_CD=JG150&JG_HANGMOK_CD=59&JG_GUBUN=1&JG_YEAR2=2026&HG_NM=%EC%84%9C%EC%9A%B8%EC%9D%84%EC%A7%80%EC%B4%88%EB%93%B1%ED%95%99%EA%B5%90&SHL_IDF_CD=424d5694-ee39-4141-a70f-b56b96a5f3b9&GS_TYPE=Y&JG_YEAR=2026&SORT=BR&CHOSEN_JG_YEAR=2026&PRE_JG_YEAR=2026&LOAD_TYPE=single,9. 방과후·돌봄부.hwp,,,,,,,,,,
wave2_seoul,B000002071,서울중원초등학교,서울특별시,2-가 문서에서 시정표를 찾지 못함(요약본이거나 표가 이미지일 수 있음),,https://www.schoolinfo.go.kr/ei/ss/Pneiss_b01_s0.do?SHL_IDF_CD=455fa36c-2e44-4c52-a243-56ae3ba8e60b,https://www.schoolinfo.go.kr/ei/pp/Pneipp_b14_s0p.do?GS_HANGMOK_CD=14&GS_HANGMOK_NO=2-%EA%B0%80&GS_HANGMOK_NM=%ED%95%99%EA%B5%90%EA%B5%90%EC%9C%A1%EA%B3%BC%EC%A0%95+%ED%8E%B8%EC%84%B1%E3%86%8D%EC%9A%B4%EC%98%81+%EB%B0%8F+%ED%8F%89%EA%B0%80%EC%97%90+%EA%B4%80%ED%95%9C+%EC%82%AC%ED%95%AD&GS_BURYU_CD=JG100&JG_BURYU_CD=JG020&JG_HANGMOK_CD=05&JG_GUBUN=1&JG_YEAR2=2026&HG_NM=%EC%84%9C%EC%9A%B8%EC%A4%91%EC%9B%90%EC%B4%88%EB%93%B1%ED%95%99%EA%B5%90&SHL_IDF_CD=455fa36c-2e44-4c52-a243-56ae3ba8e60b&GS_TYPE=Y&JG_YEAR=2026&SORT=BR&CHOSEN_JG_YEAR=2026&PRE_JG_YEAR=2026&LOAD_TYPE=single,2026학년도 서울중원초 학교교육과정 편성·운영·평가 계획.hwpx,https://www.schoolinfo.go.kr/ei/pp/Pneipp_b73_s0p.do?GS_HANGMOK_CD=73&GS_HANGMOK_NO=15-%EB%9D%BC&GS_HANGMOK_NM=%EB%B0%A9%EA%B3%BC%ED%9B%84%ED%95%99%EA%B5%90+%EC%9A%B4%EC%98%81+%EA%B3%84%ED%9A%8D+%EB%B0%8F+%EC%9A%B4%EC%98%81%E3%86%8D%EC%A7%80%EC%9B%90%ED%98%84%ED%99%A9&GS_BURYU_CD=JG130&JG_BURYU_CD=JG150&JG_HANGMOK_CD=59&JG_GUBUN=1&JG_YEAR2=2026&HG_NM=%EC%84%9C%EC%9A%B8%EC%A4%91%EC%9B%90%EC%B4%88%EB%93%B1%ED%95%99%EA%B5%90&SHL_IDF_CD=455fa36c-2e44-4c52-a243-56ae3ba8e60b&GS_TYPE=Y&JG_YEAR=2026&SORT=BR&CHOSEN_JG_YEAR=2026&PRE_JG_YEAR=2026&LOAD_TYPE=single,2026학년도 방과후 맞춤형 프로그램 운영계획(안).hwpx / 2026학년도 돌봄교실 운영계획.hwp,,,,,,,,,,
wave2_seoul,B000002072,서울청계초등학교,서울특별시,2-가 문서에서 시정표를 찾지 못함(요약본이거나 표가 이미지일 수 있음),,https://www.schoolinfo.go.kr/ei/ss/Pneiss_b01_s0.do?SHL_IDF_CD=52c3a5a9-0954-46aa-93c6-d09a4b33ef20,https://www.schoolinfo.go.kr/ei/pp/Pneipp_b14_s0p.do?GS_HANGMOK_CD=14&GS_HANGMOK_NO=2-%EA%B0%80&GS_HANGMOK_NM=%ED%95%99%EA%B5%90%EA%B5%90%EC%9C%A1%EA%B3%BC%EC%A0%95+%ED%8E%B8%EC%84%B1%E3%86%8D%EC%9A%B4%EC%98%81+%EB%B0%8F+%ED%8F%89%EA%B0%80%EC%97%90+%EA%B4%80%ED%95%9C+%EC%82%AC%ED%95%AD&GS_BURYU_CD=JG100&JG_BURYU_CD=JG020&JG_HANGMOK_CD=05&JG_GUBUN=1&JG_YEAR2=2026&HG_NM=%EC%84%9C%EC%9A%B8%EC%B2%AD%EA%B3%84%EC%B4%88%EB%93%B1%ED%95%99%EA%B5%90&SHL_IDF_CD=52c3a5a9-0954-46aa-93c6-d09a4b33ef20&GS_TYPE=Y&JG_YEAR=2026&SORT=BR&CHOSEN_JG_YEAR=2026&PRE_JG_YEAR=2026&LOAD_TYPE=single,2026학년도 청계초 학교교육과정 편성·운영·평가 계획.hwp,https://www.schoolinfo.go.kr/ei/pp/Pneipp_b73_s0p.do?GS_HANGMOK_CD=73&GS_HANGMOK_NO=15-%EB%9D%BC&GS_HANGMOK_NM=%EB%B0%A9%EA%B3%BC%ED%9B%84%ED%95%99%EA%B5%90+%EC%9A%B4%EC%98%81+%EA%B3%84%ED%9A%8D+%EB%B0%8F+%EC%9A%B4%EC%98%81%E3%86%8D%EC%A7%80%EC%9B%90%ED%98%84%ED%99%A9&GS_BURYU_CD=JG130&JG_BURYU_CD=JG150&JG_HANGMOK_CD=59&JG_GUBUN=1&JG_YEAR2=2026&HG_NM=%EC%84%9C%EC%9A%B8%EC%B2%AD%EA%B3%84%EC%B4%88%EB%93%B1%ED%95%99%EA%B5%90&SHL_IDF_CD=52c3a5a9-0954-46aa-93c6-d09a4b33ef20&GS_TYPE=Y&JG_YEAR=2026&SORT=BR&CHOSEN_JG_YEAR=2026&PRE_JG_YEAR=2026&LOAD_TYPE=single,2026학년도 초등돌봄교실 운영계획(안).hwp / (학운위심의)2026학년도 방과후-맞춤형 교실 운영 계획(안) (1).hwp,,,,,,,,,,
wave2_seoul,B000002073,서울용동초등학교,서울특별시,2-가 문서에서 시정표를 찾지 못함(요약본이거나 표가 이미지일 수 있음),,https://www.schoolinfo.go.kr/ei/ss/Pneiss_b01_s0.do?SHL_IDF_CD=afbbcb8e-11a8-4970-aa88-fcc6f258fffd,https://www.schoolinfo.go.kr/ei/pp/Pneipp_b14_s0p.do?GS_HANGMOK_CD=14&GS_HANGMOK_NO=2-%EA%B0%80&GS_HANGMOK_NM=%ED%95%99%EA%B5%90%EA%B5%90%EC%9C%A1%EA%B3%BC%EC%A0%95+%ED%8E%B8%EC%84%B1%E3%86%8D%EC%9A%B4%EC%98%81+%EB%B0%8F+%ED%8F%89%EA%B0%80%EC%97%90+%EA%B4%80%ED%95%9C+%EC%82%AC%ED%95%AD&GS_BURYU_CD=JG100&JG_BURYU_CD=JG020&JG_HANGMOK_CD=05&JG_GUBUN=1&JG_YEAR2=2026&HG_NM=%EC%84%9C%EC%9A%B8%EC%9A%A9%EB%8F%99%EC%B4%88%EB%93%B1%ED%95%99%EA%B5%90&SHL_IDF_CD=afbbcb8e-11a8-4970-aa88-fcc6f258fffd&GS_TYPE=Y&JG_YEAR=2026&SORT=BR&CHOSEN_JG_YEAR=2026&PRE_JG_YEAR=2026&LOAD_TYPE=single,2026학년도 용동초등학교 학교교육과정 편성운영 및 평가에 관한 사항.hwp,https://www.schoolinfo.go.kr/ei/pp/Pneipp_b73_s0p.do?GS_HANGMOK_CD=73&GS_HANGMOK_NO=15-%EB%9D%BC&GS_HANGMOK_NM=%EB%B0%A9%EA%B3%BC%ED%9B%84%ED%95%99%EA%B5%90+%EC%9A%B4%EC%98%81+%EA%B3%84%ED%9A%8D+%EB%B0%8F+%EC%9A%B4%EC%98%81%E3%86%8D%EC%A7%80%EC%9B%90%ED%98%84%ED%99%A9&GS_BURYU_CD=JG130&JG_BURYU_CD=JG150&JG_HANGMOK_CD=59&JG_GUBUN=1&JG_YEAR2=2026&HG_NM=%EC%84%9C%EC%9A%B8%EC%9A%A9%EB%8F%99%EC%B4%88%EB%93%B1%ED%95%99%EA%B5%90&SHL_IDF_CD=afbbcb8e-11a8-4970-aa88-fcc6f258fffd&GS_TYPE=Y&JG_YEAR=2026&SORT=BR&CHOSEN_JG_YEAR=2026&PRE_JG_YEAR=2026&LOAD_TYPE=single,2026학년도 용동초 초등돌봄교실 운영 계획.hwp / 2026학년도 용동초 방과후·맞춤형학교 운영 계획.hwp,,,,,,,,,,
wave2_seoul,B000002074,서울중현초등학교,서울특별시,시정표는 탐지됐으나 1학년 정규 시정을 읽지 못함,15-라 계획에 1학년 오후돌봄 종료 시각이 없음,https://www.schoolinfo.go.kr/ei/ss/Pneiss_b01_s0.do?SHL_IDF_CD=efc9c74e-859e-4bc1-9300-47613a8afb4f,https://www.schoolinfo.go.kr/ei/pp/Pneipp_b14_s0p.do?GS_HANGMOK_CD=14&GS_HANGMOK_NO=2-%EA%B0%80&GS_HANGMOK_NM=%ED%95%99%EA%B5%90%EA%B5%90%EC%9C%A1%EA%B3%BC%EC%A0%95+%ED%8E%B8%EC%84%B1%E3%86%8D%EC%9A%B4%EC%98%81+%EB%B0%8F+%ED%8F%89%EA%B0%80%EC%97%90+%EA%B4%80%ED%95%9C+%EC%82%AC%ED%95%AD&GS_BURYU_CD=JG100&JG_BURYU_CD=JG020&JG_HANGMOK_CD=05&JG_GUBUN=1&JG_YEAR2=2026&HG_NM=%EC%84%9C%EC%9A%B8%EC%A4%91%ED%98%84%EC%B4%88%EB%93%B1%ED%95%99%EA%B5%90&SHL_IDF_CD=efc9c74e-859e-4bc1-9300-47613a8afb4f&GS_TYPE=Y&JG_YEAR=2026&SORT=BR&CHOSEN_JG_YEAR=2026&PRE_JG_YEAR=2026&LOAD_TYPE=single,(공유용)2026학년도 중현행복교육계획.pdf,https://www.schoolinfo.go.kr/ei/pp/Pneipp_b73_s0p.do?GS_HANGMOK_CD=73&GS_HANGMOK_NO=15-%EB%9D%BC&GS_HANGMOK_NM=%EB%B0%A9%EA%B3%BC%ED%9B%84%ED%95%99%EA%B5%90+%EC%9A%B4%EC%98%81+%EA%B3%84%ED%9A%8D+%EB%B0%8F+%EC%9A%B4%EC%98%81%E3%86%8D%EC%A7%80%EC%9B%90%ED%98%84%ED%99%A9&GS_BURYU_CD=JG130&JG_BURYU_CD=JG150&JG_HANGMOK_CD=59&JG_GUBUN=1&JG_YEAR2=2026&HG_NM=%EC%84%9C%EC%9A%B8%EC%A4%91%ED%98%84%EC%B4%88%EB%93%B1%ED%95%99%EA%B5%90&SHL_IDF_CD=efc9c74e-859e-4bc1-9300-47613a8afb4f&GS_TYPE=Y&JG_YEAR=2026&SORT=BR&CHOSEN_JG_YEAR=2026&PRE_JG_YEAR=2026&LOAD_TYPE=single,2026학년도 방과후.맞춤형 프로그램 연간위탁운영 계획(안).hwpx,,,,,,,,,,
wave2_seoul,B000002075,서울중평초등학교,서울특별시,2-가 문서에서 시정표를 찾지 못함(요약본이거나 표가 이미지일 수 있음),,https://www.schoolinfo.go.kr/ei/ss/Pneiss_b01_s0.do?SHL_IDF_CD=3b979367-fb1b-42ee-b4bb-3e9e38a7cc3d,https://www.schoolinfo.go.kr/ei/pp/Pneipp_b14_s0p.do?GS_HANGMOK_CD=14&GS_HANGMOK_NO=2-%EA%B0%80&GS_HANGMOK_NM=%ED%95%99%EA%B5%90%EA%B5%90%EC%9C%A1%EA%B3%BC%EC%A0%95+%ED%8E%B8%EC%84%B1%E3%86%8D%EC%9A%B4%EC%98%81+%EB%B0%8F+%ED%8F%89%EA%B0%80%EC%97%90+%EA%B4%80%ED%95%9C+%EC%82%AC%ED%95%AD&GS_BURYU_CD=JG100&JG_BURYU_CD=JG020&JG_HANGMOK_CD=05&JG_GUBUN=1&JG_YEAR2=2026&HG_NM=%EC%84%9C%EC%9A%B8%EC%A4%91%ED%8F%89%EC%B4%88%EB%93%B1%ED%95%99%EA%B5%90&SHL_IDF_CD=3b979367-fb1b-42ee-b4bb-3e9e38a7cc3d&GS_TYPE=Y&JG_YEAR=2026&SORT=BR&CHOSEN_JG_YEAR=2026&PRE_JG_YEAR=2026&LOAD_TYPE=single,202학년도 중평초 학교교육과정 편성.운영.평가계획.hwpx,https://www.schoolinfo.go.kr/ei/pp/Pneipp_b73_s0p.do?GS_HANGMOK_CD=73&GS_HANGMOK_NO=15-%EB%9D%BC&GS_HANGMOK_NM=%EB%B0%A9%EA%B3%BC%ED%9B%84%ED%95%99%EA%B5%90+%EC%9A%B4%EC%98%81+%EA%B3%84%ED%9A%8D+%EB%B0%8F+%EC%9A%B4%EC%98%81%E3%86%8D%EC%A7%80%EC%9B%90%ED%98%84%ED%99%A9&GS_BURYU_CD=JG130&JG_BURYU_CD=JG150&JG_HANGMOK_CD=59&JG_GUBUN=1&JG_YEAR2=2026&HG_NM=%EC%84%9C%EC%9A%B8%EC%A4%91%ED%8F%89%EC%B4%88%EB%93%B1%ED%95%99%EA%B5%90&SHL_IDF_CD=3b979367-fb1b-42ee-b4bb-3e9e38a7cc3d&GS_TYPE=Y&JG_YEAR=2026&SORT=BR&CHOSEN_JG_YEAR=2026&PRE_JG_YEAR=2026&LOAD_TYPE=single,2026학년도 중평초 초등돌봄교실 운영 계획.hwp / 2026학년도 중평초 방과후·맞춤형프로그램 운영 계획.hwp,,,,,,,,,,
wave2_seoul,B000002076,서울상경초등학교,서울특별시,2-가 문서에서 시정표를 찾지 못함(요약본이거나 표가 이미지일 수 있음),,https://www.schoolinfo.go.kr/ei/ss/Pneiss_b01_s0.do?SHL_IDF_CD=17dda582-f1b0-4c44-94b3-091bc5a0f69d,https://www.schoolinfo.go.kr/ei/pp/Pneipp_b14_s0p.do?GS_HANGMOK_CD=14&GS_HANGMOK_NO=2-%EA%B0%80&GS_HANGMOK_NM=%ED%95%99%EA%B5%90%EA%B5%90%EC%9C%A1%EA%B3%BC%EC%A0%95+%ED%8E%B8%EC%84%B1%E3%86%8D%EC%9A%B4%EC%98%81+%EB%B0%8F+%ED%8F%89%EA%B0%80%EC%97%90+%EA%B4%80%ED%95%9C+%EC%82%AC%ED%95%AD&GS_BURYU_CD=JG100&JG_BURYU_CD=JG020&JG_HANGMOK_CD=05&JG_GUBUN=1&JG_YEAR2=2026&HG_NM=%EC%84%9C%EC%9A%B8%EC%83%81%EA%B2%BD%EC%B4%88%EB%93%B1%ED%95%99%EA%B5%90&SHL_IDF_CD=17dda582-f1b0-4c44-94b3-091bc5a0f69d&GS_TYPE=Y&JG_YEAR=2026&SORT=BR&CHOSEN_JG_YEAR=2026&PRE_JG_YEAR=2026&LOAD_TYPE=single,"2026학년도 학사 일정.hwp / 학교교육과정 편성운영 기본방향, 편제 및 시간배당.hwp / 체험학습계획.hwpx",https://www.schoolinfo.go.kr/ei/pp/Pneipp_b73_s0p.do?GS_HANGMOK_CD=73&GS_HANGMOK_NO=15-%EB%9D%BC&GS_HANGMOK_NM=%EB%B0%A9%EA%B3%BC%ED%9B%84%ED%95%99%EA%B5%90+%EC%9A%B4%EC%98%81+%EA%B3%84%ED%9A%8D+%EB%B0%8F+%EC%9A%B4%EC%98%81%E3%86%8D%EC%A7%80%EC%9B%90%ED%98%84%ED%99%A9&GS_BURYU_CD=JG130&JG_BURYU_CD=JG150&JG_HANGMOK_CD=59&JG_GUBUN=1&JG_YEAR2=2026&HG_NM=%EC%84%9C%EC%9A%B8%EC%83%81%EA%B2%BD%EC%B4%88%EB%93%B1%ED%95%99%EA%B5%90&SHL_IDF_CD=17dda582-f1b0-4c44-94b3-091bc5a0f69d&GS_TYPE=Y&JG_YEAR=2026&SORT=BR&CHOSEN_JG_YEAR=2026&PRE_JG_YEAR=2026&LOAD_TYPE=single,(상경초)2026학년도 방과후 및 맞춤형 운영계획(안)_최종_게시용.hwp / (안건발의서)2026학년도 초등돌봄교실 운영 계획(안).hwp,,,,,,,,,,
wave2_seoul,B000002077,서울상수초등학교,서울특별시,2-가 문서에서 시정표를 찾지 못함(요약본이거나 표가 이미지일 수 있음),,https://www.schoolinfo.go.kr/ei/ss/Pneiss_b01_s0.do?SHL_IDF_CD=a90a5c92-09b1-41fd-9512-1dc6201bac23,https://www.schoolinfo.go.kr/ei/pp/Pneipp_b14_s0p.do?GS_HANGMOK_CD=14&GS_HANGMOK_NO=2-%EA%B0%80&GS_HANGMOK_NM=%ED%95%99%EA%B5%90%EA%B5%90%EC%9C%A1%EA%B3%BC%EC%A0%95+%ED%8E%B8%EC%84%B1%E3%86%8D%EC%9A%B4%EC%98%81+%EB%B0%8F+%ED%8F%89%EA%B0%80%EC%97%90+%EA%B4%80%ED%95%9C+%EC%82%AC%ED%95%AD&GS_BURYU_CD=JG100&JG_BURYU_CD=JG020&JG_HANGMOK_CD=05&JG_GUBUN=1&JG_YEAR2=2026&HG_NM=%EC%84%9C%EC%9A%B8%EC%83%81%EC%88%98%EC%B4%88%EB%93%B1%ED%95%99%EA%B5%90&SHL_IDF_CD=a90a5c92-09b1-41fd-9512-1dc6201bac23&GS_TYPE=Y&JG_YEAR=2026&SORT=BR&CHOSEN_JG_YEAR=2026&PRE_JG_YEAR=2026&LOAD_TYPE=single,2. 2026학년도 서울상수초 연간학사일정.hwpx / 1. 2026학년도 서울상수초 학교교육과정 편성·운영·평가 계획.hwpx,https://www.schoolinfo.go.kr/ei/pp/Pneipp_b73_s0p.do?GS_HANGMOK_CD=73&GS_HANGMOK_NO=15-%EB%9D%BC&GS_HANGMOK_NM=%EB%B0%A9%EA%B3%BC%ED%9B%84%ED%95%99%EA%B5%90+%EC%9A%B4%EC%98%81+%EA%B3%84%ED%9A%8D+%EB%B0%8F+%EC%9A%B4%EC%98%81%E3%86%8D%EC%A7%80%EC%9B%90%ED%98%84%ED%99%A9&GS_BURYU_CD=JG130&JG_BURYU_CD=JG150&JG_HANGMOK_CD=59&JG_GUBUN=1&JG_YEAR2=2026&HG_NM=%EC%84%9C%EC%9A%B8%EC%83%81%EC%88%98%EC%B4%88%EB%93%B1%ED%95%99%EA%B5%90&SHL_IDF_CD=a90a5c92-09b1-41fd-9512-1dc6201bac23&GS_TYPE=Y&JG_YEAR=2026&SORT=BR&CHOSEN_JG_YEAR=2026&PRE_JG_YEAR=2026&LOAD_TYPE=single,2026학년도 초등돌봄교실 운영 계획.hwpx / 2026학년도 방과후교실 연간 운영 계획.hwp,,,,,,,,,,
wave2_seoul,B000002078,청원초등학교,서울특별시,2-가 문서에서 시정표를 찾지 못함(요약본이거나 표가 이미지일 수 있음),15-라 계획에 1학년 오후돌봄 종료 시각이 없음,https://www.schoolinfo.go.kr/ei/ss/Pneiss_b01_s0.do?SHL_IDF_CD=e6a2c451-8902-42c2-a5ea-187ace342174,https://www.schoolinfo.go.kr/ei/pp/Pneipp_b14_s0p.do?GS_HANGMOK_CD=14&GS_HANGMOK_NO=2-%EA%B0%80&GS_HANGMOK_NM=%ED%95%99%EA%B5%90%EA%B5%90%EC%9C%A1%EA%B3%BC%EC%A0%95+%ED%8E%B8%EC%84%B1%E3%86%8D%EC%9A%B4%EC%98%81+%EB%B0%8F+%ED%8F%89%EA%B0%80%EC%97%90+%EA%B4%80%ED%95%9C+%EC%82%AC%ED%95%AD&GS_BURYU_CD=JG100&JG_BURYU_CD=JG020&JG_HANGMOK_CD=05&JG_GUBUN=1&JG_YEAR2=2026&HG_NM=%EC%B2%AD%EC%9B%90%EC%B4%88%EB%93%B1%ED%95%99%EA%B5%90&SHL_IDF_CD=e6a2c451-8902-42c2-a5ea-187ace342174&GS_TYPE=Y&JG_YEAR=2026&SORT=BR&CHOSEN_JG_YEAR=2026&PRE_JG_YEAR=2026&LOAD_TYPE=single,2026학년도 청원초 학교교육과정 편성 운영 평가 계획.hwp,https://www.schoolinfo.go.kr/ei/pp/Pneipp_b73_s0p.do?GS_HANGMOK_CD=73&GS_HANGMOK_NO=15-%EB%9D%BC&GS_HANGMOK_NM=%EB%B0%A9%EA%B3%BC%ED%9B%84%ED%95%99%EA%B5%90+%EC%9A%B4%EC%98%81+%EA%B3%84%ED%9A%8D+%EB%B0%8F+%EC%9A%B4%EC%98%81%E3%86%8D%EC%A7%80%EC%9B%90%ED%98%84%ED%99%A9&GS_BURYU_CD=JG130&JG_BURYU_CD=JG150&JG_HANGMOK_CD=59&JG_GUBUN=1&JG_YEAR2=2026&HG_NM=%EC%B2%AD%EC%9B%90%EC%B4%88%EB%93%B1%ED%95%99%EA%B5%90&SHL_IDF_CD=e6a2c451-8902-42c2-a5ea-187ace342174&GS_TYPE=Y&JG_YEAR=2026&SORT=BR&CHOSEN_JG_YEAR=2026&PRE_JG_YEAR=2026&LOAD_TYPE=single,2026학년도 1학기 화목방과후학교 운영 계획.hwp,,,,,,,,,,
wave2_seoul,B000002079,태강삼육초등학교,서울특별시,2-가 문서에서 시정표를 찾지 못함(요약본이거나 표가 이미지일 수 있음),15-라 계획에 1학년 오후돌봄 종료 시각이 없음 (돌봄 종료 시각 없음(1차·2차 하교 시각만 있음)),https://www.schoolinfo.go.kr/ei/ss/Pneiss_b01_s0.do?SHL_IDF_CD=3ddc670c-04bb-44e8-9966-791af18eb7a6,https://www.schoolinfo.go.kr/ei/pp/Pneipp_b14_s0p.do?GS_HANGMOK_CD=14&GS_HANGMOK_NO=2-%EA%B0%80&GS_HANGMOK_NM=%ED%95%99%EA%B5%90%EA%B5%90%EC%9C%A1%EA%B3%BC%EC%A0%95+%ED%8E%B8%EC%84%B1%E3%86%8D%EC%9A%B4%EC%98%81+%EB%B0%8F+%ED%8F%89%EA%B0%80%EC%97%90+%EA%B4%80%ED%95%9C+%EC%82%AC%ED%95%AD&GS_BURYU_CD=JG100&JG_BURYU_CD=JG020&JG_HANGMOK_CD=05&JG_GUBUN=1&JG_YEAR2=2026&HG_NM=%ED%83%9C%EA%B0%95%EC%82%BC%EC%9C%A1%EC%B4%88%EB%93%B1%ED%95%99%EA%B5%90&SHL_IDF_CD=3ddc670c-04bb-44e8-9966-791af18eb7a6&GS_TYPE=Y&JG_YEAR=2026&SORT=BR&CHOSEN_JG_YEAR=2026&PRE_JG_YEAR=2026&LOAD_TYPE=single,2026학년도 태강삼육초 연간학사일정.pdf / 2026학년도 태강삼육초 학교교육과정 편성운영평가 계획.pdf,https://www.schoolinfo.go.kr/ei/pp/Pneipp_b73_s0p.do?GS_HANGMOK_CD=73&GS_HANGMOK_NO=15-%EB%9D%BC&GS_HANGMOK_NM=%EB%B0%A9%EA%B3%BC%ED%9B%84%ED%95%99%EA%B5%90+%EC%9A%B4%EC%98%81+%EA%B3%84%ED%9A%8D+%EB%B0%8F+%EC%9A%B4%EC%98%81%E3%86%8D%EC%A7%80%EC%9B%90%ED%98%84%ED%99%A9&GS_BURYU_CD=JG130&JG_BURYU_CD=JG150&JG_HANGMOK_CD=59&JG_GUBUN=1&JG_YEAR2=2026&HG_NM=%ED%83%9C%EA%B0%95%EC%82%BC%EC%9C%A1%EC%B4%88%EB%93%B1%ED%95%99%EA%B5%90&SHL_IDF_CD=3ddc670c-04bb-44e8-9966-791af18eb7a6&GS_TYPE=Y&JG_YEAR=2026&SORT=BR&CHOSEN_JG_YEAR=2026&PRE_JG_YEAR=2026&LOAD_TYPE=single,방과후학교 지원 현황(2025학년도).hwp / (2026학년도)돌봄교실 운영계획안.hwpx / 방과후학교 운영현황(2026학년도 4월 신청자 명단).xlsx / (2026학년도)특기교육부 교육과정 운영계획.hwpx,,,,,,,,,,
wave2_seoul,B000002080,화랑초등학교,서울특별시,,15-라 계획에 1학년 오후돌봄 종료 시각이 없음 (방과후학교 시간만 있음),https://www.schoolinfo.go.kr/ei/ss/Pneiss_b01_s0.do?SHL_IDF_CD=669c6e89-38a3-4547-92f8-afb31abb9d7f,https://www.schoolinfo.go.kr/ei/pp/Pneipp_b14_s0p.do?GS_HANGMOK_CD=14&GS_HANGMOK_NO=2-%EA%B0%80&GS_HANGMOK_NM=%ED%95%99%EA%B5%90%EA%B5%90%EC%9C%A1%EA%B3%BC%EC%A0%95+%ED%8E%B8%EC%84%B1%E3%86%8D%EC%9A%B4%EC%98%81+%EB%B0%8F+%ED%8F%89%EA%B0%80%EC%97%90+%EA%B4%80%ED%95%9C+%EC%82%AC%ED%95%AD&GS_BURYU_CD=JG100&JG_BURYU_CD=JG020&JG_HANGMOK_CD=05&JG_GUBUN=1&JG_YEAR2=2026&HG_NM=%ED%99%94%EB%9E%91%EC%B4%88%EB%93%B1%ED%95%99%EA%B5%90&SHL_IDF_CD=669c6e89-38a3-4547-92f8-afb31abb9d7f&GS_TYPE=Y&JG_YEAR=2026&SORT=BR&CHOSEN_JG_YEAR=2026&PRE_JG_YEAR=2026&LOAD_TYPE=single,정보공시_교육과정_평가_계획.hwpx / 정보공시_교육과정_편성_운영.hwpx,https://www.schoolinfo.go.kr/ei/pp/Pneipp_b73_s0p.do?GS_HANGMOK_CD=73&GS_HANGMOK_NO=15-%EB%9D%BC&GS_HANGMOK_NM=%EB%B0%A9%EA%B3%BC%ED%9B%84%ED%95%99%EA%B5%90+%EC%9A%B4%EC%98%81+%EA%B3%84%ED%9A%8D+%EB%B0%8F+%EC%9A%B4%EC%98%81%E3%86%8D%EC%A7%80%EC%9B%90%ED%98%84%ED%99%A9&GS_BURYU_CD=JG130&JG_BURYU_CD=JG150&JG_HANGMOK_CD=59&JG_GUBUN=1&JG_YEAR2=2026&HG_NM=%ED%99%94%EB%9E%91%EC%B4%88%EB%93%B1%ED%95%99%EA%B5%90&SHL_IDF_CD=669c6e89-38a3-4547-92f8-afb31abb9d7f&GS_TYPE=Y&JG_YEAR=2026&SORT=BR&CHOSEN_JG_YEAR=2026&PRE_JG_YEAR=2026&LOAD_TYPE=single,2026 방과후학교 운영 계획.hwp,,,,,,,,,,
wave2_seoul,B000002081,상명초등학교,서울특별시,2-가 문서에서 시정표를 찾지 못함(요약본이거나 표가 이미지일 수 있음),15-라 계획에 1학년 오후돌봄 종료 시각이 없음,https://www.schoolinfo.go.kr/ei/ss/Pneiss_b01_s0.do?SHL_IDF_CD=2146f62d-1cad-4662-99b8-83057ac5999b,https://www.schoolinfo.go.kr/ei/pp/Pneipp_b14_s0p.do?GS_HANGMOK_CD=14&GS_HANGMOK_NO=2-%EA%B0%80&GS_HANGMOK_NM=%ED%95%99%EA%B5%90%EA%B5%90%EC%9C%A1%EA%B3%BC%EC%A0%95+%ED%8E%B8%EC%84%B1%E3%86%8D%EC%9A%B4%EC%98%81+%EB%B0%8F+%ED%8F%89%EA%B0%80%EC%97%90+%EA%B4%80%ED%95%9C+%EC%82%AC%ED%95%AD&GS_BURYU_CD=JG100&JG_BURYU_CD=JG020&JG_HANGMOK_CD=05&JG_GUBUN=1&JG_YEAR2=2026&HG_NM=%EC%83%81%EB%AA%85%EC%B4%88%EB%93%B1%ED%95%99%EA%B5%90&SHL_IDF_CD=2146f62d-1cad-4662-99b8-83057ac5999b&GS_TYPE=Y&JG_YEAR=2026&SORT=BR&CHOSEN_JG_YEAR=2026&PRE_JG_YEAR=2026&LOAD_TYPE=single,2026학년도 학교교육과정 편성 운영 및 평가계획(교과 체험활동계획포함) 1부.pdf,https://www.schoolinfo.go.kr/ei/pp/Pneipp_b73_s0p.do?GS_HANGMOK_CD=73&GS_HANGMOK_NO=15-%EB%9D%BC&GS_HANGMOK_NM=%EB%B0%A9%EA%B3%BC%ED%9B%84%ED%95%99%EA%B5%90+%EC%9A%B4%EC%98%81+%EA%B3%84%ED%9A%8D+%EB%B0%8F+%EC%9A%B4%EC%98%81%E3%86%8D%EC%A7%80%EC%9B%90%ED%98%84%ED%99%A9&GS_BURYU_CD=JG130&JG_BURYU_CD=JG150&JG_HANGMOK_CD=59&JG_GUBUN=1&JG_YEAR2=2026&HG_NM=%EC%83%81%EB%AA%85%EC%B4%88%EB%93%B1%ED%95%99%EA%B5%90&SHL_IDF_CD=2146f62d-1cad-4662-99b8-83057ac5999b&GS_TYPE=Y&JG_YEAR=2026&SORT=BR&CHOSEN_JG_YEAR=2026&PRE_JG_YEAR=2026&LOAD_TYPE=single,(학운위) 2026학년도 방과후학교 연간 운영계획.hwp,,,,,,,,,,
wave2_seoul,B000002082,서울대학교사범대학부설초등학교,서울특별시,2-가 문서에서 시정표를 찾지 못함(요약본이거나 표가 이미지일 수 있음),15-라 계획에 1학년 오후돌봄 종료 시각이 없음 (늘봄교실 프로그램 시간만 있음),https://www.schoolinfo.go.kr/ei/ss/Pneiss_b01_s0.do?SHL_IDF_CD=ebf4644c-1129-4a98-9193-ee3c74192528,https://www.schoolinfo.go.kr/ei/pp/Pneipp_b14_s0p.do?GS_HANGMOK_CD=14&GS_HANGMOK_NO=2-%EA%B0%80&GS_HANGMOK_NM=%ED%95%99%EA%B5%90%EA%B5%90%EC%9C%A1%EA%B3%BC%EC%A0%95+%ED%8E%B8%EC%84%B1%E3%86%8D%EC%9A%B4%EC%98%81+%EB%B0%8F+%ED%8F%89%EA%B0%80%EC%97%90+%EA%B4%80%ED%95%9C+%EC%82%AC%ED%95%AD&GS_BURYU_CD=JG100&JG_BURYU_CD=JG020&JG_HANGMOK_CD=05&JG_GUBUN=1&JG_YEAR2=2026&HG_NM=%EC%84%9C%EC%9A%B8%EB%8C%80%ED%95%99%EA%B5%90%EC%82%AC%EB%B2%94%EB%8C%80%ED%95%99%EB%B6%80%EC%84%A4%EC%B4%88%EB%93%B1%ED%95%99%EA%B5%90&SHL_IDF_CD=ebf4644c-1129-4a98-9193-ee3c74192528&GS_TYPE=Y&JG_YEAR=2026&SORT=BR&CHOSEN_JG_YEAR=2026&PRE_JG_YEAR=2026&LOAD_TYPE=single,02. 교육과정편성.운영계획(0313)최종.hwp,https://www.schoolinfo.go.kr/ei/pp/Pneipp_b73_s0p.do?GS_HANGMOK_CD=73&GS_HANGMOK_NO=15-%EB%9D%BC&GS_HANGMOK_NM=%EB%B0%A9%EA%B3%BC%ED%9B%84%ED%95%99%EA%B5%90+%EC%9A%B4%EC%98%81+%EA%B3%84%ED%9A%8D+%EB%B0%8F+%EC%9A%B4%EC%98%81%E3%86%8D%EC%A7%80%EC%9B%90%ED%98%84%ED%99%A9&GS_BURYU_CD=JG130&JG_BURYU_CD=JG150&JG_HANGMOK_CD=59&JG_GUBUN=1&JG_YEAR2=2026&HG_NM=%EC%84%9C%EC%9A%B8%EB%8C%80%ED%95%99%EA%B5%90%EC%82%AC%EB%B2%94%EB%8C%80%ED%95%99%EB%B6%80%EC%84%A4%EC%B4%88%EB%93%B1%ED%95%99%EA%B5%90&SHL_IDF_CD=ebf4644c-1129-4a98-9193-ee3c74192528&GS_TYPE=Y&JG_YEAR=2026&SORT=BR&CHOSEN_JG_YEAR=2026&PRE_JG_YEAR=2026&LOAD_TYPE=single,"(학운위)2026학년 방과후교실,맞춤형 교실 및 위탁업체 연간 운영 계획.hwp",,,,,,,,,,
wave2_seoul,B000002084,서울매동초등학교,서울특별시,2-가 문서에서 시정표를 찾지 못함(요약본이거나 표가 이미지일 수 있음),,https://www.schoolinfo.go.kr/ei/ss/Pneiss_b01_s0.do?SHL_IDF_CD=0e6647cf-877d-45bf-b3eb-d0de9238c310,https://www.schoolinfo.go.kr/ei/pp/Pneipp_b14_s0p.do?GS_HANGMOK_CD=14&GS_HANGMOK_NO=2-%EA%B0%80&GS_HANGMOK_NM=%ED%95%99%EA%B5%90%EA%B5%90%EC%9C%A1%EA%B3%BC%EC%A0%95+%ED%8E%B8%EC%84%B1%E3%86%8D%EC%9A%B4%EC%98%81+%EB%B0%8F+%ED%8F%89%EA%B0%80%EC%97%90+%EA%B4%80%ED%95%9C+%EC%82%AC%ED%95%AD&GS_BURYU_CD=JG100&JG_BURYU_CD=JG020&JG_HANGMOK_CD=05&JG_GUBUN=1&JG_YEAR2=2026&HG_NM=%EC%84%9C%EC%9A%B8%EB%A7%A4%EB%8F%99%EC%B4%88%EB%93%B1%ED%95%99%EA%B5%90&SHL_IDF_CD=0e6647cf-877d-45bf-b3eb-d0de9238c310&GS_TYPE=Y&JG_YEAR=2026&SORT=BR&CHOSEN_JG_YEAR=2026&PRE_JG_YEAR=2026&LOAD_TYPE=single,2026학년도 매동초 학교교육과정 편성운영·평가·계획.hwp / 2026학년도 매동초 연간학사일정.hwpx,https://www.schoolinfo.go.kr/ei/pp/Pneipp_b73_s0p.do?GS_HANGMOK_CD=73&GS_HANGMOK_NO=15-%EB%9D%BC&GS_HANGMOK_NM=%EB%B0%A9%EA%B3%BC%ED%9B%84%ED%95%99%EA%B5%90+%EC%9A%B4%EC%98%81+%EA%B3%84%ED%9A%8D+%EB%B0%8F+%EC%9A%B4%EC%98%81%E3%86%8D%EC%A7%80%EC%9B%90%ED%98%84%ED%99%A9&GS_BURYU_CD=JG130&JG_BURYU_CD=JG150&JG_HANGMOK_CD=59&JG_GUBUN=1&JG_YEAR2=2026&HG_NM=%EC%84%9C%EC%9A%B8%EB%A7%A4%EB%8F%99%EC%B4%88%EB%93%B1%ED%95%99%EA%B5%90&SHL_IDF_CD=0e6647cf-877d-45bf-b3eb-d0de9238c310&GS_TYPE=Y&JG_YEAR=2026&SORT=BR&CHOSEN_JG_YEAR=2026&PRE_JG_YEAR=2026&LOAD_TYPE=single,"(정보공시) 2026학교교육계획(방과후학교)_방과후, 맞춤형, 돌봄.hwp",,,,,,,,,,
wave2_seoul,B000002085,서울재동초등학교,서울특별시,2-가 문서에서 시정표를 찾지 못함(요약본이거나 표가 이미지일 수 있음),15-라 계획에 1학년 오후돌봄 종료 시각이 없음 (17:00 이후 하교 또는 돌봄교실로만 적혀 종료 시각 불명),https://www.schoolinfo.go.kr/ei/ss/Pneiss_b01_s0.do?SHL_IDF_CD=a9024d92-1379-496e-8473-7a63f6e8bcf6,https://www.schoolinfo.go.kr/ei/pp/Pneipp_b14_s0p.do?GS_HANGMOK_CD=14&GS_HANGMOK_NO=2-%EA%B0%80&GS_HANGMOK_NM=%ED%95%99%EA%B5%90%EA%B5%90%EC%9C%A1%EA%B3%BC%EC%A0%95+%ED%8E%B8%EC%84%B1%E3%86%8D%EC%9A%B4%EC%98%81+%EB%B0%8F+%ED%8F%89%EA%B0%80%EC%97%90+%EA%B4%80%ED%95%9C+%EC%82%AC%ED%95%AD&GS_BURYU_CD=JG100&JG_BURYU_CD=JG020&JG_HANGMOK_CD=05&JG_GUBUN=1&JG_YEAR2=2026&HG_NM=%EC%84%9C%EC%9A%B8%EC%9E%AC%EB%8F%99%EC%B4%88%EB%93%B1%ED%95%99%EA%B5%90&SHL_IDF_CD=a9024d92-1379-496e-8473-7a63f6e8bcf6&GS_TYPE=Y&JG_YEAR=2026&SORT=BR&CHOSEN_JG_YEAR=2026&PRE_JG_YEAR=2026&LOAD_TYPE=single,(서울재동초)2026학년도 학교교육과정 편성운영평가 운영계획.pdf / (서울재동초)2026학년도 연간학사일정.pdf,https://www.schoolinfo.go.kr/ei/pp/Pneipp_b73_s0p.do?GS_HANGMOK_CD=73&GS_HANGMOK_NO=15-%EB%9D%BC&GS_HANGMOK_NM=%EB%B0%A9%EA%B3%BC%ED%9B%84%ED%95%99%EA%B5%90+%EC%9A%B4%EC%98%81+%EA%B3%84%ED%9A%8D+%EB%B0%8F+%EC%9A%B4%EC%98%81%E3%86%8D%EC%A7%80%EC%9B%90%ED%98%84%ED%99%A9&GS_BURYU_CD=JG130&JG_BURYU_CD=JG150&JG_HANGMOK_CD=59&JG_GUBUN=1&JG_YEAR2=2026&HG_NM=%EC%84%9C%EC%9A%B8%EC%9E%AC%EB%8F%99%EC%B4%88%EB%93%B1%ED%95%99%EA%B5%90&SHL_IDF_CD=a9024d92-1379-496e-8473-7a63f6e8bcf6&GS_TYPE=Y&JG_YEAR=2026&SORT=BR&CHOSEN_JG_YEAR=2026&PRE_JG_YEAR=2026&LOAD_TYPE=single,재동초_2026학년도 방과후맞춤형교실 연간운영계획(안).hwpx,,,,,,,,,,
wave2_seoul,B000002086,서울교동초등학교,서울특별시,2-가 문서에서 시정표를 찾지 못함(요약본이거나 표가 이미지일 수 있음),,https://www.schoolinfo.go.kr/ei/ss/Pneiss_b01_s0.do?SHL_IDF_CD=6c6917c5-a537-4e2e-804b-0a95fa82a964,https://www.schoolinfo.go.kr/ei/pp/Pneipp_b14_s0p.do?GS_HANGMOK_CD=14&GS_HANGMOK_NO=2-%EA%B0%80&GS_HANGMOK_NM=%ED%95%99%EA%B5%90%EA%B5%90%EC%9C%A1%EA%B3%BC%EC%A0%95+%ED%8E%B8%EC%84%B1%E3%86%8D%EC%9A%B4%EC%98%81+%EB%B0%8F+%ED%8F%89%EA%B0%80%EC%97%90+%EA%B4%80%ED%95%9C+%EC%82%AC%ED%95%AD&GS_BURYU_CD=JG100&JG_BURYU_CD=JG020&JG_HANGMOK_CD=05&JG_GUBUN=1&JG_YEAR2=2026&HG_NM=%EC%84%9C%EC%9A%B8%EA%B5%90%EB%8F%99%EC%B4%88%EB%93%B1%ED%95%99%EA%B5%90&SHL_IDF_CD=6c6917c5-a537-4e2e-804b-0a95fa82a964&GS_TYPE=Y&JG_YEAR=2026&SORT=BR&CHOSEN_JG_YEAR=2026&PRE_JG_YEAR=2026&LOAD_TYPE=single,2026학년도 교동초 학교교육과정 편성·운영·평가 계획(정보공시).hwp,https://www.schoolinfo.go.kr/ei/pp/Pneipp_b73_s0p.do?GS_HANGMOK_CD=73&GS_HANGMOK_NO=15-%EB%9D%BC&GS_HANGMOK_NM=%EB%B0%A9%EA%B3%BC%ED%9B%84%ED%95%99%EA%B5%90+%EC%9A%B4%EC%98%81+%EA%B3%84%ED%9A%8D+%EB%B0%8F+%EC%9A%B4%EC%98%81%E3%86%8D%EC%A7%80%EC%9B%90%ED%98%84%ED%99%A9&GS_BURYU_CD=JG130&JG_BURYU_CD=JG150&JG_HANGMOK_CD=59&JG_GUBUN=1&JG_YEAR2=2026&HG_NM=%EC%84%9C%EC%9A%B8%EA%B5%90%EB%8F%99%EC%B4%88%EB%93%B1%ED%95%99%EA%B5%90&SHL_IDF_CD=6c6917c5-a537-4e2e-804b-0a95fa82a964&GS_TYPE=Y&JG_YEAR=2026&SORT=BR&CHOSEN_JG_YEAR=2026&PRE_JG_YEAR=2026&LOAD_TYPE=single,2026학년도 방과후맞춤형 연간운영계획.hwp / 2026학년도 돌봄교실 연간 운영 계획.hwpx,,,,,,,,,,
wave2_seoul,B000002087,서울혜화초등학교,서울특별시,시정표 제목만 있고 표 글자가 없음(이미지 표 가능),,https://www.schoolinfo.go.kr/ei/ss/Pneiss_b01_s0.do?SHL_IDF_CD=9cde048a-f15c-4ce6-bd3f-81fb5d3c7db1,https://www.schoolinfo.go.kr/ei/pp/Pneipp_b14_s0p.do?GS_HANGMOK_CD=14&GS_HANGMOK_NO=2-%EA%B0%80&GS_HANGMOK_NM=%ED%95%99%EA%B5%90%EA%B5%90%EC%9C%A1%EA%B3%BC%EC%A0%95+%ED%8E%B8%EC%84%B1%E3%86%8D%EC%9A%B4%EC%98%81+%EB%B0%8F+%ED%8F%89%EA%B0%80%EC%97%90+%EA%B4%80%ED%95%9C+%EC%82%AC%ED%95%AD&GS_BURYU_CD=JG100&JG_BURYU_CD=JG020&JG_HANGMOK_CD=05&JG_GUBUN=1&JG_YEAR2=2026&HG_NM=%EC%84%9C%EC%9A%B8%ED%98%9C%ED%99%94%EC%B4%88%EB%93%B1%ED%95%99%EA%B5%90&SHL_IDF_CD=9cde048a-f15c-4ce6-bd3f-81fb5d3c7db1&GS_TYPE=Y&JG_YEAR=2026&SORT=BR&CHOSEN_JG_YEAR=2026&PRE_JG_YEAR=2026&LOAD_TYPE=single,(혜화초)학교교육과정 편성.운영 및 평가에 관한 사항.hwpx,https://www.schoolinfo.go.kr/ei/pp/Pneipp_b73_s0p.do?GS_HANGMOK_CD=73&GS_HANGMOK_NO=15-%EB%9D%BC&GS_HANGMOK_NM=%EB%B0%A9%EA%B3%BC%ED%9B%84%ED%95%99%EA%B5%90+%EC%9A%B4%EC%98%81+%EA%B3%84%ED%9A%8D+%EB%B0%8F+%EC%9A%B4%EC%98%81%E3%86%8D%EC%A7%80%EC%9B%90%ED%98%84%ED%99%A9&GS_BURYU_CD=JG130&JG_BURYU_CD=JG150&JG_HANGMOK_CD=59&JG_GUBUN=1&JG_YEAR2=2026&HG_NM=%EC%84%9C%EC%9A%B8%ED%98%9C%ED%99%94%EC%B4%88%EB%93%B1%ED%95%99%EA%B5%90&SHL_IDF_CD=9cde048a-f15c-4ce6-bd3f-81fb5d3c7db1&GS_TYPE=Y&JG_YEAR=2026&SORT=BR&CHOSEN_JG_YEAR=2026&PRE_JG_YEAR=2026&LOAD_TYPE=single,2026학년도 초등돌봄교실 연간 운영 계획(26.2.2.).pdf / 2026학년도 방과후·돌봄 연간 운영 계획(26.2.11.).pdf,,,,,,,,,,
wave2_seoul,B000002088,서울명신초등학교,서울특별시,2-가 문서에서 시정표를 찾지 못함(요약본이거나 표가 이미지일 수 있음),,https://www.schoolinfo.go.kr/ei/ss/Pneiss_b01_s0.do?SHL_IDF_CD=37d8eac8-baab-42e3-83b1-65dd41923f34,https://www.schoolinfo.go.kr/ei/pp/Pneipp_b14_s0p.do?GS_HANGMOK_CD=14&GS_HANGMOK_NO=2-%EA%B0%80&GS_HANGMOK_NM=%ED%95%99%EA%B5%90%EA%B5%90%EC%9C%A1%EA%B3%BC%EC%A0%95+%ED%8E%B8%EC%84%B1%E3%86%8D%EC%9A%B4%EC%98%81+%EB%B0%8F+%ED%8F%89%EA%B0%80%EC%97%90+%EA%B4%80%ED%95%9C+%EC%82%AC%ED%95%AD&GS_BURYU_CD=JG100&JG_BURYU_CD=JG020&JG_HANGMOK_CD=05&JG_GUBUN=1&JG_YEAR2=2026&HG_NM=%EC%84%9C%EC%9A%B8%EB%AA%85%EC%8B%A0%EC%B4%88%EB%93%B1%ED%95%99%EA%B5%90&SHL_IDF_CD=37d8eac8-baab-42e3-83b1-65dd41923f34&GS_TYPE=Y&JG_YEAR=2026&SORT=BR&CHOSEN_JG_YEAR=2026&PRE_JG_YEAR=2026&LOAD_TYPE=single,2026학년도 학교교육과정 편성운영 및 평가에 관한 사항.hwp,https://www.schoolinfo.go.kr/ei/pp/Pneipp_b73_s0p.do?GS_HANGMOK_CD=73&GS_HANGMOK_NO=15-%EB%9D%BC&GS_HANGMOK_NM=%EB%B0%A9%EA%B3%BC%ED%9B%84%ED%95%99%EA%B5%90+%EC%9A%B4%EC%98%81+%EA%B3%84%ED%9A%8D+%EB%B0%8F+%EC%9A%B4%EC%98%81%E3%86%8D%EC%A7%80%EC%9B%90%ED%98%84%ED%99%A9&GS_BURYU_CD=JG130&JG_BURYU_CD=JG150&JG_HANGMOK_CD=59&JG_GUBUN=1&JG_YEAR2=2026&HG_NM=%EC%84%9C%EC%9A%B8%EB%AA%85%EC%8B%A0%EC%B4%88%EB%93%B1%ED%95%99%EA%B5%90&SHL_IDF_CD=37d8eac8-baab-42e3-83b1-65dd41923f34&GS_TYPE=Y&JG_YEAR=2026&SORT=BR&CHOSEN_JG_YEAR=2026&PRE_JG_YEAR=2026&LOAD_TYPE=single,2026 서울명신초등학교 초등돌봄교실 연간운영계획.hwp / 2026학년도 서울명신초등학교 1분기 방과후·맞춤형 프로그램 운영 계획안(마스킹).hwp / 2026학년도 서울명신초등학교 방과후.맞춤형 프로그램 연간운영계획안.hwp,,,,,,,,,,
wave2_seoul,B000002091,서울세검정초등학교,서울특별시,2-가 문서에서 시정표를 찾지 못함(요약본이거나 표가 이미지일 수 있음),,https://www.schoolinfo.go.kr/ei/ss/Pneiss_b01_s0.do?SHL_IDF_CD=0c511657-ccfa-4205-9ef3-ffc665bbbcb2,https://www.schoolinfo.go.kr/ei/pp/Pneipp_b14_s0p.do?GS_HANGMOK_CD=14&GS_HANGMOK_NO=2-%EA%B0%80&GS_HANGMOK_NM=%ED%95%99%EA%B5%90%EA%B5%90%EC%9C%A1%EA%B3%BC%EC%A0%95+%ED%8E%B8%EC%84%B1%E3%86%8D%EC%9A%B4%EC%98%81+%EB%B0%8F+%ED%8F%89%EA%B0%80%EC%97%90+%EA%B4%80%ED%95%9C+%EC%82%AC%ED%95%AD&GS_BURYU_CD=JG100&JG_BURYU_CD=JG020&JG_HANGMOK_CD=05&JG_GUBUN=1&JG_YEAR2=2026&HG_NM=%EC%84%9C%EC%9A%B8%EC%84%B8%EA%B2%80%EC%A0%95%EC%B4%88%EB%93%B1%ED%95%99%EA%B5%90&SHL_IDF_CD=0c511657-ccfa-4205-9ef3-ffc665bbbcb2&GS_TYPE=Y&JG_YEAR=2026&SORT=BR&CHOSEN_JG_YEAR=2026&PRE_JG_YEAR=2026&LOAD_TYPE=single,(세검정초) 학교교육과정 편성운영 및 평가에 관한 사항(수정).hwp,https://www.schoolinfo.go.kr/ei/pp/Pneipp_b73_s0p.do?GS_HANGMOK_CD=73&GS_HANGMOK_NO=15-%EB%9D%BC&GS_HANGMOK_NM=%EB%B0%A9%EA%B3%BC%ED%9B%84%ED%95%99%EA%B5%90+%EC%9A%B4%EC%98%81+%EA%B3%84%ED%9A%8D+%EB%B0%8F+%EC%9A%B4%EC%98%81%E3%86%8D%EC%A7%80%EC%9B%90%ED%98%84%ED%99%A9&GS_BURYU_CD=JG130&JG_BURYU_CD=JG150&JG_HANGMOK_CD=59&JG_GUBUN=1&JG_YEAR2=2026&HG_NM=%EC%84%9C%EC%9A%B8%EC%84%B8%EA%B2%80%EC%A0%95%EC%B4%88%EB%93%B1%ED%95%99%EA%B5%90&SHL_IDF_CD=0c511657-ccfa-4205-9ef3-ffc665bbbcb2&GS_TYPE=Y&JG_YEAR=2026&SORT=BR&CHOSEN_JG_YEAR=2026&PRE_JG_YEAR=2026&LOAD_TYPE=single,2026학년도 세검정초 초등돌봄교실 운영계획.hwp / 2026학년도 세검정초 방과후학교 운영 계획.hwpx,,,,,,,,,,
wave2_seoul,B000002092,서울창신초등학교,서울특별시,"특별실 사용 시간표뿐, 1학년 점심 시각 없음",,https://www.schoolinfo.go.kr/ei/ss/Pneiss_b01_s0.do?SHL_IDF_CD=cc831d93-06c0-46eb-993a-971bb2ed2336,https://www.schoolinfo.go.kr/ei/pp/Pneipp_b14_s0p.do?GS_HANGMOK_CD=14&GS_HANGMOK_NO=2-%EA%B0%80&GS_HANGMOK_NM=%ED%95%99%EA%B5%90%EA%B5%90%EC%9C%A1%EA%B3%BC%EC%A0%95+%ED%8E%B8%EC%84%B1%E3%86%8D%EC%9A%B4%EC%98%81+%EB%B0%8F+%ED%8F%89%EA%B0%80%EC%97%90+%EA%B4%80%ED%95%9C+%EC%82%AC%ED%95%AD&GS_BURYU_CD=JG100&JG_BURYU_CD=JG020&JG_HANGMOK_CD=05&JG_GUBUN=1&JG_YEAR2=2026&HG_NM=%EC%84%9C%EC%9A%B8%EC%B0%BD%EC%8B%A0%EC%B4%88%EB%93%B1%ED%95%99%EA%B5%90&SHL_IDF_CD=cc831d93-06c0-46eb-993a-971bb2ed2336&GS_TYPE=Y&JG_YEAR=2026&SORT=BR&CHOSEN_JG_YEAR=2026&PRE_JG_YEAR=2026&LOAD_TYPE=single,2026학년도 창신초 학교교육과정 편성·운영·평가 계획.hwp,https://www.schoolinfo.go.kr/ei/pp/Pneipp_b73_s0p.do?GS_HANGMOK_CD=73&GS_HANGMOK_NO=15-%EB%9D%BC&GS_HANGMOK_NM=%EB%B0%A9%EA%B3%BC%ED%9B%84%ED%95%99%EA%B5%90+%EC%9A%B4%EC%98%81+%EA%B3%84%ED%9A%8D+%EB%B0%8F+%EC%9A%B4%EC%98%81%E3%86%8D%EC%A7%80%EC%9B%90%ED%98%84%ED%99%A9&GS_BURYU_CD=JG130&JG_BURYU_CD=JG150&JG_HANGMOK_CD=59&JG_GUBUN=1&JG_YEAR2=2026&HG_NM=%EC%84%9C%EC%9A%B8%EC%B0%BD%EC%8B%A0%EC%B4%88%EB%93%B1%ED%95%99%EA%B5%90&SHL_IDF_CD=cc831d93-06c0-46eb-993a-971bb2ed2336&GS_TYPE=Y&JG_YEAR=2026&SORT=BR&CHOSEN_JG_YEAR=2026&PRE_JG_YEAR=2026&LOAD_TYPE=single,2026학년도 1분기 방과후교실 프로그램 운영현황 보고서(4월).hwp / 2025학년도 방과후학교 자유수강권 지원 현황.xlsx / 2026년 초등돌봄교실 운영 계획서.hwp / 2026학년도 방과후·맞춤형 프로그램 운영 계획서.hwp,,,,,,,,,,
wave2_seoul,B000002094,운현초등학교,서울특별시,시정표 제목만 있고 표 글자가 없음(이미지 표 가능),15-라 계획에 1학년 오후돌봄 종료 시각이 없음,https://www.schoolinfo.go.kr/ei/ss/Pneiss_b01_s0.do?SHL_IDF_CD=fa4c7b76-0e2c-469e-9020-7c3676312b02,https://www.schoolinfo.go.kr/ei/pp/Pneipp_b14_s0p.do?GS_HANGMOK_CD=14&GS_HANGMOK_NO=2-%EA%B0%80&GS_HANGMOK_NM=%ED%95%99%EA%B5%90%EA%B5%90%EC%9C%A1%EA%B3%BC%EC%A0%95+%ED%8E%B8%EC%84%B1%E3%86%8D%EC%9A%B4%EC%98%81+%EB%B0%8F+%ED%8F%89%EA%B0%80%EC%97%90+%EA%B4%80%ED%95%9C+%EC%82%AC%ED%95%AD&GS_BURYU_CD=JG100&JG_BURYU_CD=JG020&JG_HANGMOK_CD=05&JG_GUBUN=1&JG_YEAR2=2026&HG_NM=%EC%9A%B4%ED%98%84%EC%B4%88%EB%93%B1%ED%95%99%EA%B5%90&SHL_IDF_CD=fa4c7b76-0e2c-469e-9020-7c3676312b02&GS_TYPE=Y&JG_YEAR=2026&SORT=BR&CHOSEN_JG_YEAR=2026&PRE_JG_YEAR=2026&LOAD_TYPE=single,2026학년도 운현초등학교 교육계획.pdf,https://www.schoolinfo.go.kr/ei/pp/Pneipp_b73_s0p.do?GS_HANGMOK_CD=73&GS_HANGMOK_NO=15-%EB%9D%BC&GS_HANGMOK_NM=%EB%B0%A9%EA%B3%BC%ED%9B%84%ED%95%99%EA%B5%90+%EC%9A%B4%EC%98%81+%EA%B3%84%ED%9A%8D+%EB%B0%8F+%EC%9A%B4%EC%98%81%E3%86%8D%EC%A7%80%EC%9B%90%ED%98%84%ED%99%A9&GS_BURYU_CD=JG130&JG_BURYU_CD=JG150&JG_HANGMOK_CD=59&JG_GUBUN=1&JG_YEAR2=2026&HG_NM=%EC%9A%B4%ED%98%84%EC%B4%88%EB%93%B1%ED%95%99%EA%B5%90&SHL_IDF_CD=fa4c7b76-0e2c-469e-9020-7c3676312b02&GS_TYPE=Y&JG_YEAR=2026&SORT=BR&CHOSEN_JG_YEAR=2026&PRE_JG_YEAR=2026&LOAD_TYPE=single,꿈과 소질을 키워가는 방과후 학교 운영.hwpx,,,,,,,,,,
wave2_seoul,B000002095,상명대학교사범대학부속초등학교,서울특별시,2-가 문서에서 시정표를 찾지 못함(요약본이거나 표가 이미지일 수 있음),15-라 계획에 1학년 오후돌봄 종료 시각이 없음,https://www.schoolinfo.go.kr/ei/ss/Pneiss_b01_s0.do?SHL_IDF_CD=d2729baf-9f46-4ed1-96d7-f5835b7fc75f,https://www.schoolinfo.go.kr/ei/pp/Pneipp_b14_s0p.do?GS_HANGMOK_CD=14&GS_HANGMOK_NO=2-%EA%B0%80&GS_HANGMOK_NM=%ED%95%99%EA%B5%90%EA%B5%90%EC%9C%A1%EA%B3%BC%EC%A0%95+%ED%8E%B8%EC%84%B1%E3%86%8D%EC%9A%B4%EC%98%81+%EB%B0%8F+%ED%8F%89%EA%B0%80%EC%97%90+%EA%B4%80%ED%95%9C+%EC%82%AC%ED%95%AD&GS_BURYU_CD=JG100&JG_BURYU_CD=JG020&JG_HANGMOK_CD=05&JG_GUBUN=1&JG_YEAR2=2026&HG_NM=%EC%83%81%EB%AA%85%EB%8C%80%ED%95%99%EA%B5%90%EC%82%AC%EB%B2%94%EB%8C%80%ED%95%99%EB%B6%80%EC%86%8D%EC%B4%88%EB%93%B1%ED%95%99%EA%B5%90&SHL_IDF_CD=d2729baf-9f46-4ed1-96d7-f5835b7fc75f&GS_TYPE=Y&JG_YEAR=2026&SORT=BR&CHOSEN_JG_YEAR=2026&PRE_JG_YEAR=2026&LOAD_TYPE=single,정보공시(상명부초 학교교육과정 편성운영평가 계획).hwpx / 2026학년도 상명부초 연간학사일정.hwp,https://www.schoolinfo.go.kr/ei/pp/Pneipp_b73_s0p.do?GS_HANGMOK_CD=73&GS_HANGMOK_NO=15-%EB%9D%BC&GS_HANGMOK_NM=%EB%B0%A9%EA%B3%BC%ED%9B%84%ED%95%99%EA%B5%90+%EC%9A%B4%EC%98%81+%EA%B3%84%ED%9A%8D+%EB%B0%8F+%EC%9A%B4%EC%98%81%E3%86%8D%EC%A7%80%EC%9B%90%ED%98%84%ED%99%A9&GS_BURYU_CD=JG130&JG_BURYU_CD=JG150&JG_HANGMOK_CD=59&JG_GUBUN=1&JG_YEAR2=2026&HG_NM=%EC%83%81%EB%AA%85%EB%8C%80%ED%95%99%EA%B5%90%EC%82%AC%EB%B2%94%EB%8C%80%ED%95%99%EB%B6%80%EC%86%8D%EC%B4%88%EB%93%B1%ED%95%99%EA%B5%90&SHL_IDF_CD=d2729baf-9f46-4ed1-96d7-f5835b7fc75f&GS_TYPE=Y&JG_YEAR=2026&SORT=BR&CHOSEN_JG_YEAR=2026&PRE_JG_YEAR=2026&LOAD_TYPE=single,2026 방과후학교 운영계획(0226).hwpx,,,,,,,,,,
wave2_seoul,B000002096,서울남산초등학교,서울특별시,,15-라 계획에 1학년 오후돌봄 종료 시각이 없음 (방과후교실 시간만 있음),https://www.schoolinfo.go.kr/ei/ss/Pneiss_b01_s0.do?SHL_IDF_CD=806a3421-b25d-4c3f-a6c9-d0c2d4711c53,https://www.schoolinfo.go.kr/ei/pp/Pneipp_b14_s0p.do?GS_HANGMOK_CD=14&GS_HANGMOK_NO=2-%EA%B0%80&GS_HANGMOK_NM=%ED%95%99%EA%B5%90%EA%B5%90%EC%9C%A1%EA%B3%BC%EC%A0%95+%ED%8E%B8%EC%84%B1%E3%86%8D%EC%9A%B4%EC%98%81+%EB%B0%8F+%ED%8F%89%EA%B0%80%EC%97%90+%EA%B4%80%ED%95%9C+%EC%82%AC%ED%95%AD&GS_BURYU_CD=JG100&JG_BURYU_CD=JG020&JG_HANGMOK_CD=05&JG_GUBUN=1&JG_YEAR2=2026&HG_NM=%EC%84%9C%EC%9A%B8%EB%82%A8%EC%82%B0%EC%B4%88%EB%93%B1%ED%95%99%EA%B5%90&SHL_IDF_CD=806a3421-b25d-4c3f-a6c9-d0c2d4711c53&GS_TYPE=Y&JG_YEAR=2026&SORT=BR&CHOSEN_JG_YEAR=2026&PRE_JG_YEAR=2026&LOAD_TYPE=single,2026학교교육과정 편성운영 및 평가에 관한 사항.hwpx,https://www.schoolinfo.go.kr/ei/pp/Pneipp_b73_s0p.do?GS_HANGMOK_CD=73&GS_HANGMOK_NO=15-%EB%9D%BC&GS_HANGMOK_NM=%EB%B0%A9%EA%B3%BC%ED%9B%84%ED%95%99%EA%B5%90+%EC%9A%B4%EC%98%81+%EA%B3%84%ED%9A%8D+%EB%B0%8F+%EC%9A%B4%EC%98%81%E3%86%8D%EC%A7%80%EC%9B%90%ED%98%84%ED%99%A9&GS_BURYU_CD=JG130&JG_BURYU_CD=JG150&JG_HANGMOK_CD=59&JG_GUBUN=1&JG_YEAR2=2026&HG_NM=%EC%84%9C%EC%9A%B8%EB%82%A8%EC%82%B0%EC%B4%88%EB%93%B1%ED%95%99%EA%B5%90&SHL_IDF_CD=806a3421-b25d-4c3f-a6c9-d0c2d4711c53&GS_TYPE=Y&JG_YEAR=2026&SORT=BR&CHOSEN_JG_YEAR=2026&PRE_JG_YEAR=2026&LOAD_TYPE=single,(서울남산초등학교-2534 (첨부)) 2026학년도 방과후교실 연간 운영 계획.hwp,,,,,,,,,,
wave2_seoul,B000002097,서울덕수초등학교,서울특별시,2-가 문서에서 시정표를 찾지 못함(요약본이거나 표가 이미지일 수 있음),15-라 계획에 1학년 오후돌봄 종료 시각이 없음 (중구형 돌봄센터 프로그램표만 있고 기본 종료 시각 명시 없음),https://www.schoolinfo.go.kr/ei/ss/Pneiss_b01_s0.do?SHL_IDF_CD=b1c14517-6f78-4160-af42-93641eedaabe,https://www.schoolinfo.go.kr/ei/pp/Pneipp_b14_s0p.do?GS_HANGMOK_CD=14&GS_HANGMOK_NO=2-%EA%B0%80&GS_HANGMOK_NM=%ED%95%99%EA%B5%90%EA%B5%90%EC%9C%A1%EA%B3%BC%EC%A0%95+%ED%8E%B8%EC%84%B1%E3%86%8D%EC%9A%B4%EC%98%81+%EB%B0%8F+%ED%8F%89%EA%B0%80%EC%97%90+%EA%B4%80%ED%95%9C+%EC%82%AC%ED%95%AD&GS_BURYU_CD=JG100&JG_BURYU_CD=JG020&JG_HANGMOK_CD=05&JG_GUBUN=1&JG_YEAR2=2026&HG_NM=%EC%84%9C%EC%9A%B8%EB%8D%95%EC%88%98%EC%B4%88%EB%93%B1%ED%95%99%EA%B5%90&SHL_IDF_CD=b1c14517-6f78-4160-af42-93641eedaabe&GS_TYPE=Y&JG_YEAR=2026&SORT=BR&CHOSEN_JG_YEAR=2026&PRE_JG_YEAR=2026&LOAD_TYPE=single,2026학년도 덕수초 학교교육과정 편성운영평가 계획.hwp / 2026학년도 덕수초 연간학사일정.hwp,https://www.schoolinfo.go.kr/ei/pp/Pneipp_b73_s0p.do?GS_HANGMOK_CD=73&GS_HANGMOK_NO=15-%EB%9D%BC&GS_HANGMOK_NM=%EB%B0%A9%EA%B3%BC%ED%9B%84%ED%95%99%EA%B5%90+%EC%9A%B4%EC%98%81+%EA%B3%84%ED%9A%8D+%EB%B0%8F+%EC%9A%B4%EC%98%81%E3%86%8D%EC%A7%80%EC%9B%90%ED%98%84%ED%99%A9&GS_BURYU_CD=JG130&JG_BURYU_CD=JG150&JG_HANGMOK_CD=59&JG_GUBUN=1&JG_YEAR2=2026&HG_NM=%EC%84%9C%EC%9A%B8%EB%8D%95%EC%88%98%EC%B4%88%EB%93%B1%ED%95%99%EA%B5%90&SHL_IDF_CD=b1c14517-6f78-4160-af42-93641eedaabe&GS_TYPE=Y&JG_YEAR=2026&SORT=BR&CHOSEN_JG_YEAR=2026&PRE_JG_YEAR=2026&LOAD_TYPE=single,(덕수초)2026학년도 방과후.돌봄 운영계획서.pdf,,,,,,,,,,
wave2_seoul,B000002098,서울봉래초등학교,서울특별시,,15-라 계획에 1학년 오후돌봄 종료 시각이 없음 (맞춤형 프로그램 시간표만 있음),https://www.schoolinfo.go.kr/ei/ss/Pneiss_b01_s0.do?SHL_IDF_CD=307d8863-95c5-4c68-a61c-7ee47e401203,https://www.schoolinfo.go.kr/ei/pp/Pneipp_b14_s0p.do?GS_HANGMOK_CD=14&GS_HANGMOK_NO=2-%EA%B0%80&GS_HANGMOK_NM=%ED%95%99%EA%B5%90%EA%B5%90%EC%9C%A1%EA%B3%BC%EC%A0%95+%ED%8E%B8%EC%84%B1%E3%86%8D%EC%9A%B4%EC%98%81+%EB%B0%8F+%ED%8F%89%EA%B0%80%EC%97%90+%EA%B4%80%ED%95%9C+%EC%82%AC%ED%95%AD&GS_BURYU_CD=JG100&JG_BURYU_CD=JG020&JG_HANGMOK_CD=05&JG_GUBUN=1&JG_YEAR2=2026&HG_NM=%EC%84%9C%EC%9A%B8%EB%B4%89%EB%9E%98%EC%B4%88%EB%93%B1%ED%95%99%EA%B5%90&SHL_IDF_CD=307d8863-95c5-4c68-a61c-7ee47e401203&GS_TYPE=Y&JG_YEAR=2026&SORT=BR&CHOSEN_JG_YEAR=2026&PRE_JG_YEAR=2026&LOAD_TYPE=single,2026학년도 학교교육과정 시행 계획 학운위 심의안건 (최종).hwp,https://www.schoolinfo.go.kr/ei/pp/Pneipp_b73_s0p.do?GS_HANGMOK_CD=73&GS_HANGMOK_NO=15-%EB%9D%BC&GS_HANGMOK_NM=%EB%B0%A9%EA%B3%BC%ED%9B%84%ED%95%99%EA%B5%90+%EC%9A%B4%EC%98%81+%EA%B3%84%ED%9A%8D+%EB%B0%8F+%EC%9A%B4%EC%98%81%E3%86%8D%EC%A7%80%EC%9B%90%ED%98%84%ED%99%A9&GS_BURYU_CD=JG130&JG_BURYU_CD=JG150&JG_HANGMOK_CD=59&JG_GUBUN=1&JG_YEAR2=2026&HG_NM=%EC%84%9C%EC%9A%B8%EB%B4%89%EB%9E%98%EC%B4%88%EB%93%B1%ED%95%99%EA%B5%90&SHL_IDF_CD=307d8863-95c5-4c68-a61c-7ee47e401203&GS_TYPE=Y&JG_YEAR=2026&SORT=BR&CHOSEN_JG_YEAR=2026&PRE_JG_YEAR=2026&LOAD_TYPE=single,2026학년도 봉래초 방과후·맞춤형 프로그램 연간운영계획(공개용).hwp,,,,,,,,,,
wave2_seoul,B000002099,서울광희초등학교,서울특별시,2-가 문서에서 시정표를 찾지 못함(요약본이거나 표가 이미지일 수 있음),,https://www.schoolinfo.go.kr/ei/ss/Pneiss_b01_s0.do?SHL_IDF_CD=b4333001-b7d1-4dcf-b8e5-d3dd4d157edc,https://www.schoolinfo.go.kr/ei/pp/Pneipp_b14_s0p.do?GS_HANGMOK_CD=14&GS_HANGMOK_NO=2-%EA%B0%80&GS_HANGMOK_NM=%ED%95%99%EA%B5%90%EA%B5%90%EC%9C%A1%EA%B3%BC%EC%A0%95+%ED%8E%B8%EC%84%B1%E3%86%8D%EC%9A%B4%EC%98%81+%EB%B0%8F+%ED%8F%89%EA%B0%80%EC%97%90+%EA%B4%80%ED%95%9C+%EC%82%AC%ED%95%AD&GS_BURYU_CD=JG100&JG_BURYU_CD=JG020&JG_HANGMOK_CD=05&JG_GUBUN=1&JG_YEAR2=2026&HG_NM=%EC%84%9C%EC%9A%B8%EA%B4%91%ED%9D%AC%EC%B4%88%EB%93%B1%ED%95%99%EA%B5%90&SHL_IDF_CD=b4333001-b7d1-4dcf-b8e5-d3dd4d157edc&GS_TYPE=Y&JG_YEAR=2026&SORT=BR&CHOSEN_JG_YEAR=2026&PRE_JG_YEAR=2026&LOAD_TYPE=single,"2026학년도 광희초 연간학사일정.pdf / 2026학년도 광희초 학교교육과정의 편성,운영,평가계획.pdf",https://www.schoolinfo.go.kr/ei/pp/Pneipp_b73_s0p.do?GS_HANGMOK_CD=73&GS_HANGMOK_NO=15-%EB%9D%BC&GS_HANGMOK_NM=%EB%B0%A9%EA%B3%BC%ED%9B%84%ED%95%99%EA%B5%90+%EC%9A%B4%EC%98%81+%EA%B3%84%ED%9A%8D+%EB%B0%8F+%EC%9A%B4%EC%98%81%E3%86%8D%EC%A7%80%EC%9B%90%ED%98%84%ED%99%A9&GS_BURYU_CD=JG130&JG_BURYU_CD=JG150&JG_HANGMOK_CD=59&JG_GUBUN=1&JG_YEAR2=2026&HG_NM=%EC%84%9C%EC%9A%B8%EA%B4%91%ED%9D%AC%EC%B4%88%EB%93%B1%ED%95%99%EA%B5%90&SHL_IDF_CD=b4333001-b7d1-4dcf-b8e5-d3dd4d157edc&GS_TYPE=Y&JG_YEAR=2026&SORT=BR&CHOSEN_JG_YEAR=2026&PRE_JG_YEAR=2026&LOAD_TYPE=single,3. 2025학년도 광희초등학교 방과후학교 교육경비보조금 정산서.hwpx / 2-3. 2026학년도 광희초등학교 중구형 초등돌봄 새솔반 출석부.pdf / 2-2. 2026학년도 광희초등학교 중구형 초등돌봄 도담반 출석부.pdf / 2-1. 2026학년도 광희초등학교 방과후·맞춤형교실 수강생 현황 및 출석부.pdf / 1-2. 2026학년도 광희초등학교 중구형 초등돌봄 사업계획서.pdf / 1-1. 2026학년도 광희초등학교 방과후·맞춤형교실 운영계획.hwpx,,,,,,,,,,
wave2_seoul,B000002100,서울장충초등학교,서울특별시,2-가 문서에서 시정표를 찾지 못함(요약본이거나 표가 이미지일 수 있음),15-라 계획에 1학년 오후돌봄 종료 시각이 없음,https://www.schoolinfo.go.kr/ei/ss/Pneiss_b01_s0.do?SHL_IDF_CD=43eddac8-4452-4313-8816-5fcf79890f20,https://www.schoolinfo.go.kr/ei/pp/Pneipp_b14_s0p.do?GS_HANGMOK_CD=14&GS_HANGMOK_NO=2-%EA%B0%80&GS_HANGMOK_NM=%ED%95%99%EA%B5%90%EA%B5%90%EC%9C%A1%EA%B3%BC%EC%A0%95+%ED%8E%B8%EC%84%B1%E3%86%8D%EC%9A%B4%EC%98%81+%EB%B0%8F+%ED%8F%89%EA%B0%80%EC%97%90+%EA%B4%80%ED%95%9C+%EC%82%AC%ED%95%AD&GS_BURYU_CD=JG100&JG_BURYU_CD=JG020&JG_HANGMOK_CD=05&JG_GUBUN=1&JG_YEAR2=2026&HG_NM=%EC%84%9C%EC%9A%B8%EC%9E%A5%EC%B6%A9%EC%B4%88%EB%93%B1%ED%95%99%EA%B5%90&SHL_IDF_CD=43eddac8-4452-4313-8816-5fcf79890f20&GS_TYPE=Y&JG_YEAR=2026&SORT=BR&CHOSEN_JG_YEAR=2026&PRE_JG_YEAR=2026&LOAD_TYPE=single,(장충초)2026 학교교육과정 평가.hwpx / (장충초)2026 학교교육과정 편성운영.hwpx,https://www.schoolinfo.go.kr/ei/pp/Pneipp_b73_s0p.do?GS_HANGMOK_CD=73&GS_HANGMOK_NO=15-%EB%9D%BC&GS_HANGMOK_NM=%EB%B0%A9%EA%B3%BC%ED%9B%84%ED%95%99%EA%B5%90+%EC%9A%B4%EC%98%81+%EA%B3%84%ED%9A%8D+%EB%B0%8F+%EC%9A%B4%EC%98%81%E3%86%8D%EC%A7%80%EC%9B%90%ED%98%84%ED%99%A9&GS_BURYU_CD=JG130&JG_BURYU_CD=JG150&JG_HANGMOK_CD=59&JG_GUBUN=1&JG_YEAR2=2026&HG_NM=%EC%84%9C%EC%9A%B8%EC%9E%A5%EC%B6%A9%EC%B4%88%EB%93%B1%ED%95%99%EA%B5%90&SHL_IDF_CD=43eddac8-4452-4313-8816-5fcf79890f20&GS_TYPE=Y&JG_YEAR=2026&SORT=BR&CHOSEN_JG_YEAR=2026&PRE_JG_YEAR=2026&LOAD_TYPE=single,2025학년도 장충초 늘봄학교 운영계획(안)-최종.hwp / 2026학년도 장충초 방과후맞춤형 운영계획(수정 학운위).hwp,,,,,,,,,,
wave2_seoul,B000002101,서울신당초등학교,서울특별시,,15-라 계획에 1학년 오후돌봄 종료 시각이 없음 (돌봄 종료 시각 문구 없음),https://www.schoolinfo.go.kr/ei/ss/Pneiss_b01_s0.do?SHL_IDF_CD=642d3598-5557-4661-9469-3d341dcd908c,https://www.schoolinfo.go.kr/ei/pp/Pneipp_b14_s0p.do?GS_HANGMOK_CD=14&GS_HANGMOK_NO=2-%EA%B0%80&GS_HANGMOK_NM=%ED%95%99%EA%B5%90%EA%B5%90%EC%9C%A1%EA%B3%BC%EC%A0%95+%ED%8E%B8%EC%84%B1%E3%86%8D%EC%9A%B4%EC%98%81+%EB%B0%8F+%ED%8F%89%EA%B0%80%EC%97%90+%EA%B4%80%ED%95%9C+%EC%82%AC%ED%95%AD&GS_BURYU_CD=JG100&JG_BURYU_CD=JG020&JG_HANGMOK_CD=05&JG_GUBUN=1&JG_YEAR2=2026&HG_NM=%EC%84%9C%EC%9A%B8%EC%8B%A0%EB%8B%B9%EC%B4%88%EB%93%B1%ED%95%99%EA%B5%90&SHL_IDF_CD=642d3598-5557-4661-9469-3d341dcd908c&GS_TYPE=Y&JG_YEAR=2026&SORT=BR&CHOSEN_JG_YEAR=2026&PRE_JG_YEAR=2026&LOAD_TYPE=single,2026학년도 신당교육과정 운영계획(정보공시).pdf,https://www.schoolinfo.go.kr/ei/pp/Pneipp_b73_s0p.do?GS_HANGMOK_CD=73&GS_HANGMOK_NO=15-%EB%9D%BC&GS_HANGMOK_NM=%EB%B0%A9%EA%B3%BC%ED%9B%84%ED%95%99%EA%B5%90+%EC%9A%B4%EC%98%81+%EA%B3%84%ED%9A%8D+%EB%B0%8F+%EC%9A%B4%EC%98%81%E3%86%8D%EC%A7%80%EC%9B%90%ED%98%84%ED%99%A9&GS_BURYU_CD=JG130&JG_BURYU_CD=JG150&JG_HANGMOK_CD=59&JG_GUBUN=1&JG_YEAR2=2026&HG_NM=%EC%84%9C%EC%9A%B8%EC%8B%A0%EB%8B%B9%EC%B4%88%EB%93%B1%ED%95%99%EA%B5%90&SHL_IDF_CD=642d3598-5557-4661-9469-3d341dcd908c&GS_TYPE=Y&JG_YEAR=2026&SORT=BR&CHOSEN_JG_YEAR=2026&PRE_JG_YEAR=2026&LOAD_TYPE=single,2026학년도 신당초 방과후학교 운영 계획(안).hwp,,,,,,,,,,
wave2_seoul,B000002103,서울청구초등학교,서울특별시,2-가 문서에서 시정표를 찾지 못함(요약본이거나 표가 이미지일 수 있음),,https://www.schoolinfo.go.kr/ei/ss/Pneiss_b01_s0.do?SHL_IDF_CD=9d6e8153-e572-4bea-94fa-487730c4f1c8,https://www.schoolinfo.go.kr/ei/pp/Pneipp_b14_s0p.do?GS_HANGMOK_CD=14&GS_HANGMOK_NO=2-%EA%B0%80&GS_HANGMOK_NM=%ED%95%99%EA%B5%90%EA%B5%90%EC%9C%A1%EA%B3%BC%EC%A0%95+%ED%8E%B8%EC%84%B1%E3%86%8D%EC%9A%B4%EC%98%81+%EB%B0%8F+%ED%8F%89%EA%B0%80%EC%97%90+%EA%B4%80%ED%95%9C+%EC%82%AC%ED%95%AD&GS_BURYU_CD=JG100&JG_BURYU_CD=JG020&JG_HANGMOK_CD=05&JG_GUBUN=1&JG_YEAR2=2026&HG_NM=%EC%84%9C%EC%9A%B8%EC%B2%AD%EA%B5%AC%EC%B4%88%EB%93%B1%ED%95%99%EA%B5%90&SHL_IDF_CD=9d6e8153-e572-4bea-94fa-487730c4f1c8&GS_TYPE=Y&JG_YEAR=2026&SORT=BR&CHOSEN_JG_YEAR=2026&PRE_JG_YEAR=2026&LOAD_TYPE=single,연간학사일정.hwp / 학교교육과정 편성 운영 평가 계획.hwpx,https://www.schoolinfo.go.kr/ei/pp/Pneipp_b73_s0p.do?GS_HANGMOK_CD=73&GS_HANGMOK_NO=15-%EB%9D%BC&GS_HANGMOK_NM=%EB%B0%A9%EA%B3%BC%ED%9B%84%ED%95%99%EA%B5%90+%EC%9A%B4%EC%98%81+%EA%B3%84%ED%9A%8D+%EB%B0%8F+%EC%9A%B4%EC%98%81%E3%86%8D%EC%A7%80%EC%9B%90%ED%98%84%ED%99%A9&GS_BURYU_CD=JG130&JG_BURYU_CD=JG150&JG_HANGMOK_CD=59&JG_GUBUN=1&JG_YEAR2=2026&HG_NM=%EC%84%9C%EC%9A%B8%EC%B2%AD%EA%B5%AC%EC%B4%88%EB%93%B1%ED%95%99%EA%B5%90&SHL_IDF_CD=9d6e8153-e572-4bea-94fa-487730c4f1c8&GS_TYPE=Y&JG_YEAR=2026&SORT=BR&CHOSEN_JG_YEAR=2026&PRE_JG_YEAR=2026&LOAD_TYPE=single,(청구초)돌봄교실 운영계획.pdf / (청구초) 2026학년도 방과후 맞춤형 프로그램 운영계획.hwp / (청구초) 2026학년도 특수방과후교실 운영 계획.hwp / [청구초]2026학년도 민참컴퓨터교실 연간 운영계획.pdf,,,,,,,,,,
wave2_seoul,B000002104,서울충무초등학교,서울특별시,2-가 문서에서 시정표를 찾지 못함(요약본이거나 표가 이미지일 수 있음),15-라 계획에 1학년 오후돌봄 종료 시각이 없음,https://www.schoolinfo.go.kr/ei/ss/Pneiss_b01_s0.do?SHL_IDF_CD=5d524526-d671-4849-ab89-815204912cf8,https://www.schoolinfo.go.kr/ei/pp/Pneipp_b14_s0p.do?GS_HANGMOK_CD=14&GS_HANGMOK_NO=2-%EA%B0%80&GS_HANGMOK_NM=%ED%95%99%EA%B5%90%EA%B5%90%EC%9C%A1%EA%B3%BC%EC%A0%95+%ED%8E%B8%EC%84%B1%E3%86%8D%EC%9A%B4%EC%98%81+%EB%B0%8F+%ED%8F%89%EA%B0%80%EC%97%90+%EA%B4%80%ED%95%9C+%EC%82%AC%ED%95%AD&GS_BURYU_CD=JG100&JG_BURYU_CD=JG020&JG_HANGMOK_CD=05&JG_GUBUN=1&JG_YEAR2=2026&HG_NM=%EC%84%9C%EC%9A%B8%EC%B6%A9%EB%AC%B4%EC%B4%88%EB%93%B1%ED%95%99%EA%B5%90&SHL_IDF_CD=5d524526-d671-4849-ab89-815204912cf8&GS_TYPE=Y&JG_YEAR=2026&SORT=BR&CHOSEN_JG_YEAR=2026&PRE_JG_YEAR=2026&LOAD_TYPE=single,2026 서울충무초 학사일정.pdf / 2026 서울충무초 학교교육과정 편성 운영 및 평가.pdf,https://www.schoolinfo.go.kr/ei/pp/Pneipp_b73_s0p.do?GS_HANGMOK_CD=73&GS_HANGMOK_NO=15-%EB%9D%BC&GS_HANGMOK_NM=%EB%B0%A9%EA%B3%BC%ED%9B%84%ED%95%99%EA%B5%90+%EC%9A%B4%EC%98%81+%EA%B3%84%ED%9A%8D+%EB%B0%8F+%EC%9A%B4%EC%98%81%E3%86%8D%EC%A7%80%EC%9B%90%ED%98%84%ED%99%A9&GS_BURYU_CD=JG130&JG_BURYU_CD=JG150&JG_HANGMOK_CD=59&JG_GUBUN=1&JG_YEAR2=2026&HG_NM=%EC%84%9C%EC%9A%B8%EC%B6%A9%EB%AC%B4%EC%B4%88%EB%93%B1%ED%95%99%EA%B5%90&SHL_IDF_CD=5d524526-d671-4849-ab89-815204912cf8&GS_TYPE=Y&JG_YEAR=2026&SORT=BR&CHOSEN_JG_YEAR=2026&PRE_JG_YEAR=2026&LOAD_TYPE=single,학교운영위원회 안건서(2026학년도 방과후·맞춤형프로그램 운영 계획).hwp,,,,,,,,,,
wave2_seoul,B000002105,리라초등학교,서울특별시,,15-라 계획에 1학년 오후돌봄 종료 시각이 없음 (돌봄 시간 문구 없음),https://www.schoolinfo.go.kr/ei/ss/Pneiss_b01_s0.do?SHL_IDF_CD=cc3480ae-1aed-44d9-9245-7e8bdb2a3f5a,https://www.schoolinfo.go.kr/ei/pp/Pneipp_b14_s0p.do?GS_HANGMOK_CD=14&GS_HANGMOK_NO=2-%EA%B0%80&GS_HANGMOK_NM=%ED%95%99%EA%B5%90%EA%B5%90%EC%9C%A1%EA%B3%BC%EC%A0%95+%ED%8E%B8%EC%84%B1%E3%86%8D%EC%9A%B4%EC%98%81+%EB%B0%8F+%ED%8F%89%EA%B0%80%EC%97%90+%EA%B4%80%ED%95%9C+%EC%82%AC%ED%95%AD&GS_BURYU_CD=JG100&JG_BURYU_CD=JG020&JG_HANGMOK_CD=05&JG_GUBUN=1&JG_YEAR2=2026&HG_NM=%EB%A6%AC%EB%9D%BC%EC%B4%88%EB%93%B1%ED%95%99%EA%B5%90&SHL_IDF_CD=cc3480ae-1aed-44d9-9245-7e8bdb2a3f5a&GS_TYPE=Y&JG_YEAR=2026&SORT=BR&CHOSEN_JG_YEAR=2026&PRE_JG_YEAR=2026&LOAD_TYPE=single,2026 학교교육과정 편성운영 및 평가 계획(리라초).pdf,https://www.schoolinfo.go.kr/ei/pp/Pneipp_b73_s0p.do?GS_HANGMOK_CD=73&GS_HANGMOK_NO=15-%EB%9D%BC&GS_HANGMOK_NM=%EB%B0%A9%EA%B3%BC%ED%9B%84%ED%95%99%EA%B5%90+%EC%9A%B4%EC%98%81+%EA%B3%84%ED%9A%8D+%EB%B0%8F+%EC%9A%B4%EC%98%81%E3%86%8D%EC%A7%80%EC%9B%90%ED%98%84%ED%99%A9&GS_BURYU_CD=JG130&JG_BURYU_CD=JG150&JG_HANGMOK_CD=59&JG_GUBUN=1&JG_YEAR2=2026&HG_NM=%EB%A6%AC%EB%9D%BC%EC%B4%88%EB%93%B1%ED%95%99%EA%B5%90&SHL_IDF_CD=cc3480ae-1aed-44d9-9245-7e8bdb2a3f5a&GS_TYPE=Y&JG_YEAR=2026&SORT=BR&CHOSEN_JG_YEAR=2026&PRE_JG_YEAR=2026&LOAD_TYPE=single,방과후 운영계획(2026).hwp,,,,,,,,,,
wave2_seoul,B000002106,숭의초등학교,서울특별시,2-가 문서에서 시정표를 찾지 못함(요약본이거나 표가 이미지일 수 있음),15-라 계획에 1학년 오후돌봄 종료 시각이 없음,https://www.schoolinfo.go.kr/ei/ss/Pneiss_b01_s0.do?SHL_IDF_CD=81b0169a-eeca-413c-875f-7f6e37065f7c,https://www.schoolinfo.go.kr/ei/pp/Pneipp_b14_s0p.do?GS_HANGMOK_CD=14&GS_HANGMOK_NO=2-%EA%B0%80&GS_HANGMOK_NM=%ED%95%99%EA%B5%90%EA%B5%90%EC%9C%A1%EA%B3%BC%EC%A0%95+%ED%8E%B8%EC%84%B1%E3%86%8D%EC%9A%B4%EC%98%81+%EB%B0%8F+%ED%8F%89%EA%B0%80%EC%97%90+%EA%B4%80%ED%95%9C+%EC%82%AC%ED%95%AD&GS_BURYU_CD=JG100&JG_BURYU_CD=JG020&JG_HANGMOK_CD=05&JG_GUBUN=1&JG_YEAR2=2026&HG_NM=%EC%88%AD%EC%9D%98%EC%B4%88%EB%93%B1%ED%95%99%EA%B5%90&SHL_IDF_CD=81b0169a-eeca-413c-875f-7f6e37065f7c&GS_TYPE=Y&JG_YEAR=2026&SORT=BR&CHOSEN_JG_YEAR=2026&PRE_JG_YEAR=2026&LOAD_TYPE=single,(2026)숭의초 교육과정 편성_운영_평가.pdf,https://www.schoolinfo.go.kr/ei/pp/Pneipp_b73_s0p.do?GS_HANGMOK_CD=73&GS_HANGMOK_NO=15-%EB%9D%BC&GS_HANGMOK_NM=%EB%B0%A9%EA%B3%BC%ED%9B%84%ED%95%99%EA%B5%90+%EC%9A%B4%EC%98%81+%EA%B3%84%ED%9A%8D+%EB%B0%8F+%EC%9A%B4%EC%98%81%E3%86%8D%EC%A7%80%EC%9B%90%ED%98%84%ED%99%A9&GS_BURYU_CD=JG130&JG_BURYU_CD=JG150&JG_HANGMOK_CD=59&JG_GUBUN=1&JG_YEAR2=2026&HG_NM=%EC%88%AD%EC%9D%98%EC%B4%88%EB%93%B1%ED%95%99%EA%B5%90&SHL_IDF_CD=81b0169a-eeca-413c-875f-7f6e37065f7c&GS_TYPE=Y&JG_YEAR=2026&SORT=BR&CHOSEN_JG_YEAR=2026&PRE_JG_YEAR=2026&LOAD_TYPE=single,2026학년도 방과후학교 연간 운영계획.pdf,,,,,,,,,,
wave2_seoul,B000002107,동산초등학교,서울특별시,,15-라 계획에 1학년 오후돌봄 종료 시각이 없음,https://www.schoolinfo.go.kr/ei/ss/Pneiss_b01_s0.do?SHL_IDF_CD=dd2cf25c-0c9f-455d-9f2e-d559c571ff0b,https://www.schoolinfo.go.kr/ei/pp/Pneipp_b14_s0p.do?GS_HANGMOK_CD=14&GS_HANGMOK_NO=2-%EA%B0%80&GS_HANGMOK_NM=%ED%95%99%EA%B5%90%EA%B5%90%EC%9C%A1%EA%B3%BC%EC%A0%95+%ED%8E%B8%EC%84%B1%E3%86%8D%EC%9A%B4%EC%98%81+%EB%B0%8F+%ED%8F%89%EA%B0%80%EC%97%90+%EA%B4%80%ED%95%9C+%EC%82%AC%ED%95%AD&GS_BURYU_CD=JG100&JG_BURYU_CD=JG020&JG_HANGMOK_CD=05&JG_GUBUN=1&JG_YEAR2=2026&HG_NM=%EB%8F%99%EC%82%B0%EC%B4%88%EB%93%B1%ED%95%99%EA%B5%90&SHL_IDF_CD=dd2cf25c-0c9f-455d-9f2e-d559c571ff0b&GS_TYPE=Y&JG_YEAR=2026&SORT=BR&CHOSEN_JG_YEAR=2026&PRE_JG_YEAR=2026&LOAD_TYPE=single,2026학년도 동산초등학교 학교교육계획서(변경).pdf,https://www.schoolinfo.go.kr/ei/pp/Pneipp_b73_s0p.do?GS_HANGMOK_CD=73&GS_HANGMOK_NO=15-%EB%9D%BC&GS_HANGMOK_NM=%EB%B0%A9%EA%B3%BC%ED%9B%84%ED%95%99%EA%B5%90+%EC%9A%B4%EC%98%81+%EA%B3%84%ED%9A%8D+%EB%B0%8F+%EC%9A%B4%EC%98%81%E3%86%8D%EC%A7%80%EC%9B%90%ED%98%84%ED%99%A9&GS_BURYU_CD=JG130&JG_BURYU_CD=JG150&JG_HANGMOK_CD=59&JG_GUBUN=1&JG_YEAR2=2026&HG_NM=%EB%8F%99%EC%82%B0%EC%B4%88%EB%93%B1%ED%95%99%EA%B5%90&SHL_IDF_CD=dd2cf25c-0c9f-455d-9f2e-d559c571ff0b&GS_TYPE=Y&JG_YEAR=2026&SORT=BR&CHOSEN_JG_YEAR=2026&PRE_JG_YEAR=2026&LOAD_TYPE=single,2026학년도 동산초등학교 방과후 프로그램 운영 계획.hwp,,,,,,,,,,
wave2_seoul,B000002108,서울용산초등학교,서울특별시,2-가 문서에서 시정표를 찾지 못함(요약본이거나 표가 이미지일 수 있음),,https://www.schoolinfo.go.kr/ei/ss/Pneiss_b01_s0.do?SHL_IDF_CD=ae82cd9d-1ab8-41ab-aeed-a020ec66c7a6,https://www.schoolinfo.go.kr/ei/pp/Pneipp_b14_s0p.do?GS_HANGMOK_CD=14&GS_HANGMOK_NO=2-%EA%B0%80&GS_HANGMOK_NM=%ED%95%99%EA%B5%90%EA%B5%90%EC%9C%A1%EA%B3%BC%EC%A0%95+%ED%8E%B8%EC%84%B1%E3%86%8D%EC%9A%B4%EC%98%81+%EB%B0%8F+%ED%8F%89%EA%B0%80%EC%97%90+%EA%B4%80%ED%95%9C+%EC%82%AC%ED%95%AD&GS_BURYU_CD=JG100&JG_BURYU_CD=JG020&JG_HANGMOK_CD=05&JG_GUBUN=1&JG_YEAR2=2026&HG_NM=%EC%84%9C%EC%9A%B8%EC%9A%A9%EC%82%B0%EC%B4%88%EB%93%B1%ED%95%99%EA%B5%90&SHL_IDF_CD=ae82cd9d-1ab8-41ab-aeed-a020ec66c7a6&GS_TYPE=Y&JG_YEAR=2026&SORT=BR&CHOSEN_JG_YEAR=2026&PRE_JG_YEAR=2026&LOAD_TYPE=single,(용산초) 2026 학교교육과정 편성·운영·평가 계획.hwp,https://www.schoolinfo.go.kr/ei/pp/Pneipp_b73_s0p.do?GS_HANGMOK_CD=73&GS_HANGMOK_NO=15-%EB%9D%BC&GS_HANGMOK_NM=%EB%B0%A9%EA%B3%BC%ED%9B%84%ED%95%99%EA%B5%90+%EC%9A%B4%EC%98%81+%EA%B3%84%ED%9A%8D+%EB%B0%8F+%EC%9A%B4%EC%98%81%E3%86%8D%EC%A7%80%EC%9B%90%ED%98%84%ED%99%A9&GS_BURYU_CD=JG130&JG_BURYU_CD=JG150&JG_HANGMOK_CD=59&JG_GUBUN=1&JG_YEAR2=2026&HG_NM=%EC%84%9C%EC%9A%B8%EC%9A%A9%EC%82%B0%EC%B4%88%EB%93%B1%ED%95%99%EA%B5%90&SHL_IDF_CD=ae82cd9d-1ab8-41ab-aeed-a020ec66c7a6&GS_TYPE=Y&JG_YEAR=2026&SORT=BR&CHOSEN_JG_YEAR=2026&PRE_JG_YEAR=2026&LOAD_TYPE=single,"2026학년도 서울용산초등학교 돌봄교실 운영 계획.hwp / 2026학년도 서울용산초등학교 방과후돌봄(방과후교실, 맞춤형교실) 운영 계획.hwpx",,,,,,,,,,
wave2_seoul,B000002109,서울원효초등학교,서울특별시,,15-라 계획에 1학년 오후돌봄 종료 시각이 없음,https://www.schoolinfo.go.kr/ei/ss/Pneiss_b01_s0.do?SHL_IDF_CD=8824f5b9-328e-4e42-a1b8-d45f887174de,https://www.schoolinfo.go.kr/ei/pp/Pneipp_b14_s0p.do?GS_HANGMOK_CD=14&GS_HANGMOK_NO=2-%EA%B0%80&GS_HANGMOK_NM=%ED%95%99%EA%B5%90%EA%B5%90%EC%9C%A1%EA%B3%BC%EC%A0%95+%ED%8E%B8%EC%84%B1%E3%86%8D%EC%9A%B4%EC%98%81+%EB%B0%8F+%ED%8F%89%EA%B0%80%EC%97%90+%EA%B4%80%ED%95%9C+%EC%82%AC%ED%95%AD&GS_BURYU_CD=JG100&JG_BURYU_CD=JG020&JG_HANGMOK_CD=05&JG_GUBUN=1&JG_YEAR2=2026&HG_NM=%EC%84%9C%EC%9A%B8%EC%9B%90%ED%9A%A8%EC%B4%88%EB%93%B1%ED%95%99%EA%B5%90&SHL_IDF_CD=8824f5b9-328e-4e42-a1b8-d45f887174de&GS_TYPE=Y&JG_YEAR=2026&SORT=BR&CHOSEN_JG_YEAR=2026&PRE_JG_YEAR=2026&LOAD_TYPE=single,2026학년도 원효초 학교교육과정 편성운영평가계획.hwpx,https://www.schoolinfo.go.kr/ei/pp/Pneipp_b73_s0p.do?GS_HANGMOK_CD=73&GS_HANGMOK_NO=15-%EB%9D%BC&GS_HANGMOK_NM=%EB%B0%A9%EA%B3%BC%ED%9B%84%ED%95%99%EA%B5%90+%EC%9A%B4%EC%98%81+%EA%B3%84%ED%9A%8D+%EB%B0%8F+%EC%9A%B4%EC%98%81%E3%86%8D%EC%A7%80%EC%9B%90%ED%98%84%ED%99%A9&GS_BURYU_CD=JG130&JG_BURYU_CD=JG150&JG_HANGMOK_CD=59&JG_GUBUN=1&JG_YEAR2=2026&HG_NM=%EC%84%9C%EC%9A%B8%EC%9B%90%ED%9A%A8%EC%B4%88%EB%93%B1%ED%95%99%EA%B5%90&SHL_IDF_CD=8824f5b9-328e-4e42-a1b8-d45f887174de&GS_TYPE=Y&JG_YEAR=2026&SORT=BR&CHOSEN_JG_YEAR=2026&PRE_JG_YEAR=2026&LOAD_TYPE=single,2026학년도 방과후·맞춤형교실 운영계획 수정(안).hwp,,,,,,,,,,
wave2_seoul,B000002110,서울청파초등학교,서울특별시,2-가 문서에서 시정표를 찾지 못함(요약본이거나 표가 이미지일 수 있음),15-라 계획에 1학년 오후돌봄 종료 시각이 없음,https://www.schoolinfo.go.kr/ei/ss/Pneiss_b01_s0.do?SHL_IDF_CD=1e220287-91af-4a0f-8f35-11913fb02d2d,https://www.schoolinfo.go.kr/ei/pp/Pneipp_b14_s0p.do?GS_HANGMOK_CD=14&GS_HANGMOK_NO=2-%EA%B0%80&GS_HANGMOK_NM=%ED%95%99%EA%B5%90%EA%B5%90%EC%9C%A1%EA%B3%BC%EC%A0%95+%ED%8E%B8%EC%84%B1%E3%86%8D%EC%9A%B4%EC%98%81+%EB%B0%8F+%ED%8F%89%EA%B0%80%EC%97%90+%EA%B4%80%ED%95%9C+%EC%82%AC%ED%95%AD&GS_BURYU_CD=JG100&JG_BURYU_CD=JG020&JG_HANGMOK_CD=05&JG_GUBUN=1&JG_YEAR2=2026&HG_NM=%EC%84%9C%EC%9A%B8%EC%B2%AD%ED%8C%8C%EC%B4%88%EB%93%B1%ED%95%99%EA%B5%90&SHL_IDF_CD=1e220287-91af-4a0f-8f35-11913fb02d2d&GS_TYPE=Y&JG_YEAR=2026&SORT=BR&CHOSEN_JG_YEAR=2026&PRE_JG_YEAR=2026&LOAD_TYPE=single,학교 교육과정 편성 운영 및 평가-6.16..hwp,https://www.schoolinfo.go.kr/ei/pp/Pneipp_b73_s0p.do?GS_HANGMOK_CD=73&GS_HANGMOK_NO=15-%EB%9D%BC&GS_HANGMOK_NM=%EB%B0%A9%EA%B3%BC%ED%9B%84%ED%95%99%EA%B5%90+%EC%9A%B4%EC%98%81+%EA%B3%84%ED%9A%8D+%EB%B0%8F+%EC%9A%B4%EC%98%81%E3%86%8D%EC%A7%80%EC%9B%90%ED%98%84%ED%99%A9&GS_BURYU_CD=JG130&JG_BURYU_CD=JG150&JG_HANGMOK_CD=59&JG_GUBUN=1&JG_YEAR2=2026&HG_NM=%EC%84%9C%EC%9A%B8%EC%B2%AD%ED%8C%8C%EC%B4%88%EB%93%B1%ED%95%99%EA%B5%90&SHL_IDF_CD=1e220287-91af-4a0f-8f35-11913fb02d2d&GS_TYPE=Y&JG_YEAR=2026&SORT=BR&CHOSEN_JG_YEAR=2026&PRE_JG_YEAR=2026&LOAD_TYPE=single,(청파초)2026학년도 방과후. 돌봄 프로그램 연간 운영 계획(안) 및 1기 세부 운영 계획(안).hwp,,,,,,,,,,
wave2_seoul,B000002111,서울후암초등학교,서울특별시,2-가 문서에서 시정표를 찾지 못함(요약본이거나 표가 이미지일 수 있음),,https://www.schoolinfo.go.kr/ei/ss/Pneiss_b01_s0.do?SHL_IDF_CD=b7789e7b-e33d-49b6-b8a9-295d15dd356a,https://www.schoolinfo.go.kr/ei/pp/Pneipp_b14_s0p.do?GS_HANGMOK_CD=14&GS_HANGMOK_NO=2-%EA%B0%80&GS_HANGMOK_NM=%ED%95%99%EA%B5%90%EA%B5%90%EC%9C%A1%EA%B3%BC%EC%A0%95+%ED%8E%B8%EC%84%B1%E3%86%8D%EC%9A%B4%EC%98%81+%EB%B0%8F+%ED%8F%89%EA%B0%80%EC%97%90+%EA%B4%80%ED%95%9C+%EC%82%AC%ED%95%AD&GS_BURYU_CD=JG100&JG_BURYU_CD=JG020&JG_HANGMOK_CD=05&JG_GUBUN=1&JG_YEAR2=2026&HG_NM=%EC%84%9C%EC%9A%B8%ED%9B%84%EC%95%94%EC%B4%88%EB%93%B1%ED%95%99%EA%B5%90&SHL_IDF_CD=b7789e7b-e33d-49b6-b8a9-295d15dd356a&GS_TYPE=Y&JG_YEAR=2026&SORT=BR&CHOSEN_JG_YEAR=2026&PRE_JG_YEAR=2026&LOAD_TYPE=single,(4월공시)학교교육과정 편성 운영계획.hwpx,https://www.schoolinfo.go.kr/ei/pp/Pneipp_b73_s0p.do?GS_HANGMOK_CD=73&GS_HANGMOK_NO=15-%EB%9D%BC&GS_HANGMOK_NM=%EB%B0%A9%EA%B3%BC%ED%9B%84%ED%95%99%EA%B5%90+%EC%9A%B4%EC%98%81+%EA%B3%84%ED%9A%8D+%EB%B0%8F+%EC%9A%B4%EC%98%81%E3%86%8D%EC%A7%80%EC%9B%90%ED%98%84%ED%99%A9&GS_BURYU_CD=JG130&JG_BURYU_CD=JG150&JG_HANGMOK_CD=59&JG_GUBUN=1&JG_YEAR2=2026&HG_NM=%EC%84%9C%EC%9A%B8%ED%9B%84%EC%95%94%EC%B4%88%EB%93%B1%ED%95%99%EA%B5%90&SHL_IDF_CD=b7789e7b-e33d-49b6-b8a9-295d15dd356a&GS_TYPE=Y&JG_YEAR=2026&SORT=BR&CHOSEN_JG_YEAR=2026&PRE_JG_YEAR=2026&LOAD_TYPE=single,2026학년도 돌봄교실 운영계획.hwp / 2026학년도 방과후맞춤형교실 연간 운영계획.hwpx,,,,,,,,,,
wave2_seoul,B000002112,서울이태원초등학교,서울특별시,2-가 문서에서 시정표를 찾지 못함(요약본이거나 표가 이미지일 수 있음),,https://www.schoolinfo.go.kr/ei/ss/Pneiss_b01_s0.do?SHL_IDF_CD=d147d0bf-25f1-4b96-880b-0571370c3bcf,https://www.schoolinfo.go.kr/ei/pp/Pneipp_b14_s0p.do?GS_HANGMOK_CD=14&GS_HANGMOK_NO=2-%EA%B0%80&GS_HANGMOK_NM=%ED%95%99%EA%B5%90%EA%B5%90%EC%9C%A1%EA%B3%BC%EC%A0%95+%ED%8E%B8%EC%84%B1%E3%86%8D%EC%9A%B4%EC%98%81+%EB%B0%8F+%ED%8F%89%EA%B0%80%EC%97%90+%EA%B4%80%ED%95%9C+%EC%82%AC%ED%95%AD&GS_BURYU_CD=JG100&JG_BURYU_CD=JG020&JG_HANGMOK_CD=05&JG_GUBUN=1&JG_YEAR2=2026&HG_NM=%EC%84%9C%EC%9A%B8%EC%9D%B4%ED%83%9C%EC%9B%90%EC%B4%88%EB%93%B1%ED%95%99%EA%B5%90&SHL_IDF_CD=d147d0bf-25f1-4b96-880b-0571370c3bcf&GS_TYPE=Y&JG_YEAR=2026&SORT=BR&CHOSEN_JG_YEAR=2026&PRE_JG_YEAR=2026&LOAD_TYPE=single,2026 주요학사일정표.hwp / 2026 이태원초 학교교육과정 편성운영평가 계획.hwp,https://www.schoolinfo.go.kr/ei/pp/Pneipp_b73_s0p.do?GS_HANGMOK_CD=73&GS_HANGMOK_NO=15-%EB%9D%BC&GS_HANGMOK_NM=%EB%B0%A9%EA%B3%BC%ED%9B%84%ED%95%99%EA%B5%90+%EC%9A%B4%EC%98%81+%EA%B3%84%ED%9A%8D+%EB%B0%8F+%EC%9A%B4%EC%98%81%E3%86%8D%EC%A7%80%EC%9B%90%ED%98%84%ED%99%A9&GS_BURYU_CD=JG130&JG_BURYU_CD=JG150&JG_HANGMOK_CD=59&JG_GUBUN=1&JG_YEAR2=2026&HG_NM=%EC%84%9C%EC%9A%B8%EC%9D%B4%ED%83%9C%EC%9B%90%EC%B4%88%EB%93%B1%ED%95%99%EA%B5%90&SHL_IDF_CD=d147d0bf-25f1-4b96-880b-0571370c3bcf&GS_TYPE=Y&JG_YEAR=2026&SORT=BR&CHOSEN_JG_YEAR=2026&PRE_JG_YEAR=2026&LOAD_TYPE=single,2026학년도 서울이태원초 초등돌봄교실 운영계획.pdf / 2026학년도 서울이태원초등학교 방과후 및 맞춤형교실 연간운영계획.pdf,,,,,,,,,,
wave2_seoul,B000002114,서울용암초등학교,서울특별시,2-가 문서에서 시정표를 찾지 못함(요약본이거나 표가 이미지일 수 있음),,https://www.schoolinfo.go.kr/ei/ss/Pneiss_b01_s0.do?SHL_IDF_CD=8612e1c9-3748-4147-8ab3-96f4e7aff29b,https://www.schoolinfo.go.kr/ei/pp/Pneipp_b14_s0p.do?GS_HANGMOK_CD=14&GS_HANGMOK_NO=2-%EA%B0%80&GS_HANGMOK_NM=%ED%95%99%EA%B5%90%EA%B5%90%EC%9C%A1%EA%B3%BC%EC%A0%95+%ED%8E%B8%EC%84%B1%E3%86%8D%EC%9A%B4%EC%98%81+%EB%B0%8F+%ED%8F%89%EA%B0%80%EC%97%90+%EA%B4%80%ED%95%9C+%EC%82%AC%ED%95%AD&GS_BURYU_CD=JG100&JG_BURYU_CD=JG020&JG_HANGMOK_CD=05&JG_GUBUN=1&JG_YEAR2=2026&HG_NM=%EC%84%9C%EC%9A%B8%EC%9A%A9%EC%95%94%EC%B4%88%EB%93%B1%ED%95%99%EA%B5%90&SHL_IDF_CD=8612e1c9-3748-4147-8ab3-96f4e7aff29b&GS_TYPE=Y&JG_YEAR=2026&SORT=BR&CHOSEN_JG_YEAR=2026&PRE_JG_YEAR=2026&LOAD_TYPE=single,2. 2026학년도 서울용암초 연간학사일정.hwp / 1. 2026학년도 서울용암초 학교교육과정 편성·운영·평가 계획.hwp,https://www.schoolinfo.go.kr/ei/pp/Pneipp_b73_s0p.do?GS_HANGMOK_CD=73&GS_HANGMOK_NO=15-%EB%9D%BC&GS_HANGMOK_NM=%EB%B0%A9%EA%B3%BC%ED%9B%84%ED%95%99%EA%B5%90+%EC%9A%B4%EC%98%81+%EA%B3%84%ED%9A%8D+%EB%B0%8F+%EC%9A%B4%EC%98%81%E3%86%8D%EC%A7%80%EC%9B%90%ED%98%84%ED%99%A9&GS_BURYU_CD=JG130&JG_BURYU_CD=JG150&JG_HANGMOK_CD=59&JG_GUBUN=1&JG_YEAR2=2026&HG_NM=%EC%84%9C%EC%9A%B8%EC%9A%A9%EC%95%94%EC%B4%88%EB%93%B1%ED%95%99%EA%B5%90&SHL_IDF_CD=8612e1c9-3748-4147-8ab3-96f4e7aff29b&GS_TYPE=Y&JG_YEAR=2026&SORT=BR&CHOSEN_JG_YEAR=2026&PRE_JG_YEAR=2026&LOAD_TYPE=single,2026학년도 방과후·맞춤형교실 연간운영계획(정보공시).hwpx / 2026학년도 초등돌봄교실 운영 계획(안) .hwp,,,,,,,,,,
wave2_seoul,B000002117,서울한남초등학교,서울특별시,2-가 문서에서 시정표를 찾지 못함(요약본이거나 표가 이미지일 수 있음),,https://www.schoolinfo.go.kr/ei/ss/Pneiss_b01_s0.do?SHL_IDF_CD=fda656d8-fb0d-4617-9c44-193c71e23351,https://www.schoolinfo.go.kr/ei/pp/Pneipp_b14_s0p.do?GS_HANGMOK_CD=14&GS_HANGMOK_NO=2-%EA%B0%80&GS_HANGMOK_NM=%ED%95%99%EA%B5%90%EA%B5%90%EC%9C%A1%EA%B3%BC%EC%A0%95+%ED%8E%B8%EC%84%B1%E3%86%8D%EC%9A%B4%EC%98%81+%EB%B0%8F+%ED%8F%89%EA%B0%80%EC%97%90+%EA%B4%80%ED%95%9C+%EC%82%AC%ED%95%AD&GS_BURYU_CD=JG100&JG_BURYU_CD=JG020&JG_HANGMOK_CD=05&JG_GUBUN=1&JG_YEAR2=2026&HG_NM=%EC%84%9C%EC%9A%B8%ED%95%9C%EB%82%A8%EC%B4%88%EB%93%B1%ED%95%99%EA%B5%90&SHL_IDF_CD=fda656d8-fb0d-4617-9c44-193c71e23351&GS_TYPE=Y&JG_YEAR=2026&SORT=BR&CHOSEN_JG_YEAR=2026&PRE_JG_YEAR=2026&LOAD_TYPE=single,학교교육과정 편성 운영 및 평가에 관한 사항(교과 체험활동 계획 포함).hwpx,https://www.schoolinfo.go.kr/ei/pp/Pneipp_b73_s0p.do?GS_HANGMOK_CD=73&GS_HANGMOK_NO=15-%EB%9D%BC&GS_HANGMOK_NM=%EB%B0%A9%EA%B3%BC%ED%9B%84%ED%95%99%EA%B5%90+%EC%9A%B4%EC%98%81+%EA%B3%84%ED%9A%8D+%EB%B0%8F+%EC%9A%B4%EC%98%81%E3%86%8D%EC%A7%80%EC%9B%90%ED%98%84%ED%99%A9&GS_BURYU_CD=JG130&JG_BURYU_CD=JG150&JG_HANGMOK_CD=59&JG_GUBUN=1&JG_YEAR2=2026&HG_NM=%EC%84%9C%EC%9A%B8%ED%95%9C%EB%82%A8%EC%B4%88%EB%93%B1%ED%95%99%EA%B5%90&SHL_IDF_CD=fda656d8-fb0d-4617-9c44-193c71e23351&GS_TYPE=Y&JG_YEAR=2026&SORT=BR&CHOSEN_JG_YEAR=2026&PRE_JG_YEAR=2026&LOAD_TYPE=single,(학운위)2026학년도 방과후.맞춤형교실 연간 운영계획(안) 및 강사 채용 심의.hwp.hwpx / 학운위심의 안건발의서 15기17회차 2026학년도 돌봄교실 운영 계획).hwp,,,,,,,,,,
wave2_seoul,B000002120,서울남정초등학교,서울특별시,2-가 문서에서 시정표를 찾지 못함(요약본이거나 표가 이미지일 수 있음),,https://www.schoolinfo.go.kr/ei/ss/Pneiss_b01_s0.do?SHL_IDF_CD=c86a4172-e7fe-4df6-959b-528b198ee2cc,https://www.schoolinfo.go.kr/ei/pp/Pneipp_b14_s0p.do?GS_HANGMOK_CD=14&GS_HANGMOK_NO=2-%EA%B0%80&GS_HANGMOK_NM=%ED%95%99%EA%B5%90%EA%B5%90%EC%9C%A1%EA%B3%BC%EC%A0%95+%ED%8E%B8%EC%84%B1%E3%86%8D%EC%9A%B4%EC%98%81+%EB%B0%8F+%ED%8F%89%EA%B0%80%EC%97%90+%EA%B4%80%ED%95%9C+%EC%82%AC%ED%95%AD&GS_BURYU_CD=JG100&JG_BURYU_CD=JG020&JG_HANGMOK_CD=05&JG_GUBUN=1&JG_YEAR2=2026&HG_NM=%EC%84%9C%EC%9A%B8%EB%82%A8%EC%A0%95%EC%B4%88%EB%93%B1%ED%95%99%EA%B5%90&SHL_IDF_CD=c86a4172-e7fe-4df6-959b-528b198ee2cc&GS_TYPE=Y&JG_YEAR=2026&SORT=BR&CHOSEN_JG_YEAR=2026&PRE_JG_YEAR=2026&LOAD_TYPE=single,2-가 학교교육과정 편성운영 및 평가에 관한 사항.pdf,https://www.schoolinfo.go.kr/ei/pp/Pneipp_b73_s0p.do?GS_HANGMOK_CD=73&GS_HANGMOK_NO=15-%EB%9D%BC&GS_HANGMOK_NM=%EB%B0%A9%EA%B3%BC%ED%9B%84%ED%95%99%EA%B5%90+%EC%9A%B4%EC%98%81+%EA%B3%84%ED%9A%8D+%EB%B0%8F+%EC%9A%B4%EC%98%81%E3%86%8D%EC%A7%80%EC%9B%90%ED%98%84%ED%99%A9&GS_BURYU_CD=JG130&JG_BURYU_CD=JG150&JG_HANGMOK_CD=59&JG_GUBUN=1&JG_YEAR2=2026&HG_NM=%EC%84%9C%EC%9A%B8%EB%82%A8%EC%A0%95%EC%B4%88%EB%93%B1%ED%95%99%EA%B5%90&SHL_IDF_CD=c86a4172-e7fe-4df6-959b-528b198ee2cc&GS_TYPE=Y&JG_YEAR=2026&SORT=BR&CHOSEN_JG_YEAR=2026&PRE_JG_YEAR=2026&LOAD_TYPE=single,"2026학년도 서울남정초 맞춤형, 방과후 연간 운영계획서.hwp / 2026학년도 초등돌봄교실 운영 계획.hwp",,,,,,,,,,
wave2_seoul,B000002122,신광초등학교,서울특별시,2-가 문서에서 시정표를 찾지 못함(요약본이거나 표가 이미지일 수 있음),15-라 계획에 1학년 오후돌봄 종료 시각이 없음,https://www.schoolinfo.go.kr/ei/ss/Pneiss_b01_s0.do?SHL_IDF_CD=eef5041d-791b-4c17-8f35-642f115d4095,https://www.schoolinfo.go.kr/ei/pp/Pneipp_b14_s0p.do?GS_HANGMOK_CD=14&GS_HANGMOK_NO=2-%EA%B0%80&GS_HANGMOK_NM=%ED%95%99%EA%B5%90%EA%B5%90%EC%9C%A1%EA%B3%BC%EC%A0%95+%ED%8E%B8%EC%84%B1%E3%86%8D%EC%9A%B4%EC%98%81+%EB%B0%8F+%ED%8F%89%EA%B0%80%EC%97%90+%EA%B4%80%ED%95%9C+%EC%82%AC%ED%95%AD&GS_BURYU_CD=JG100&JG_BURYU_CD=JG020&JG_HANGMOK_CD=05&JG_GUBUN=1&JG_YEAR2=2026&HG_NM=%EC%8B%A0%EA%B4%91%EC%B4%88%EB%93%B1%ED%95%99%EA%B5%90&SHL_IDF_CD=eef5041d-791b-4c17-8f35-642f115d4095&GS_TYPE=Y&JG_YEAR=2026&SORT=BR&CHOSEN_JG_YEAR=2026&PRE_JG_YEAR=2026&LOAD_TYPE=single,학교교육과정 편성?운영 및 평가 계획.pdf,https://www.schoolinfo.go.kr/ei/pp/Pneipp_b73_s0p.do?GS_HANGMOK_CD=73&GS_HANGMOK_NO=15-%EB%9D%BC&GS_HANGMOK_NM=%EB%B0%A9%EA%B3%BC%ED%9B%84%ED%95%99%EA%B5%90+%EC%9A%B4%EC%98%81+%EA%B3%84%ED%9A%8D+%EB%B0%8F+%EC%9A%B4%EC%98%81%E3%86%8D%EC%A7%80%EC%9B%90%ED%98%84%ED%99%A9&GS_BURYU_CD=JG130&JG_BURYU_CD=JG150&JG_HANGMOK_CD=59&JG_GUBUN=1&JG_YEAR2=2026&HG_NM=%EC%8B%A0%EA%B4%91%EC%B4%88%EB%93%B1%ED%95%99%EA%B5%90&SHL_IDF_CD=eef5041d-791b-4c17-8f35-642f115d4095&GS_TYPE=Y&JG_YEAR=2026&SORT=BR&CHOSEN_JG_YEAR=2026&PRE_JG_YEAR=2026&LOAD_TYPE=single,2026 방과후학교 운영 세부계획서.pdf,,,,,,,,,,
wave2_seoul,B000002160,서울둔촌초등학교,서울특별시,2-가 문서에서 시정표를 찾지 못함(요약본이거나 표가 이미지일 수 있음),,https://www.schoolinfo.go.kr/ei/ss/Pneiss_b01_s0.do?SHL_IDF_CD=0a2ce9ac-bd87-47bc-a633-a3be78afc5ec,https://www.schoolinfo.go.kr/ei/pp/Pneipp_b14_s0p.do?GS_HANGMOK_CD=14&GS_HANGMOK_NO=2-%EA%B0%80&GS_HANGMOK_NM=%ED%95%99%EA%B5%90%EA%B5%90%EC%9C%A1%EA%B3%BC%EC%A0%95+%ED%8E%B8%EC%84%B1%E3%86%8D%EC%9A%B4%EC%98%81+%EB%B0%8F+%ED%8F%89%EA%B0%80%EC%97%90+%EA%B4%80%ED%95%9C+%EC%82%AC%ED%95%AD&GS_BURYU_CD=JG100&JG_BURYU_CD=JG020&JG_HANGMOK_CD=05&JG_GUBUN=1&JG_YEAR2=2026&HG_NM=%EC%84%9C%EC%9A%B8%EB%91%94%EC%B4%8C%EC%B4%88%EB%93%B1%ED%95%99%EA%B5%90&SHL_IDF_CD=0a2ce9ac-bd87-47bc-a633-a3be78afc5ec&GS_TYPE=Y&JG_YEAR=2026&SORT=BR&CHOSEN_JG_YEAR=2026&PRE_JG_YEAR=2026&LOAD_TYPE=single,(둔촌초)2026학년도 둔촌초 연간학사일정.hwp / (둔촌초)2026학년도 둔촌초 학교교육과정 편성·운영·평가 계획.hwpx,https://www.schoolinfo.go.kr/ei/pp/Pneipp_b73_s0p.do?GS_HANGMOK_CD=73&GS_HANGMOK_NO=15-%EB%9D%BC&GS_HANGMOK_NM=%EB%B0%A9%EA%B3%BC%ED%9B%84%ED%95%99%EA%B5%90+%EC%9A%B4%EC%98%81+%EA%B3%84%ED%9A%8D+%EB%B0%8F+%EC%9A%B4%EC%98%81%E3%86%8D%EC%A7%80%EC%9B%90%ED%98%84%ED%99%A9&GS_BURYU_CD=JG130&JG_BURYU_CD=JG150&JG_HANGMOK_CD=59&JG_GUBUN=1&JG_YEAR2=2026&HG_NM=%EC%84%9C%EC%9A%B8%EB%91%94%EC%B4%8C%EC%B4%88%EB%93%B1%ED%95%99%EA%B5%90&SHL_IDF_CD=0a2ce9ac-bd87-47bc-a633-a3be78afc5ec&GS_TYPE=Y&JG_YEAR=2026&SORT=BR&CHOSEN_JG_YEAR=2026&PRE_JG_YEAR=2026&LOAD_TYPE=single,2026학년도 서운둔촌초등학교 돌봄교실 운영계획.pdf / 2026학년도 서울둔촌초등학교 방과후학교 운영계획.pdf,,,,,,,,,,
wave2_seoul,B000002161,서울선린초등학교,서울특별시,2-가 문서에서 시정표를 찾지 못함(요약본이거나 표가 이미지일 수 있음),,https://www.schoolinfo.go.kr/ei/ss/Pneiss_b01_s0.do?SHL_IDF_CD=9832b5ee-11a4-44c5-96fd-21740159c812,https://www.schoolinfo.go.kr/ei/pp/Pneipp_b14_s0p.do?GS_HANGMOK_CD=14&GS_HANGMOK_NO=2-%EA%B0%80&GS_HANGMOK_NM=%ED%95%99%EA%B5%90%EA%B5%90%EC%9C%A1%EA%B3%BC%EC%A0%95+%ED%8E%B8%EC%84%B1%E3%86%8D%EC%9A%B4%EC%98%81+%EB%B0%8F+%ED%8F%89%EA%B0%80%EC%97%90+%EA%B4%80%ED%95%9C+%EC%82%AC%ED%95%AD&GS_BURYU_CD=JG100&JG_BURYU_CD=JG020&JG_HANGMOK_CD=05&JG_GUBUN=1&JG_YEAR2=2026&HG_NM=%EC%84%9C%EC%9A%B8%EC%84%A0%EB%A6%B0%EC%B4%88%EB%93%B1%ED%95%99%EA%B5%90&SHL_IDF_CD=9832b5ee-11a4-44c5-96fd-21740159c812&GS_TYPE=Y&JG_YEAR=2026&SORT=BR&CHOSEN_JG_YEAR=2026&PRE_JG_YEAR=2026&LOAD_TYPE=single,"2026학년도 선린초 학교교육과정 편성,운영 및 평가계획.hwp",https://www.schoolinfo.go.kr/ei/pp/Pneipp_b73_s0p.do?GS_HANGMOK_CD=73&GS_HANGMOK_NO=15-%EB%9D%BC&GS_HANGMOK_NM=%EB%B0%A9%EA%B3%BC%ED%9B%84%ED%95%99%EA%B5%90+%EC%9A%B4%EC%98%81+%EA%B3%84%ED%9A%8D+%EB%B0%8F+%EC%9A%B4%EC%98%81%E3%86%8D%EC%A7%80%EC%9B%90%ED%98%84%ED%99%A9&GS_BURYU_CD=JG130&JG_BURYU_CD=JG150&JG_HANGMOK_CD=59&JG_GUBUN=1&JG_YEAR2=2026&HG_NM=%EC%84%9C%EC%9A%B8%EC%84%A0%EB%A6%B0%EC%B4%88%EB%93%B1%ED%95%99%EA%B5%90&SHL_IDF_CD=9832b5ee-11a4-44c5-96fd-21740159c812&GS_TYPE=Y&JG_YEAR=2026&SORT=BR&CHOSEN_JG_YEAR=2026&PRE_JG_YEAR=2026&LOAD_TYPE=single,2026학년도 돌봄교실 운영계획(안).hwp / 2026학년도 1기 방과후·맞춤형교실 운영계획 변경(안).hwp / 2026학년도 방과후ㆍ맞춤형 프로그램 운영계획(안)_최종.hwp,,,,,,,,,,
wave2_seoul,B000002162,서울고명초등학교,서울특별시,2-가 문서에서 시정표를 찾지 못함(요약본이거나 표가 이미지일 수 있음),15-라 계획에 1학년 오후돌봄 종료 시각이 없음,https://www.schoolinfo.go.kr/ei/ss/Pneiss_b01_s0.do?SHL_IDF_CD=6f7504dd-3dd5-4821-88f4-b89f0a47f2f2,https://www.schoolinfo.go.kr/ei/pp/Pneipp_b14_s0p.do?GS_HANGMOK_CD=14&GS_HANGMOK_NO=2-%EA%B0%80&GS_HANGMOK_NM=%ED%95%99%EA%B5%90%EA%B5%90%EC%9C%A1%EA%B3%BC%EC%A0%95+%ED%8E%B8%EC%84%B1%E3%86%8D%EC%9A%B4%EC%98%81+%EB%B0%8F+%ED%8F%89%EA%B0%80%EC%97%90+%EA%B4%80%ED%95%9C+%EC%82%AC%ED%95%AD&GS_BURYU_CD=JG100&JG_BURYU_CD=JG020&JG_HANGMOK_CD=05&JG_GUBUN=1&JG_YEAR2=2026&HG_NM=%EC%84%9C%EC%9A%B8%EA%B3%A0%EB%AA%85%EC%B4%88%EB%93%B1%ED%95%99%EA%B5%90&SHL_IDF_CD=6f7504dd-3dd5-4821-88f4-b89f0a47f2f2&GS_TYPE=Y&JG_YEAR=2026&SORT=BR&CHOSEN_JG_YEAR=2026&PRE_JG_YEAR=2026&LOAD_TYPE=single,2026학년도 고명초 학교교육과정 편성·운영·평가 계획.pdf / 2026학년도 고명초 연간학사일정.pdf,https://www.schoolinfo.go.kr/ei/pp/Pneipp_b73_s0p.do?GS_HANGMOK_CD=73&GS_HANGMOK_NO=15-%EB%9D%BC&GS_HANGMOK_NM=%EB%B0%A9%EA%B3%BC%ED%9B%84%ED%95%99%EA%B5%90+%EC%9A%B4%EC%98%81+%EA%B3%84%ED%9A%8D+%EB%B0%8F+%EC%9A%B4%EC%98%81%E3%86%8D%EC%A7%80%EC%9B%90%ED%98%84%ED%99%A9&GS_BURYU_CD=JG130&JG_BURYU_CD=JG150&JG_HANGMOK_CD=59&JG_GUBUN=1&JG_YEAR2=2026&HG_NM=%EC%84%9C%EC%9A%B8%EA%B3%A0%EB%AA%85%EC%B4%88%EB%93%B1%ED%95%99%EA%B5%90&SHL_IDF_CD=6f7504dd-3dd5-4821-88f4-b89f0a47f2f2&GS_TYPE=Y&JG_YEAR=2026&SORT=BR&CHOSEN_JG_YEAR=2026&PRE_JG_YEAR=2026&LOAD_TYPE=single,(수정학운위)2026학년도 방과후교실·맞춤형교실 연간운영계획.hwp,,,,,,,,,,
wave2_seoul,B000002166,서울강덕초등학교,서울특별시,2-가 문서에서 시정표를 찾지 못함(요약본이거나 표가 이미지일 수 있음),,https://www.schoolinfo.go.kr/ei/ss/Pneiss_b01_s0.do?SHL_IDF_CD=78a426af-3db3-42bb-9317-bd357e9b18c0,https://www.schoolinfo.go.kr/ei/pp/Pneipp_b14_s0p.do?GS_HANGMOK_CD=14&GS_HANGMOK_NO=2-%EA%B0%80&GS_HANGMOK_NM=%ED%95%99%EA%B5%90%EA%B5%90%EC%9C%A1%EA%B3%BC%EC%A0%95+%ED%8E%B8%EC%84%B1%E3%86%8D%EC%9A%B4%EC%98%81+%EB%B0%8F+%ED%8F%89%EA%B0%80%EC%97%90+%EA%B4%80%ED%95%9C+%EC%82%AC%ED%95%AD&GS_BURYU_CD=JG100&JG_BURYU_CD=JG020&JG_HANGMOK_CD=05&JG_GUBUN=1&JG_YEAR2=2026&HG_NM=%EC%84%9C%EC%9A%B8%EA%B0%95%EB%8D%95%EC%B4%88%EB%93%B1%ED%95%99%EA%B5%90&SHL_IDF_CD=78a426af-3db3-42bb-9317-bd357e9b18c0&GS_TYPE=Y&JG_YEAR=2026&SORT=BR&CHOSEN_JG_YEAR=2026&PRE_JG_YEAR=2026&LOAD_TYPE=single,강덕 교육과정 편성?운영?평가 계획.hwpx,https://www.schoolinfo.go.kr/ei/pp/Pneipp_b73_s0p.do?GS_HANGMOK_CD=73&GS_HANGMOK_NO=15-%EB%9D%BC&GS_HANGMOK_NM=%EB%B0%A9%EA%B3%BC%ED%9B%84%ED%95%99%EA%B5%90+%EC%9A%B4%EC%98%81+%EA%B3%84%ED%9A%8D+%EB%B0%8F+%EC%9A%B4%EC%98%81%E3%86%8D%EC%A7%80%EC%9B%90%ED%98%84%ED%99%A9&GS_BURYU_CD=JG130&JG_BURYU_CD=JG150&JG_HANGMOK_CD=59&JG_GUBUN=1&JG_YEAR2=2026&HG_NM=%EC%84%9C%EC%9A%B8%EA%B0%95%EB%8D%95%EC%B4%88%EB%93%B1%ED%95%99%EA%B5%90&SHL_IDF_CD=78a426af-3db3-42bb-9317-bd357e9b18c0&GS_TYPE=Y&JG_YEAR=2026&SORT=BR&CHOSEN_JG_YEAR=2026&PRE_JG_YEAR=2026&LOAD_TYPE=single,2026 방과후프로그램_운영현황보고(1기).hwp / 2026학년도 초등돌봄교실 추가 연간 운영계획(안).hwpx / 2026학년도 방과후·돌봄 연간 운영 계획(안).hwp,,,,,,,,,,
wave2_seoul,B000002168,서울신명초등학교,서울특별시,2-가 문서에서 시정표를 찾지 못함(요약본이거나 표가 이미지일 수 있음),,https://www.schoolinfo.go.kr/ei/ss/Pneiss_b01_s0.do?SHL_IDF_CD=3543deff-5a48-4d7c-af82-dee7e8e3855a,https://www.schoolinfo.go.kr/ei/pp/Pneipp_b14_s0p.do?GS_HANGMOK_CD=14&GS_HANGMOK_NO=2-%EA%B0%80&GS_HANGMOK_NM=%ED%95%99%EA%B5%90%EA%B5%90%EC%9C%A1%EA%B3%BC%EC%A0%95+%ED%8E%B8%EC%84%B1%E3%86%8D%EC%9A%B4%EC%98%81+%EB%B0%8F+%ED%8F%89%EA%B0%80%EC%97%90+%EA%B4%80%ED%95%9C+%EC%82%AC%ED%95%AD&GS_BURYU_CD=JG100&JG_BURYU_CD=JG020&JG_HANGMOK_CD=05&JG_GUBUN=1&JG_YEAR2=2026&HG_NM=%EC%84%9C%EC%9A%B8%EC%8B%A0%EB%AA%85%EC%B4%88%EB%93%B1%ED%95%99%EA%B5%90&SHL_IDF_CD=3543deff-5a48-4d7c-af82-dee7e8e3855a&GS_TYPE=Y&JG_YEAR=2026&SORT=BR&CHOSEN_JG_YEAR=2026&PRE_JG_YEAR=2026&LOAD_TYPE=single,(신명초) 2026학년도 학교교육과정 편성 운영 평가계획.hwp,https://www.schoolinfo.go.kr/ei/pp/Pneipp_b73_s0p.do?GS_HANGMOK_CD=73&GS_HANGMOK_NO=15-%EB%9D%BC&GS_HANGMOK_NM=%EB%B0%A9%EA%B3%BC%ED%9B%84%ED%95%99%EA%B5%90+%EC%9A%B4%EC%98%81+%EA%B3%84%ED%9A%8D+%EB%B0%8F+%EC%9A%B4%EC%98%81%E3%86%8D%EC%A7%80%EC%9B%90%ED%98%84%ED%99%A9&GS_BURYU_CD=JG130&JG_BURYU_CD=JG150&JG_HANGMOK_CD=59&JG_GUBUN=1&JG_YEAR2=2026&HG_NM=%EC%84%9C%EC%9A%B8%EC%8B%A0%EB%AA%85%EC%B4%88%EB%93%B1%ED%95%99%EA%B5%90&SHL_IDF_CD=3543deff-5a48-4d7c-af82-dee7e8e3855a&GS_TYPE=Y&JG_YEAR=2026&SORT=BR&CHOSEN_JG_YEAR=2026&PRE_JG_YEAR=2026&LOAD_TYPE=single,2026학년도 돌봄교실 운영 계획(안).hwp / 2026학년도 방과후교실 연간 운영계획(안).hwp,,,,,,,,,,
wave2_seoul,B000002171,서울한산초등학교,서울특별시,2-가 문서에서 시정표를 찾지 못함(요약본이거나 표가 이미지일 수 있음),15-라 계획에 1학년 오후돌봄 종료 시각이 없음,https://www.schoolinfo.go.kr/ei/ss/Pneiss_b01_s0.do?SHL_IDF_CD=2fcd1563-5255-492d-9a90-9498c82b78c5,https://www.schoolinfo.go.kr/ei/pp/Pneipp_b14_s0p.do?GS_HANGMOK_CD=14&GS_HANGMOK_NO=2-%EA%B0%80&GS_HANGMOK_NM=%ED%95%99%EA%B5%90%EA%B5%90%EC%9C%A1%EA%B3%BC%EC%A0%95+%ED%8E%B8%EC%84%B1%E3%86%8D%EC%9A%B4%EC%98%81+%EB%B0%8F+%ED%8F%89%EA%B0%80%EC%97%90+%EA%B4%80%ED%95%9C+%EC%82%AC%ED%95%AD&GS_BURYU_CD=JG100&JG_BURYU_CD=JG020&JG_HANGMOK_CD=05&JG_GUBUN=1&JG_YEAR2=2026&HG_NM=%EC%84%9C%EC%9A%B8%ED%95%9C%EC%82%B0%EC%B4%88%EB%93%B1%ED%95%99%EA%B5%90&SHL_IDF_CD=2fcd1563-5255-492d-9a90-9498c82b78c5&GS_TYPE=Y&JG_YEAR=2026&SORT=BR&CHOSEN_JG_YEAR=2026&PRE_JG_YEAR=2026&LOAD_TYPE=single,2026학년도 한산초 학사일정.hwp / 2026학년도 서울한산초 학교교육과정 편성운영평가 계획.hwp,https://www.schoolinfo.go.kr/ei/pp/Pneipp_b73_s0p.do?GS_HANGMOK_CD=73&GS_HANGMOK_NO=15-%EB%9D%BC&GS_HANGMOK_NM=%EB%B0%A9%EA%B3%BC%ED%9B%84%ED%95%99%EA%B5%90+%EC%9A%B4%EC%98%81+%EA%B3%84%ED%9A%8D+%EB%B0%8F+%EC%9A%B4%EC%98%81%E3%86%8D%EC%A7%80%EC%9B%90%ED%98%84%ED%99%A9&GS_BURYU_CD=JG130&JG_BURYU_CD=JG150&JG_HANGMOK_CD=59&JG_GUBUN=1&JG_YEAR2=2026&HG_NM=%EC%84%9C%EC%9A%B8%ED%95%9C%EC%82%B0%EC%B4%88%EB%93%B1%ED%95%99%EA%B5%90&SHL_IDF_CD=2fcd1563-5255-492d-9a90-9498c82b78c5&GS_TYPE=Y&JG_YEAR=2026&SORT=BR&CHOSEN_JG_YEAR=2026&PRE_JG_YEAR=2026&LOAD_TYPE=single,2026학년도 방과후·맞춤형 프로그램 운영계획(안).hwpx,,,,,,,,,,
wave2_seoul,B000002172,서울위례초등학교,서울특별시,2-가 문서에서 시정표를 찾지 못함(요약본이거나 표가 이미지일 수 있음),15-라 계획에 1학년 오후돌봄 종료 시각이 없음,https://www.schoolinfo.go.kr/ei/ss/Pneiss_b01_s0.do?SHL_IDF_CD=05784c97-d5b5-43dc-a117-57adc861ba89,https://www.schoolinfo.go.kr/ei/pp/Pneipp_b14_s0p.do?GS_HANGMOK_CD=14&GS_HANGMOK_NO=2-%EA%B0%80&GS_HANGMOK_NM=%ED%95%99%EA%B5%90%EA%B5%90%EC%9C%A1%EA%B3%BC%EC%A0%95+%ED%8E%B8%EC%84%B1%E3%86%8D%EC%9A%B4%EC%98%81+%EB%B0%8F+%ED%8F%89%EA%B0%80%EC%97%90+%EA%B4%80%ED%95%9C+%EC%82%AC%ED%95%AD&GS_BURYU_CD=JG100&JG_BURYU_CD=JG020&JG_HANGMOK_CD=05&JG_GUBUN=1&JG_YEAR2=2026&HG_NM=%EC%84%9C%EC%9A%B8%EC%9C%84%EB%A1%80%EC%B4%88%EB%93%B1%ED%95%99%EA%B5%90&SHL_IDF_CD=05784c97-d5b5-43dc-a117-57adc861ba89&GS_TYPE=Y&JG_YEAR=2026&SORT=BR&CHOSEN_JG_YEAR=2026&PRE_JG_YEAR=2026&LOAD_TYPE=single,2026학년도 학사일정.pdf / 2026 학교교육과정 편성운영 및 평가에 관한 사항.pdf,https://www.schoolinfo.go.kr/ei/pp/Pneipp_b73_s0p.do?GS_HANGMOK_CD=73&GS_HANGMOK_NO=15-%EB%9D%BC&GS_HANGMOK_NM=%EB%B0%A9%EA%B3%BC%ED%9B%84%ED%95%99%EA%B5%90+%EC%9A%B4%EC%98%81+%EA%B3%84%ED%9A%8D+%EB%B0%8F+%EC%9A%B4%EC%98%81%E3%86%8D%EC%A7%80%EC%9B%90%ED%98%84%ED%99%A9&GS_BURYU_CD=JG130&JG_BURYU_CD=JG150&JG_HANGMOK_CD=59&JG_GUBUN=1&JG_YEAR2=2026&HG_NM=%EC%84%9C%EC%9A%B8%EC%9C%84%EB%A1%80%EC%B4%88%EB%93%B1%ED%95%99%EA%B5%90&SHL_IDF_CD=05784c97-d5b5-43dc-a117-57adc861ba89&GS_TYPE=Y&JG_YEAR=2026&SORT=BR&CHOSEN_JG_YEAR=2026&PRE_JG_YEAR=2026&LOAD_TYPE=single,(위례초)2026학년도 방과후·맞춤형교실 연간운영계획.hwp,,,,,,,,,,
wave2_seoul,B000002173,서울명원초등학교,서울특별시,,15-라 계획에 1학년 오후돌봄 종료 시각이 없음,https://www.schoolinfo.go.kr/ei/ss/Pneiss_b01_s0.do?SHL_IDF_CD=300d8c08-3c0f-47f5-b351-2294f89ea0a9,https://www.schoolinfo.go.kr/ei/pp/Pneipp_b14_s0p.do?GS_HANGMOK_CD=14&GS_HANGMOK_NO=2-%EA%B0%80&GS_HANGMOK_NM=%ED%95%99%EA%B5%90%EA%B5%90%EC%9C%A1%EA%B3%BC%EC%A0%95+%ED%8E%B8%EC%84%B1%E3%86%8D%EC%9A%B4%EC%98%81+%EB%B0%8F+%ED%8F%89%EA%B0%80%EC%97%90+%EA%B4%80%ED%95%9C+%EC%82%AC%ED%95%AD&GS_BURYU_CD=JG100&JG_BURYU_CD=JG020&JG_HANGMOK_CD=05&JG_GUBUN=1&JG_YEAR2=2026&HG_NM=%EC%84%9C%EC%9A%B8%EB%AA%85%EC%9B%90%EC%B4%88%EB%93%B1%ED%95%99%EA%B5%90&SHL_IDF_CD=300d8c08-3c0f-47f5-b351-2294f89ea0a9&GS_TYPE=Y&JG_YEAR=2026&SORT=BR&CHOSEN_JG_YEAR=2026&PRE_JG_YEAR=2026&LOAD_TYPE=single,2026명원학사일정.pdf / (강동송파)2026학년도 서울명원초등학교 학교교육계획서.pdf,https://www.schoolinfo.go.kr/ei/pp/Pneipp_b73_s0p.do?GS_HANGMOK_CD=73&GS_HANGMOK_NO=15-%EB%9D%BC&GS_HANGMOK_NM=%EB%B0%A9%EA%B3%BC%ED%9B%84%ED%95%99%EA%B5%90+%EC%9A%B4%EC%98%81+%EA%B3%84%ED%9A%8D+%EB%B0%8F+%EC%9A%B4%EC%98%81%E3%86%8D%EC%A7%80%EC%9B%90%ED%98%84%ED%99%A9&GS_BURYU_CD=JG130&JG_BURYU_CD=JG150&JG_HANGMOK_CD=59&JG_GUBUN=1&JG_YEAR2=2026&HG_NM=%EC%84%9C%EC%9A%B8%EB%AA%85%EC%9B%90%EC%B4%88%EB%93%B1%ED%95%99%EA%B5%90&SHL_IDF_CD=300d8c08-3c0f-47f5-b351-2294f89ea0a9&GS_TYPE=Y&JG_YEAR=2026&SORT=BR&CHOSEN_JG_YEAR=2026&PRE_JG_YEAR=2026&LOAD_TYPE=single,2026학년도 방과후맞춤형 교실 연간 운영 계획.hwp,,,,,,,,,,
wave2_seoul,B000002174,서울대명초등학교,서울특별시,2-가 문서에서 시정표를 찾지 못함(요약본이거나 표가 이미지일 수 있음),,https://www.schoolinfo.go.kr/ei/ss/Pneiss_b01_s0.do?SHL_IDF_CD=9a5f8b6a-ae73-4262-ba8a-65413306dc39,https://www.schoolinfo.go.kr/ei/pp/Pneipp_b14_s0p.do?GS_HANGMOK_CD=14&GS_HANGMOK_NO=2-%EA%B0%80&GS_HANGMOK_NM=%ED%95%99%EA%B5%90%EA%B5%90%EC%9C%A1%EA%B3%BC%EC%A0%95+%ED%8E%B8%EC%84%B1%E3%86%8D%EC%9A%B4%EC%98%81+%EB%B0%8F+%ED%8F%89%EA%B0%80%EC%97%90+%EA%B4%80%ED%95%9C+%EC%82%AC%ED%95%AD&GS_BURYU_CD=JG100&JG_BURYU_CD=JG020&JG_HANGMOK_CD=05&JG_GUBUN=1&JG_YEAR2=2026&HG_NM=%EC%84%9C%EC%9A%B8%EB%8C%80%EB%AA%85%EC%B4%88%EB%93%B1%ED%95%99%EA%B5%90&SHL_IDF_CD=9a5f8b6a-ae73-4262-ba8a-65413306dc39&GS_TYPE=Y&JG_YEAR=2026&SORT=BR&CHOSEN_JG_YEAR=2026&PRE_JG_YEAR=2026&LOAD_TYPE=single,(대명초)2-가. 학교교육과정 편성운영 및 평가 계획.hwpx,https://www.schoolinfo.go.kr/ei/pp/Pneipp_b73_s0p.do?GS_HANGMOK_CD=73&GS_HANGMOK_NO=15-%EB%9D%BC&GS_HANGMOK_NM=%EB%B0%A9%EA%B3%BC%ED%9B%84%ED%95%99%EA%B5%90+%EC%9A%B4%EC%98%81+%EA%B3%84%ED%9A%8D+%EB%B0%8F+%EC%9A%B4%EC%98%81%E3%86%8D%EC%A7%80%EC%9B%90%ED%98%84%ED%99%A9&GS_BURYU_CD=JG130&JG_BURYU_CD=JG150&JG_HANGMOK_CD=59&JG_GUBUN=1&JG_YEAR2=2026&HG_NM=%EC%84%9C%EC%9A%B8%EB%8C%80%EB%AA%85%EC%B4%88%EB%93%B1%ED%95%99%EA%B5%90&SHL_IDF_CD=9a5f8b6a-ae73-4262-ba8a-65413306dc39&GS_TYPE=Y&JG_YEAR=2026&SORT=BR&CHOSEN_JG_YEAR=2026&PRE_JG_YEAR=2026&LOAD_TYPE=single,"(대명초)2026학년도 돌봄교실 연간 운영 계획(정보공시용).pdf / (대명초)2026학년도 방과후,맞춤형교실 연간 운영 계획(정보공시용).pdf",,,,,,,,,,
wave2_seoul,B000002176,서울상일초등학교,서울특별시,,15-라 계획에 1학년 오후돌봄 종료 시각이 없음,https://www.schoolinfo.go.kr/ei/ss/Pneiss_b01_s0.do?SHL_IDF_CD=18572e74-634d-4a57-852d-c11fdbdca2ff,https://www.schoolinfo.go.kr/ei/pp/Pneipp_b14_s0p.do?GS_HANGMOK_CD=14&GS_HANGMOK_NO=2-%EA%B0%80&GS_HANGMOK_NM=%ED%95%99%EA%B5%90%EA%B5%90%EC%9C%A1%EA%B3%BC%EC%A0%95+%ED%8E%B8%EC%84%B1%E3%86%8D%EC%9A%B4%EC%98%81+%EB%B0%8F+%ED%8F%89%EA%B0%80%EC%97%90+%EA%B4%80%ED%95%9C+%EC%82%AC%ED%95%AD&GS_BURYU_CD=JG100&JG_BURYU_CD=JG020&JG_HANGMOK_CD=05&JG_GUBUN=1&JG_YEAR2=2026&HG_NM=%EC%84%9C%EC%9A%B8%EC%83%81%EC%9D%BC%EC%B4%88%EB%93%B1%ED%95%99%EA%B5%90&SHL_IDF_CD=18572e74-634d-4a57-852d-c11fdbdca2ff&GS_TYPE=Y&JG_YEAR=2026&SORT=BR&CHOSEN_JG_YEAR=2026&PRE_JG_YEAR=2026&LOAD_TYPE=single,"2026학년도 상일초 연간학사일정.hwp / 2026학년도 상일초 학교교육과정의 편성, 운영, 평가 계획.hwp",https://www.schoolinfo.go.kr/ei/pp/Pneipp_b73_s0p.do?GS_HANGMOK_CD=73&GS_HANGMOK_NO=15-%EB%9D%BC&GS_HANGMOK_NM=%EB%B0%A9%EA%B3%BC%ED%9B%84%ED%95%99%EA%B5%90+%EC%9A%B4%EC%98%81+%EA%B3%84%ED%9A%8D+%EB%B0%8F+%EC%9A%B4%EC%98%81%E3%86%8D%EC%A7%80%EC%9B%90%ED%98%84%ED%99%A9&GS_BURYU_CD=JG130&JG_BURYU_CD=JG150&JG_HANGMOK_CD=59&JG_GUBUN=1&JG_YEAR2=2026&HG_NM=%EC%84%9C%EC%9A%B8%EC%83%81%EC%9D%BC%EC%B4%88%EB%93%B1%ED%95%99%EA%B5%90&SHL_IDF_CD=18572e74-634d-4a57-852d-c11fdbdca2ff&GS_TYPE=Y&JG_YEAR=2026&SORT=BR&CHOSEN_JG_YEAR=2026&PRE_JG_YEAR=2026&LOAD_TYPE=single,2026학년도 서울상일초등학교 방과후학교 운영 계획.hwp,,,,,,,,,,
wave2_seoul,B000002179,서울성내초등학교,서울특별시,2-가 문서에서 시정표를 찾지 못함(요약본이거나 표가 이미지일 수 있음),,https://www.schoolinfo.go.kr/ei/ss/Pneiss_b01_s0.do?SHL_IDF_CD=97f059c6-4a56-4abd-8faf-9bc716d77157,https://www.schoolinfo.go.kr/ei/pp/Pneipp_b14_s0p.do?GS_HANGMOK_CD=14&GS_HANGMOK_NO=2-%EA%B0%80&GS_HANGMOK_NM=%ED%95%99%EA%B5%90%EA%B5%90%EC%9C%A1%EA%B3%BC%EC%A0%95+%ED%8E%B8%EC%84%B1%E3%86%8D%EC%9A%B4%EC%98%81+%EB%B0%8F+%ED%8F%89%EA%B0%80%EC%97%90+%EA%B4%80%ED%95%9C+%EC%82%AC%ED%95%AD&GS_BURYU_CD=JG100&JG_BURYU_CD=JG020&JG_HANGMOK_CD=05&JG_GUBUN=1&JG_YEAR2=2026&HG_NM=%EC%84%9C%EC%9A%B8%EC%84%B1%EB%82%B4%EC%B4%88%EB%93%B1%ED%95%99%EA%B5%90&SHL_IDF_CD=97f059c6-4a56-4abd-8faf-9bc716d77157&GS_TYPE=Y&JG_YEAR=2026&SORT=BR&CHOSEN_JG_YEAR=2026&PRE_JG_YEAR=2026&LOAD_TYPE=single,2026학년도 성내초 연간 학사일정.pdf / 2026학년도 성내초 학교교육과정 편성 운영 평가 계획.pdf,https://www.schoolinfo.go.kr/ei/pp/Pneipp_b73_s0p.do?GS_HANGMOK_CD=73&GS_HANGMOK_NO=15-%EB%9D%BC&GS_HANGMOK_NM=%EB%B0%A9%EA%B3%BC%ED%9B%84%ED%95%99%EA%B5%90+%EC%9A%B4%EC%98%81+%EA%B3%84%ED%9A%8D+%EB%B0%8F+%EC%9A%B4%EC%98%81%E3%86%8D%EC%A7%80%EC%9B%90%ED%98%84%ED%99%A9&GS_BURYU_CD=JG130&JG_BURYU_CD=JG150&JG_HANGMOK_CD=59&JG_GUBUN=1&JG_YEAR2=2026&HG_NM=%EC%84%9C%EC%9A%B8%EC%84%B1%EB%82%B4%EC%B4%88%EB%93%B1%ED%95%99%EA%B5%90&SHL_IDF_CD=97f059c6-4a56-4abd-8faf-9bc716d77157&GS_TYPE=Y&JG_YEAR=2026&SORT=BR&CHOSEN_JG_YEAR=2026&PRE_JG_YEAR=2026&LOAD_TYPE=single,2026학년도 초등돌봄교실 운영 계획(안).hwp / (최종) 2026학년도 늘봄학교 맞춤형 및 선택형 프로그램 운영계획(안).hwp,,,,,,,,,,
wave2_seoul,B000002180,서울명일초등학교,서울특별시,2-가 문서에서 시정표를 찾지 못함(요약본이거나 표가 이미지일 수 있음),,https://www.schoolinfo.go.kr/ei/ss/Pneiss_b01_s0.do?SHL_IDF_CD=679b3f86-d96f-4832-aab2-34e7426ab353,https://www.schoolinfo.go.kr/ei/pp/Pneipp_b14_s0p.do?GS_HANGMOK_CD=14&GS_HANGMOK_NO=2-%EA%B0%80&GS_HANGMOK_NM=%ED%95%99%EA%B5%90%EA%B5%90%EC%9C%A1%EA%B3%BC%EC%A0%95+%ED%8E%B8%EC%84%B1%E3%86%8D%EC%9A%B4%EC%98%81+%EB%B0%8F+%ED%8F%89%EA%B0%80%EC%97%90+%EA%B4%80%ED%95%9C+%EC%82%AC%ED%95%AD&GS_BURYU_CD=JG100&JG_BURYU_CD=JG020&JG_HANGMOK_CD=05&JG_GUBUN=1&JG_YEAR2=2026&HG_NM=%EC%84%9C%EC%9A%B8%EB%AA%85%EC%9D%BC%EC%B4%88%EB%93%B1%ED%95%99%EA%B5%90&SHL_IDF_CD=679b3f86-d96f-4832-aab2-34e7426ab353&GS_TYPE=Y&JG_YEAR=2026&SORT=BR&CHOSEN_JG_YEAR=2026&PRE_JG_YEAR=2026&LOAD_TYPE=single,2026학년도 명일초 학교교육과정 편성·운영·평가 계획.hwp,https://www.schoolinfo.go.kr/ei/pp/Pneipp_b73_s0p.do?GS_HANGMOK_CD=73&GS_HANGMOK_NO=15-%EB%9D%BC&GS_HANGMOK_NM=%EB%B0%A9%EA%B3%BC%ED%9B%84%ED%95%99%EA%B5%90+%EC%9A%B4%EC%98%81+%EA%B3%84%ED%9A%8D+%EB%B0%8F+%EC%9A%B4%EC%98%81%E3%86%8D%EC%A7%80%EC%9B%90%ED%98%84%ED%99%A9&GS_BURYU_CD=JG130&JG_BURYU_CD=JG150&JG_HANGMOK_CD=59&JG_GUBUN=1&JG_YEAR2=2026&HG_NM=%EC%84%9C%EC%9A%B8%EB%AA%85%EC%9D%BC%EC%B4%88%EB%93%B1%ED%95%99%EA%B5%90&SHL_IDF_CD=679b3f86-d96f-4832-aab2-34e7426ab353&GS_TYPE=Y&JG_YEAR=2026&SORT=BR&CHOSEN_JG_YEAR=2026&PRE_JG_YEAR=2026&LOAD_TYPE=single,2026학년도 돌봄교실 연간 운영 계획.hwp / 2026학년도 방과후교실 연간 운영 계획.hwp,,,,,,,,,,
wave2_seoul,B000002181,서울천일초등학교,서울특별시,2-가 문서에서 시정표를 찾지 못함(요약본이거나 표가 이미지일 수 있음),15-라 계획에 1학년 오후돌봄 종료 시각이 없음,https://www.schoolinfo.go.kr/ei/ss/Pneiss_b01_s0.do?SHL_IDF_CD=5ca9b57f-6967-4e48-9a69-a54352c24491,https://www.schoolinfo.go.kr/ei/pp/Pneipp_b14_s0p.do?GS_HANGMOK_CD=14&GS_HANGMOK_NO=2-%EA%B0%80&GS_HANGMOK_NM=%ED%95%99%EA%B5%90%EA%B5%90%EC%9C%A1%EA%B3%BC%EC%A0%95+%ED%8E%B8%EC%84%B1%E3%86%8D%EC%9A%B4%EC%98%81+%EB%B0%8F+%ED%8F%89%EA%B0%80%EC%97%90+%EA%B4%80%ED%95%9C+%EC%82%AC%ED%95%AD&GS_BURYU_CD=JG100&JG_BURYU_CD=JG020&JG_HANGMOK_CD=05&JG_GUBUN=1&JG_YEAR2=2026&HG_NM=%EC%84%9C%EC%9A%B8%EC%B2%9C%EC%9D%BC%EC%B4%88%EB%93%B1%ED%95%99%EA%B5%90&SHL_IDF_CD=5ca9b57f-6967-4e48-9a69-a54352c24491&GS_TYPE=Y&JG_YEAR=2026&SORT=BR&CHOSEN_JG_YEAR=2026&PRE_JG_YEAR=2026&LOAD_TYPE=single,2026학년도 천일초 연간학사일정.pdf / 2026학년도 천일초 학교교육과정 편성 · 운영 및 평가 계획.pdf,https://www.schoolinfo.go.kr/ei/pp/Pneipp_b73_s0p.do?GS_HANGMOK_CD=73&GS_HANGMOK_NO=15-%EB%9D%BC&GS_HANGMOK_NM=%EB%B0%A9%EA%B3%BC%ED%9B%84%ED%95%99%EA%B5%90+%EC%9A%B4%EC%98%81+%EA%B3%84%ED%9A%8D+%EB%B0%8F+%EC%9A%B4%EC%98%81%E3%86%8D%EC%A7%80%EC%9B%90%ED%98%84%ED%99%A9&GS_BURYU_CD=JG130&JG_BURYU_CD=JG150&JG_HANGMOK_CD=59&JG_GUBUN=1&JG_YEAR2=2026&HG_NM=%EC%84%9C%EC%9A%B8%EC%B2%9C%EC%9D%BC%EC%B4%88%EB%93%B1%ED%95%99%EA%B5%90&SHL_IDF_CD=5ca9b57f-6967-4e48-9a69-a54352c24491&GS_TYPE=Y&JG_YEAR=2026&SORT=BR&CHOSEN_JG_YEAR=2026&PRE_JG_YEAR=2026&LOAD_TYPE=single,2026 방과후·돌봄 운영계획.hwp,,,,,,,,,,
wave2_seoul,B000002182,서울천호초등학교,서울특별시,2-가 문서에서 시정표를 찾지 못함(요약본이거나 표가 이미지일 수 있음),,https://www.schoolinfo.go.kr/ei/ss/Pneiss_b01_s0.do?SHL_IDF_CD=c5c0b705-5b89-4bf2-a320-bbea0e03b02a,https://www.schoolinfo.go.kr/ei/pp/Pneipp_b14_s0p.do?GS_HANGMOK_CD=14&GS_HANGMOK_NO=2-%EA%B0%80&GS_HANGMOK_NM=%ED%95%99%EA%B5%90%EA%B5%90%EC%9C%A1%EA%B3%BC%EC%A0%95+%ED%8E%B8%EC%84%B1%E3%86%8D%EC%9A%B4%EC%98%81+%EB%B0%8F+%ED%8F%89%EA%B0%80%EC%97%90+%EA%B4%80%ED%95%9C+%EC%82%AC%ED%95%AD&GS_BURYU_CD=JG100&JG_BURYU_CD=JG020&JG_HANGMOK_CD=05&JG_GUBUN=1&JG_YEAR2=2026&HG_NM=%EC%84%9C%EC%9A%B8%EC%B2%9C%ED%98%B8%EC%B4%88%EB%93%B1%ED%95%99%EA%B5%90&SHL_IDF_CD=c5c0b705-5b89-4bf2-a320-bbea0e03b02a&GS_TYPE=Y&JG_YEAR=2026&SORT=BR&CHOSEN_JG_YEAR=2026&PRE_JG_YEAR=2026&LOAD_TYPE=single,2026학년도 천호초 학교교육과정 편성 운영 평가 계획.pdf / 2026학년도 천호초 연간 학사 일정.pdf,https://www.schoolinfo.go.kr/ei/pp/Pneipp_b73_s0p.do?GS_HANGMOK_CD=73&GS_HANGMOK_NO=15-%EB%9D%BC&GS_HANGMOK_NM=%EB%B0%A9%EA%B3%BC%ED%9B%84%ED%95%99%EA%B5%90+%EC%9A%B4%EC%98%81+%EA%B3%84%ED%9A%8D+%EB%B0%8F+%EC%9A%B4%EC%98%81%E3%86%8D%EC%A7%80%EC%9B%90%ED%98%84%ED%99%A9&GS_BURYU_CD=JG130&JG_BURYU_CD=JG150&JG_HANGMOK_CD=59&JG_GUBUN=1&JG_YEAR2=2026&HG_NM=%EC%84%9C%EC%9A%B8%EC%B2%9C%ED%98%B8%EC%B4%88%EB%93%B1%ED%95%99%EA%B5%90&SHL_IDF_CD=c5c0b705-5b89-4bf2-a320-bbea0e03b02a&GS_TYPE=Y&JG_YEAR=2026&SORT=BR&CHOSEN_JG_YEAR=2026&PRE_JG_YEAR=2026&LOAD_TYPE=single,2026학년도 천호초등학교 초등돌봄교실 운영계획.hwp / 2026학년도 천호초등학교 방과후교실 및 맞춤형교실 운영계획.hwp,,,,,,,,,,
wave2_seoul,B000002184,서울선사초등학교,서울특별시,2-가 문서에서 시정표를 찾지 못함(요약본이거나 표가 이미지일 수 있음),,https://www.schoolinfo.go.kr/ei/ss/Pneiss_b01_s0.do?SHL_IDF_CD=cc0c6294-45a6-4143-a967-4623242d6d21,https://www.schoolinfo.go.kr/ei/pp/Pneipp_b14_s0p.do?GS_HANGMOK_CD=14&GS_HANGMOK_NO=2-%EA%B0%80&GS_HANGMOK_NM=%ED%95%99%EA%B5%90%EA%B5%90%EC%9C%A1%EA%B3%BC%EC%A0%95+%ED%8E%B8%EC%84%B1%E3%86%8D%EC%9A%B4%EC%98%81+%EB%B0%8F+%ED%8F%89%EA%B0%80%EC%97%90+%EA%B4%80%ED%95%9C+%EC%82%AC%ED%95%AD&GS_BURYU_CD=JG100&JG_BURYU_CD=JG020&JG_HANGMOK_CD=05&JG_GUBUN=1&JG_YEAR2=2026&HG_NM=%EC%84%9C%EC%9A%B8%EC%84%A0%EC%82%AC%EC%B4%88%EB%93%B1%ED%95%99%EA%B5%90&SHL_IDF_CD=cc0c6294-45a6-4143-a967-4623242d6d21&GS_TYPE=Y&JG_YEAR=2026&SORT=BR&CHOSEN_JG_YEAR=2026&PRE_JG_YEAR=2026&LOAD_TYPE=single,2026학년도 학교교육 기본계획(안).hwp,https://www.schoolinfo.go.kr/ei/pp/Pneipp_b73_s0p.do?GS_HANGMOK_CD=73&GS_HANGMOK_NO=15-%EB%9D%BC&GS_HANGMOK_NM=%EB%B0%A9%EA%B3%BC%ED%9B%84%ED%95%99%EA%B5%90+%EC%9A%B4%EC%98%81+%EA%B3%84%ED%9A%8D+%EB%B0%8F+%EC%9A%B4%EC%98%81%E3%86%8D%EC%A7%80%EC%9B%90%ED%98%84%ED%99%A9&GS_BURYU_CD=JG130&JG_BURYU_CD=JG150&JG_HANGMOK_CD=59&JG_GUBUN=1&JG_YEAR2=2026&HG_NM=%EC%84%9C%EC%9A%B8%EC%84%A0%EC%82%AC%EC%B4%88%EB%93%B1%ED%95%99%EA%B5%90&SHL_IDF_CD=cc0c6294-45a6-4143-a967-4623242d6d21&GS_TYPE=Y&JG_YEAR=2026&SORT=BR&CHOSEN_JG_YEAR=2026&PRE_JG_YEAR=2026&LOAD_TYPE=single,2026학년도 방과후학교 운영 계획.hwp / 2026학년도 돌봄교실 운영계획.hwp,,,,,,,,,,
wave2_seoul,B000002187,서울목원초등학교,서울특별시,2-가 문서에서 시정표를 찾지 못함(요약본이거나 표가 이미지일 수 있음),15-라 계획에 1학년 오후돌봄 종료 시각이 없음,https://www.schoolinfo.go.kr/ei/ss/Pneiss_b01_s0.do?SHL_IDF_CD=bc787a00-3db3-43dc-aa3e-798c2db24d8a,https://www.schoolinfo.go.kr/ei/pp/Pneipp_b14_s0p.do?GS_HANGMOK_CD=14&GS_HANGMOK_NO=2-%EA%B0%80&GS_HANGMOK_NM=%ED%95%99%EA%B5%90%EA%B5%90%EC%9C%A1%EA%B3%BC%EC%A0%95+%ED%8E%B8%EC%84%B1%E3%86%8D%EC%9A%B4%EC%98%81+%EB%B0%8F+%ED%8F%89%EA%B0%80%EC%97%90+%EA%B4%80%ED%95%9C+%EC%82%AC%ED%95%AD&GS_BURYU_CD=JG100&JG_BURYU_CD=JG020&JG_HANGMOK_CD=05&JG_GUBUN=1&JG_YEAR2=2026&HG_NM=%EC%84%9C%EC%9A%B8%EB%AA%A9%EC%9B%90%EC%B4%88%EB%93%B1%ED%95%99%EA%B5%90&SHL_IDF_CD=bc787a00-3db3-43dc-aa3e-798c2db24d8a&GS_TYPE=Y&JG_YEAR=2026&SORT=BR&CHOSEN_JG_YEAR=2026&PRE_JG_YEAR=2026&LOAD_TYPE=single,2026학년도 목원초 학교교육과정 편성·운영 및 평가 계획.hwpx / 2026학년도 목원초 연간 학사일정.hwpx,https://www.schoolinfo.go.kr/ei/pp/Pneipp_b73_s0p.do?GS_HANGMOK_CD=73&GS_HANGMOK_NO=15-%EB%9D%BC&GS_HANGMOK_NM=%EB%B0%A9%EA%B3%BC%ED%9B%84%ED%95%99%EA%B5%90+%EC%9A%B4%EC%98%81+%EA%B3%84%ED%9A%8D+%EB%B0%8F+%EC%9A%B4%EC%98%81%E3%86%8D%EC%A7%80%EC%9B%90%ED%98%84%ED%99%A9&GS_BURYU_CD=JG130&JG_BURYU_CD=JG150&JG_HANGMOK_CD=59&JG_GUBUN=1&JG_YEAR2=2026&HG_NM=%EC%84%9C%EC%9A%B8%EB%AA%A9%EC%9B%90%EC%B4%88%EB%93%B1%ED%95%99%EA%B5%90&SHL_IDF_CD=bc787a00-3db3-43dc-aa3e-798c2db24d8a&GS_TYPE=Y&JG_YEAR=2026&SORT=BR&CHOSEN_JG_YEAR=2026&PRE_JG_YEAR=2026&LOAD_TYPE=single,(목원초)2026학년도 방과후·돌봄 운영계획.zip,,,,,,,,,,
wave2_seoul,B000002188,서울경인초등학교,서울특별시,2-가 문서에서 시정표를 찾지 못함(요약본이거나 표가 이미지일 수 있음),15-라 계획에 1학년 오후돌봄 종료 시각이 없음,https://www.schoolinfo.go.kr/ei/ss/Pneiss_b01_s0.do?SHL_IDF_CD=012dd917-6663-4872-93b7-3a75074a33da,https://www.schoolinfo.go.kr/ei/pp/Pneipp_b14_s0p.do?GS_HANGMOK_CD=14&GS_HANGMOK_NO=2-%EA%B0%80&GS_HANGMOK_NM=%ED%95%99%EA%B5%90%EA%B5%90%EC%9C%A1%EA%B3%BC%EC%A0%95+%ED%8E%B8%EC%84%B1%E3%86%8D%EC%9A%B4%EC%98%81+%EB%B0%8F+%ED%8F%89%EA%B0%80%EC%97%90+%EA%B4%80%ED%95%9C+%EC%82%AC%ED%95%AD&GS_BURYU_CD=JG100&JG_BURYU_CD=JG020&JG_HANGMOK_CD=05&JG_GUBUN=1&JG_YEAR2=2026&HG_NM=%EC%84%9C%EC%9A%B8%EA%B2%BD%EC%9D%B8%EC%B4%88%EB%93%B1%ED%95%99%EA%B5%90&SHL_IDF_CD=012dd917-6663-4872-93b7-3a75074a33da&GS_TYPE=Y&JG_YEAR=2026&SORT=BR&CHOSEN_JG_YEAR=2026&PRE_JG_YEAR=2026&LOAD_TYPE=single,(정보공시)학교교육과정 편성운영평가 계획(2026학년도).hwp,https://www.schoolinfo.go.kr/ei/pp/Pneipp_b73_s0p.do?GS_HANGMOK_CD=73&GS_HANGMOK_NO=15-%EB%9D%BC&GS_HANGMOK_NM=%EB%B0%A9%EA%B3%BC%ED%9B%84%ED%95%99%EA%B5%90+%EC%9A%B4%EC%98%81+%EA%B3%84%ED%9A%8D+%EB%B0%8F+%EC%9A%B4%EC%98%81%E3%86%8D%EC%A7%80%EC%9B%90%ED%98%84%ED%99%A9&GS_BURYU_CD=JG130&JG_BURYU_CD=JG150&JG_HANGMOK_CD=59&JG_GUBUN=1&JG_YEAR2=2026&HG_NM=%EC%84%9C%EC%9A%B8%EA%B2%BD%EC%9D%B8%EC%B4%88%EB%93%B1%ED%95%99%EA%B5%90&SHL_IDF_CD=012dd917-6663-4872-93b7-3a75074a33da&GS_TYPE=Y&JG_YEAR=2026&SORT=BR&CHOSEN_JG_YEAR=2026&PRE_JG_YEAR=2026&LOAD_TYPE=single,2026학년도 경인초 돌봄교실 운영계획.hwp / 2026학년도 경인초 방과후교실 운영계획.hwp,,,,,,,,,,
wave2_seoul,B000002189,서울서정초등학교,서울특별시,2-가 문서에서 시정표를 찾지 못함(요약본이거나 표가 이미지일 수 있음),,https://www.schoolinfo.go.kr/ei/ss/Pneiss_b01_s0.do?SHL_IDF_CD=0bcc7d1d-44ba-46f0-a17a-326dc3a2833d,https://www.schoolinfo.go.kr/ei/pp/Pneipp_b14_s0p.do?GS_HANGMOK_CD=14&GS_HANGMOK_NO=2-%EA%B0%80&GS_HANGMOK_NM=%ED%95%99%EA%B5%90%EA%B5%90%EC%9C%A1%EA%B3%BC%EC%A0%95+%ED%8E%B8%EC%84%B1%E3%86%8D%EC%9A%B4%EC%98%81+%EB%B0%8F+%ED%8F%89%EA%B0%80%EC%97%90+%EA%B4%80%ED%95%9C+%EC%82%AC%ED%95%AD&GS_BURYU_CD=JG100&JG_BURYU_CD=JG020&JG_HANGMOK_CD=05&JG_GUBUN=1&JG_YEAR2=2026&HG_NM=%EC%84%9C%EC%9A%B8%EC%84%9C%EC%A0%95%EC%B4%88%EB%93%B1%ED%95%99%EA%B5%90&SHL_IDF_CD=0bcc7d1d-44ba-46f0-a17a-326dc3a2833d&GS_TYPE=Y&JG_YEAR=2026&SORT=BR&CHOSEN_JG_YEAR=2026&PRE_JG_YEAR=2026&LOAD_TYPE=single,2026학년도 서울서정초등학교 학교교육과정 편성·운영·평가 계획.pdf / 2026학년도 서울서정초등학교 연간학사일정.pdf,https://www.schoolinfo.go.kr/ei/pp/Pneipp_b73_s0p.do?GS_HANGMOK_CD=73&GS_HANGMOK_NO=15-%EB%9D%BC&GS_HANGMOK_NM=%EB%B0%A9%EA%B3%BC%ED%9B%84%ED%95%99%EA%B5%90+%EC%9A%B4%EC%98%81+%EA%B3%84%ED%9A%8D+%EB%B0%8F+%EC%9A%B4%EC%98%81%E3%86%8D%EC%A7%80%EC%9B%90%ED%98%84%ED%99%A9&GS_BURYU_CD=JG130&JG_BURYU_CD=JG150&JG_HANGMOK_CD=59&JG_GUBUN=1&JG_YEAR2=2026&HG_NM=%EC%84%9C%EC%9A%B8%EC%84%9C%EC%A0%95%EC%B4%88%EB%93%B1%ED%95%99%EA%B5%90&SHL_IDF_CD=0bcc7d1d-44ba-46f0-a17a-326dc3a2833d&GS_TYPE=Y&JG_YEAR=2026&SORT=BR&CHOSEN_JG_YEAR=2026&PRE_JG_YEAR=2026&LOAD_TYPE=single,2026학년도 맞춤형·방과후·돌봄 연간 운영계획.hwp,,,,,,,,,,
wave2_seoul,B000002190,서울목운초등학교,서울특별시,2-가 첨부 없음,,https://www.schoolinfo.go.kr/ei/ss/Pneiss_b01_s0.do?SHL_IDF_CD=0c8e10c7-d7f2-402e-9b45-ac614ff02bdc,https://www.schoolinfo.go.kr/ei/pp/Pneipp_b14_s0p.do?GS_HANGMOK_CD=14&GS_HANGMOK_NO=2-%EA%B0%80&GS_HANGMOK_NM=%ED%95%99%EA%B5%90%EA%B5%90%EC%9C%A1%EA%B3%BC%EC%A0%95+%ED%8E%B8%EC%84%B1%E3%86%8D%EC%9A%B4%EC%98%81+%EB%B0%8F+%ED%8F%89%EA%B0%80%EC%97%90+%EA%B4%80%ED%95%9C+%EC%82%AC%ED%95%AD&GS_BURYU_CD=JG100&JG_BURYU_CD=JG020&JG_HANGMOK_CD=05&JG_GUBUN=1&JG_YEAR2=2026&HG_NM=%EC%84%9C%EC%9A%B8%EB%AA%A9%EC%9A%B4%EC%B4%88%EB%93%B1%ED%95%99%EA%B5%90&SHL_IDF_CD=0c8e10c7-d7f2-402e-9b45-ac614ff02bdc&GS_TYPE=Y&JG_YEAR=2026&SORT=BR&CHOSEN_JG_YEAR=2026&PRE_JG_YEAR=2026&LOAD_TYPE=single,2026학년도 학사일정 및 교육과정 운영(안).hwp,https://www.schoolinfo.go.kr/ei/pp/Pneipp_b73_s0p.do?GS_HANGMOK_CD=73&GS_HANGMOK_NO=15-%EB%9D%BC&GS_HANGMOK_NM=%EB%B0%A9%EA%B3%BC%ED%9B%84%ED%95%99%EA%B5%90+%EC%9A%B4%EC%98%81+%EA%B3%84%ED%9A%8D+%EB%B0%8F+%EC%9A%B4%EC%98%81%E3%86%8D%EC%A7%80%EC%9B%90%ED%98%84%ED%99%A9&GS_BURYU_CD=JG130&JG_BURYU_CD=JG150&JG_HANGMOK_CD=59&JG_GUBUN=1&JG_YEAR2=2026&HG_NM=%EC%84%9C%EC%9A%B8%EB%AA%A9%EC%9A%B4%EC%B4%88%EB%93%B1%ED%95%99%EA%B5%90&SHL_IDF_CD=0c8e10c7-d7f2-402e-9b45-ac614ff02bdc&GS_TYPE=Y&JG_YEAR=2026&SORT=BR&CHOSEN_JG_YEAR=2026&PRE_JG_YEAR=2026&LOAD_TYPE=single,2026학년도 1기 서울목운초등학교 컴퓨터교실 운영계획.hwp / 2026학년도 서울목운초등학교 초등돌봄교실 운영계획.hwp / 2026학년도 서울목운초등학교 특수학급 방과후교실 운영 계획.hwp / 2026학년도 서울목운초등학교 방과후학교 운영계획.hwp,,,,,,,,,,
wave2_seoul,B000002193,서울신서초등학교,서울특별시,2-가 문서에서 시정표를 찾지 못함(요약본이거나 표가 이미지일 수 있음),,https://www.schoolinfo.go.kr/ei/ss/Pneiss_b01_s0.do?SHL_IDF_CD=e70f48d3-9006-4a91-81bb-bb82c1e07b46,https://www.schoolinfo.go.kr/ei/pp/Pneipp_b14_s0p.do?GS_HANGMOK_CD=14&GS_HANGMOK_NO=2-%EA%B0%80&GS_HANGMOK_NM=%ED%95%99%EA%B5%90%EA%B5%90%EC%9C%A1%EA%B3%BC%EC%A0%95+%ED%8E%B8%EC%84%B1%E3%86%8D%EC%9A%B4%EC%98%81+%EB%B0%8F+%ED%8F%89%EA%B0%80%EC%97%90+%EA%B4%80%ED%95%9C+%EC%82%AC%ED%95%AD&GS_BURYU_CD=JG100&JG_BURYU_CD=JG020&JG_HANGMOK_CD=05&JG_GUBUN=1&JG_YEAR2=2026&HG_NM=%EC%84%9C%EC%9A%B8%EC%8B%A0%EC%84%9C%EC%B4%88%EB%93%B1%ED%95%99%EA%B5%90&SHL_IDF_CD=e70f48d3-9006-4a91-81bb-bb82c1e07b46&GS_TYPE=Y&JG_YEAR=2026&SORT=BR&CHOSEN_JG_YEAR=2026&PRE_JG_YEAR=2026&LOAD_TYPE=single,신서초)학교교육과정 편성 운영 평가.hwp,https://www.schoolinfo.go.kr/ei/pp/Pneipp_b73_s0p.do?GS_HANGMOK_CD=73&GS_HANGMOK_NO=15-%EB%9D%BC&GS_HANGMOK_NM=%EB%B0%A9%EA%B3%BC%ED%9B%84%ED%95%99%EA%B5%90+%EC%9A%B4%EC%98%81+%EA%B3%84%ED%9A%8D+%EB%B0%8F+%EC%9A%B4%EC%98%81%E3%86%8D%EC%A7%80%EC%9B%90%ED%98%84%ED%99%A9&GS_BURYU_CD=JG130&JG_BURYU_CD=JG150&JG_HANGMOK_CD=59&JG_GUBUN=1&JG_YEAR2=2026&HG_NM=%EC%84%9C%EC%9A%B8%EC%8B%A0%EC%84%9C%EC%B4%88%EB%93%B1%ED%95%99%EA%B5%90&SHL_IDF_CD=e70f48d3-9006-4a91-81bb-bb82c1e07b46&GS_TYPE=Y&JG_YEAR=2026&SORT=BR&CHOSEN_JG_YEAR=2026&PRE_JG_YEAR=2026&LOAD_TYPE=single,2026학년도 초등돌봄교실 운영 계획(안).hwp / 2026 신서초 방과후맞춤형 연간운영계획(안).hwp,,,,,,,,,,
wave2_seoul,B000002194,서울양명초등학교,서울특별시,,15-라 계획에 1학년 오후돌봄 종료 시각이 없음,https://www.schoolinfo.go.kr/ei/ss/Pneiss_b01_s0.do?SHL_IDF_CD=7cc1459d-698b-4c80-a0c9-c932262dc67f,https://www.schoolinfo.go.kr/ei/pp/Pneipp_b14_s0p.do?GS_HANGMOK_CD=14&GS_HANGMOK_NO=2-%EA%B0%80&GS_HANGMOK_NM=%ED%95%99%EA%B5%90%EA%B5%90%EC%9C%A1%EA%B3%BC%EC%A0%95+%ED%8E%B8%EC%84%B1%E3%86%8D%EC%9A%B4%EC%98%81+%EB%B0%8F+%ED%8F%89%EA%B0%80%EC%97%90+%EA%B4%80%ED%95%9C+%EC%82%AC%ED%95%AD&GS_BURYU_CD=JG100&JG_BURYU_CD=JG020&JG_HANGMOK_CD=05&JG_GUBUN=1&JG_YEAR2=2026&HG_NM=%EC%84%9C%EC%9A%B8%EC%96%91%EB%AA%85%EC%B4%88%EB%93%B1%ED%95%99%EA%B5%90&SHL_IDF_CD=7cc1459d-698b-4c80-a0c9-c932262dc67f&GS_TYPE=Y&JG_YEAR=2026&SORT=BR&CHOSEN_JG_YEAR=2026&PRE_JG_YEAR=2026&LOAD_TYPE=single,2026학년도 양명초 연간학사일정.hwpx / 2026학년도 양명초 학교교육과정 편성·운영·평가 계획.hwpx,https://www.schoolinfo.go.kr/ei/pp/Pneipp_b73_s0p.do?GS_HANGMOK_CD=73&GS_HANGMOK_NO=15-%EB%9D%BC&GS_HANGMOK_NM=%EB%B0%A9%EA%B3%BC%ED%9B%84%ED%95%99%EA%B5%90+%EC%9A%B4%EC%98%81+%EA%B3%84%ED%9A%8D+%EB%B0%8F+%EC%9A%B4%EC%98%81%E3%86%8D%EC%A7%80%EC%9B%90%ED%98%84%ED%99%A9&GS_BURYU_CD=JG130&JG_BURYU_CD=JG150&JG_HANGMOK_CD=59&JG_GUBUN=1&JG_YEAR2=2026&HG_NM=%EC%84%9C%EC%9A%B8%EC%96%91%EB%AA%85%EC%B4%88%EB%93%B1%ED%95%99%EA%B5%90&SHL_IDF_CD=7cc1459d-698b-4c80-a0c9-c932262dc67f&GS_TYPE=Y&JG_YEAR=2026&SORT=BR&CHOSEN_JG_YEAR=2026&PRE_JG_YEAR=2026&LOAD_TYPE=single,"2026학년도 맞춤형,방과후 연간운영계획 및 1분기 세부운영계획(안).hwp",,,,,,,,,,
wave2_seoul,B000002199,서울강신초등학교,서울특별시,2-가 문서에서 시정표를 찾지 못함(요약본이거나 표가 이미지일 수 있음),,https://www.schoolinfo.go.kr/ei/ss/Pneiss_b01_s0.do?SHL_IDF_CD=80b27d63-fe72-4913-9489-934388f3dc1a,https://www.schoolinfo.go.kr/ei/pp/Pneipp_b14_s0p.do?GS_HANGMOK_CD=14&GS_HANGMOK_NO=2-%EA%B0%80&GS_HANGMOK_NM=%ED%95%99%EA%B5%90%EA%B5%90%EC%9C%A1%EA%B3%BC%EC%A0%95+%ED%8E%B8%EC%84%B1%E3%86%8D%EC%9A%B4%EC%98%81+%EB%B0%8F+%ED%8F%89%EA%B0%80%EC%97%90+%EA%B4%80%ED%95%9C+%EC%82%AC%ED%95%AD&GS_BURYU_CD=JG100&JG_BURYU_CD=JG020&JG_HANGMOK_CD=05&JG_GUBUN=1&JG_YEAR2=2026&HG_NM=%EC%84%9C%EC%9A%B8%EA%B0%95%EC%8B%A0%EC%B4%88%EB%93%B1%ED%95%99%EA%B5%90&SHL_IDF_CD=80b27d63-fe72-4913-9489-934388f3dc1a&GS_TYPE=Y&JG_YEAR=2026&SORT=BR&CHOSEN_JG_YEAR=2026&PRE_JG_YEAR=2026&LOAD_TYPE=single,2026학년도 강신초 학교교육과정 편성·운영·평가 계획.hwp / 2026학년도 강신초 연간학사일정.hwpx,https://www.schoolinfo.go.kr/ei/pp/Pneipp_b73_s0p.do?GS_HANGMOK_CD=73&GS_HANGMOK_NO=15-%EB%9D%BC&GS_HANGMOK_NM=%EB%B0%A9%EA%B3%BC%ED%9B%84%ED%95%99%EA%B5%90+%EC%9A%B4%EC%98%81+%EA%B3%84%ED%9A%8D+%EB%B0%8F+%EC%9A%B4%EC%98%81%E3%86%8D%EC%A7%80%EC%9B%90%ED%98%84%ED%99%A9&GS_BURYU_CD=JG130&JG_BURYU_CD=JG150&JG_HANGMOK_CD=59&JG_GUBUN=1&JG_YEAR2=2026&HG_NM=%EC%84%9C%EC%9A%B8%EA%B0%95%EC%8B%A0%EC%B4%88%EB%93%B1%ED%95%99%EA%B5%90&SHL_IDF_CD=80b27d63-fe72-4913-9489-934388f3dc1a&GS_TYPE=Y&JG_YEAR=2026&SORT=BR&CHOSEN_JG_YEAR=2026&PRE_JG_YEAR=2026&LOAD_TYPE=single,2026학년도 돌봄교실 운영계획.hwp / 2026학년도 강신초 맞춤형교실 및 방과후교실 연간 운영 계획(안).hwp,,,,,,,,,,
wave2_seoul,B000002201,서울정목초등학교,서울특별시,2-가 문서에서 시정표를 찾지 못함(요약본이거나 표가 이미지일 수 있음),,https://www.schoolinfo.go.kr/ei/ss/Pneiss_b01_s0.do?SHL_IDF_CD=93b73f24-2e49-409e-87ba-7aa2474223fd,https://www.schoolinfo.go.kr/ei/pp/Pneipp_b14_s0p.do?GS_HANGMOK_CD=14&GS_HANGMOK_NO=2-%EA%B0%80&GS_HANGMOK_NM=%ED%95%99%EA%B5%90%EA%B5%90%EC%9C%A1%EA%B3%BC%EC%A0%95+%ED%8E%B8%EC%84%B1%E3%86%8D%EC%9A%B4%EC%98%81+%EB%B0%8F+%ED%8F%89%EA%B0%80%EC%97%90+%EA%B4%80%ED%95%9C+%EC%82%AC%ED%95%AD&GS_BURYU_CD=JG100&JG_BURYU_CD=JG020&JG_HANGMOK_CD=05&JG_GUBUN=1&JG_YEAR2=2026&HG_NM=%EC%84%9C%EC%9A%B8%EC%A0%95%EB%AA%A9%EC%B4%88%EB%93%B1%ED%95%99%EA%B5%90&SHL_IDF_CD=93b73f24-2e49-409e-87ba-7aa2474223fd&GS_TYPE=Y&JG_YEAR=2026&SORT=BR&CHOSEN_JG_YEAR=2026&PRE_JG_YEAR=2026&LOAD_TYPE=single,2026학년도 서울정목초 교육과정 편성 운영 평가 계획.hwp,https://www.schoolinfo.go.kr/ei/pp/Pneipp_b73_s0p.do?GS_HANGMOK_CD=73&GS_HANGMOK_NO=15-%EB%9D%BC&GS_HANGMOK_NM=%EB%B0%A9%EA%B3%BC%ED%9B%84%ED%95%99%EA%B5%90+%EC%9A%B4%EC%98%81+%EA%B3%84%ED%9A%8D+%EB%B0%8F+%EC%9A%B4%EC%98%81%E3%86%8D%EC%A7%80%EC%9B%90%ED%98%84%ED%99%A9&GS_BURYU_CD=JG130&JG_BURYU_CD=JG150&JG_HANGMOK_CD=59&JG_GUBUN=1&JG_YEAR2=2026&HG_NM=%EC%84%9C%EC%9A%B8%EC%A0%95%EB%AA%A9%EC%B4%88%EB%93%B1%ED%95%99%EA%B5%90&SHL_IDF_CD=93b73f24-2e49-409e-87ba-7aa2474223fd&GS_TYPE=Y&JG_YEAR=2026&SORT=BR&CHOSEN_JG_YEAR=2026&PRE_JG_YEAR=2026&LOAD_TYPE=single,(정보공시)2026학년도 정목초 초등돌봄교실 운영 계획.pdf / (정보공시)2026학년도 정목초 방과후학교 운영계획.pdf,,,,,,,,,,
wave2_seoul,B000002202,서울양원초등학교,서울특별시,2-가 문서에서 시정표를 찾지 못함(요약본이거나 표가 이미지일 수 있음),,https://www.schoolinfo.go.kr/ei/ss/Pneiss_b01_s0.do?SHL_IDF_CD=3e3aaf71-f75f-41fc-a17f-bd2135390b77,https://www.schoolinfo.go.kr/ei/pp/Pneipp_b14_s0p.do?GS_HANGMOK_CD=14&GS_HANGMOK_NO=2-%EA%B0%80&GS_HANGMOK_NM=%ED%95%99%EA%B5%90%EA%B5%90%EC%9C%A1%EA%B3%BC%EC%A0%95+%ED%8E%B8%EC%84%B1%E3%86%8D%EC%9A%B4%EC%98%81+%EB%B0%8F+%ED%8F%89%EA%B0%80%EC%97%90+%EA%B4%80%ED%95%9C+%EC%82%AC%ED%95%AD&GS_BURYU_CD=JG100&JG_BURYU_CD=JG020&JG_HANGMOK_CD=05&JG_GUBUN=1&JG_YEAR2=2026&HG_NM=%EC%84%9C%EC%9A%B8%EC%96%91%EC%9B%90%EC%B4%88%EB%93%B1%ED%95%99%EA%B5%90&SHL_IDF_CD=3e3aaf71-f75f-41fc-a17f-bd2135390b77&GS_TYPE=Y&JG_YEAR=2026&SORT=BR&CHOSEN_JG_YEAR=2026&PRE_JG_YEAR=2026&LOAD_TYPE=single,2-가. 학교교육과정 편성 운영 및 평가에 관한 사항.hwpx,https://www.schoolinfo.go.kr/ei/pp/Pneipp_b73_s0p.do?GS_HANGMOK_CD=73&GS_HANGMOK_NO=15-%EB%9D%BC&GS_HANGMOK_NM=%EB%B0%A9%EA%B3%BC%ED%9B%84%ED%95%99%EA%B5%90+%EC%9A%B4%EC%98%81+%EA%B3%84%ED%9A%8D+%EB%B0%8F+%EC%9A%B4%EC%98%81%E3%86%8D%EC%A7%80%EC%9B%90%ED%98%84%ED%99%A9&GS_BURYU_CD=JG130&JG_BURYU_CD=JG150&JG_HANGMOK_CD=59&JG_GUBUN=1&JG_YEAR2=2026&HG_NM=%EC%84%9C%EC%9A%B8%EC%96%91%EC%9B%90%EC%B4%88%EB%93%B1%ED%95%99%EA%B5%90&SHL_IDF_CD=3e3aaf71-f75f-41fc-a17f-bd2135390b77&GS_TYPE=Y&JG_YEAR=2026&SORT=BR&CHOSEN_JG_YEAR=2026&PRE_JG_YEAR=2026&LOAD_TYPE=single,2026학년도 서울양원초등학교 초등돌봄교실 운영 계획.pdf / 2026학년도 서울양원초등학교 방과후·맞춤형교실 운영계획.pdf,,,,,,,,,,
wave2_seoul,B000002203,서울신원초등학교,서울특별시,2-가 문서에서 시정표를 찾지 못함(요약본이거나 표가 이미지일 수 있음),,https://www.schoolinfo.go.kr/ei/ss/Pneiss_b01_s0.do?SHL_IDF_CD=137523aa-157d-4285-8090-f643fcadd73a,https://www.schoolinfo.go.kr/ei/pp/Pneipp_b14_s0p.do?GS_HANGMOK_CD=14&GS_HANGMOK_NO=2-%EA%B0%80&GS_HANGMOK_NM=%ED%95%99%EA%B5%90%EA%B5%90%EC%9C%A1%EA%B3%BC%EC%A0%95+%ED%8E%B8%EC%84%B1%E3%86%8D%EC%9A%B4%EC%98%81+%EB%B0%8F+%ED%8F%89%EA%B0%80%EC%97%90+%EA%B4%80%ED%95%9C+%EC%82%AC%ED%95%AD&GS_BURYU_CD=JG100&JG_BURYU_CD=JG020&JG_HANGMOK_CD=05&JG_GUBUN=1&JG_YEAR2=2026&HG_NM=%EC%84%9C%EC%9A%B8%EC%8B%A0%EC%9B%90%EC%B4%88%EB%93%B1%ED%95%99%EA%B5%90&SHL_IDF_CD=137523aa-157d-4285-8090-f643fcadd73a&GS_TYPE=Y&JG_YEAR=2026&SORT=BR&CHOSEN_JG_YEAR=2026&PRE_JG_YEAR=2026&LOAD_TYPE=single,2026학년도 신원초 학교교육과정 편성운영평가 계획.hwpx / 2026학년도 신원초 연간학사일정.hwpx,https://www.schoolinfo.go.kr/ei/pp/Pneipp_b73_s0p.do?GS_HANGMOK_CD=73&GS_HANGMOK_NO=15-%EB%9D%BC&GS_HANGMOK_NM=%EB%B0%A9%EA%B3%BC%ED%9B%84%ED%95%99%EA%B5%90+%EC%9A%B4%EC%98%81+%EA%B3%84%ED%9A%8D+%EB%B0%8F+%EC%9A%B4%EC%98%81%E3%86%8D%EC%A7%80%EC%9B%90%ED%98%84%ED%99%A9&GS_BURYU_CD=JG130&JG_BURYU_CD=JG150&JG_HANGMOK_CD=59&JG_GUBUN=1&JG_YEAR2=2026&HG_NM=%EC%84%9C%EC%9A%B8%EC%8B%A0%EC%9B%90%EC%B4%88%EB%93%B1%ED%95%99%EA%B5%90&SHL_IDF_CD=137523aa-157d-4285-8090-f643fcadd73a&GS_TYPE=Y&JG_YEAR=2026&SORT=BR&CHOSEN_JG_YEAR=2026&PRE_JG_YEAR=2026&LOAD_TYPE=single,(정보공시용)(심의안건 발의서)2026학년도 맞춤형.방과후교실 연간 및 1기 운영계획(안).hwp / 2026학년도 신원초 초등돌봄교실 운영계획안.hwp,,,,,,,,,,
wave2_seoul,B000002205,서울신강초등학교,서울특별시,2-가 문서에서 시정표를 찾지 못함(요약본이거나 표가 이미지일 수 있음),,https://www.schoolinfo.go.kr/ei/ss/Pneiss_b01_s0.do?SHL_IDF_CD=25aa500d-6ddd-4fd9-b867-18eba92fe70a,https://www.schoolinfo.go.kr/ei/pp/Pneipp_b14_s0p.do?GS_HANGMOK_CD=14&GS_HANGMOK_NO=2-%EA%B0%80&GS_HANGMOK_NM=%ED%95%99%EA%B5%90%EA%B5%90%EC%9C%A1%EA%B3%BC%EC%A0%95+%ED%8E%B8%EC%84%B1%E3%86%8D%EC%9A%B4%EC%98%81+%EB%B0%8F+%ED%8F%89%EA%B0%80%EC%97%90+%EA%B4%80%ED%95%9C+%EC%82%AC%ED%95%AD&GS_BURYU_CD=JG100&JG_BURYU_CD=JG020&JG_HANGMOK_CD=05&JG_GUBUN=1&JG_YEAR2=2026&HG_NM=%EC%84%9C%EC%9A%B8%EC%8B%A0%EA%B0%95%EC%B4%88%EB%93%B1%ED%95%99%EA%B5%90&SHL_IDF_CD=25aa500d-6ddd-4fd9-b867-18eba92fe70a&GS_TYPE=Y&JG_YEAR=2026&SORT=BR&CHOSEN_JG_YEAR=2026&PRE_JG_YEAR=2026&LOAD_TYPE=single,2026학년도 신강초 연간학사일정.hwp / 2026학년도 서울신강초 교육과정 편성·운영·평가 계획.hwp,https://www.schoolinfo.go.kr/ei/pp/Pneipp_b73_s0p.do?GS_HANGMOK_CD=73&GS_HANGMOK_NO=15-%EB%9D%BC&GS_HANGMOK_NM=%EB%B0%A9%EA%B3%BC%ED%9B%84%ED%95%99%EA%B5%90+%EC%9A%B4%EC%98%81+%EA%B3%84%ED%9A%8D+%EB%B0%8F+%EC%9A%B4%EC%98%81%E3%86%8D%EC%A7%80%EC%9B%90%ED%98%84%ED%99%A9&GS_BURYU_CD=JG130&JG_BURYU_CD=JG150&JG_HANGMOK_CD=59&JG_GUBUN=1&JG_YEAR2=2026&HG_NM=%EC%84%9C%EC%9A%B8%EC%8B%A0%EA%B0%95%EC%B4%88%EB%93%B1%ED%95%99%EA%B5%90&SHL_IDF_CD=25aa500d-6ddd-4fd9-b867-18eba92fe70a&GS_TYPE=Y&JG_YEAR=2026&SORT=BR&CHOSEN_JG_YEAR=2026&PRE_JG_YEAR=2026&LOAD_TYPE=single,2026학년도 신강초등학교 방과후학교 연간운영계획(안).hwp / 2026학년도 신강초등학교 초등돌봄교실 운영계획(안).hwp,,,,,,,,,,
wave2_seoul,B000002207,서울신남초등학교,서울특별시,2-가 문서에서 시정표를 찾지 못함(요약본이거나 표가 이미지일 수 있음),,https://www.schoolinfo.go.kr/ei/ss/Pneiss_b01_s0.do?SHL_IDF_CD=eefd2543-1d10-4422-a839-994c216229d3,https://www.schoolinfo.go.kr/ei/pp/Pneipp_b14_s0p.do?GS_HANGMOK_CD=14&GS_HANGMOK_NO=2-%EA%B0%80&GS_HANGMOK_NM=%ED%95%99%EA%B5%90%EA%B5%90%EC%9C%A1%EA%B3%BC%EC%A0%95+%ED%8E%B8%EC%84%B1%E3%86%8D%EC%9A%B4%EC%98%81+%EB%B0%8F+%ED%8F%89%EA%B0%80%EC%97%90+%EA%B4%80%ED%95%9C+%EC%82%AC%ED%95%AD&GS_BURYU_CD=JG100&JG_BURYU_CD=JG020&JG_HANGMOK_CD=05&JG_GUBUN=1&JG_YEAR2=2026&HG_NM=%EC%84%9C%EC%9A%B8%EC%8B%A0%EB%82%A8%EC%B4%88%EB%93%B1%ED%95%99%EA%B5%90&SHL_IDF_CD=eefd2543-1d10-4422-a839-994c216229d3&GS_TYPE=Y&JG_YEAR=2026&SORT=BR&CHOSEN_JG_YEAR=2026&PRE_JG_YEAR=2026&LOAD_TYPE=single,2026학년도 신남초 연간학사일정.hwpx / 2026학년도 신남초 학교교육과정 편성운영평가계획.hwp,https://www.schoolinfo.go.kr/ei/pp/Pneipp_b73_s0p.do?GS_HANGMOK_CD=73&GS_HANGMOK_NO=15-%EB%9D%BC&GS_HANGMOK_NM=%EB%B0%A9%EA%B3%BC%ED%9B%84%ED%95%99%EA%B5%90+%EC%9A%B4%EC%98%81+%EA%B3%84%ED%9A%8D+%EB%B0%8F+%EC%9A%B4%EC%98%81%E3%86%8D%EC%A7%80%EC%9B%90%ED%98%84%ED%99%A9&GS_BURYU_CD=JG130&JG_BURYU_CD=JG150&JG_HANGMOK_CD=59&JG_GUBUN=1&JG_YEAR2=2026&HG_NM=%EC%84%9C%EC%9A%B8%EC%8B%A0%EB%82%A8%EC%B4%88%EB%93%B1%ED%95%99%EA%B5%90&SHL_IDF_CD=eefd2543-1d10-4422-a839-994c216229d3&GS_TYPE=Y&JG_YEAR=2026&SORT=BR&CHOSEN_JG_YEAR=2026&PRE_JG_YEAR=2026&LOAD_TYPE=single,2026학년도 돌봄교실 운영계획.hwpx / 2026학년도 방과후·돌봄 연간운영계획.hwpx,,,,,,,,,,
wave2_seoul,B000002208,서울강월초등학교,서울특별시,2-가 문서에서 시정표를 찾지 못함(요약본이거나 표가 이미지일 수 있음),,https://www.schoolinfo.go.kr/ei/ss/Pneiss_b01_s0.do?SHL_IDF_CD=ef24faa5-8c8d-43e2-8371-2703713b0a30,https://www.schoolinfo.go.kr/ei/pp/Pneipp_b14_s0p.do?GS_HANGMOK_CD=14&GS_HANGMOK_NO=2-%EA%B0%80&GS_HANGMOK_NM=%ED%95%99%EA%B5%90%EA%B5%90%EC%9C%A1%EA%B3%BC%EC%A0%95+%ED%8E%B8%EC%84%B1%E3%86%8D%EC%9A%B4%EC%98%81+%EB%B0%8F+%ED%8F%89%EA%B0%80%EC%97%90+%EA%B4%80%ED%95%9C+%EC%82%AC%ED%95%AD&GS_BURYU_CD=JG100&JG_BURYU_CD=JG020&JG_HANGMOK_CD=05&JG_GUBUN=1&JG_YEAR2=2026&HG_NM=%EC%84%9C%EC%9A%B8%EA%B0%95%EC%9B%94%EC%B4%88%EB%93%B1%ED%95%99%EA%B5%90&SHL_IDF_CD=ef24faa5-8c8d-43e2-8371-2703713b0a30&GS_TYPE=Y&JG_YEAR=2026&SORT=BR&CHOSEN_JG_YEAR=2026&PRE_JG_YEAR=2026&LOAD_TYPE=single,2026학년도 강월초 학교교육과정 편성운영평가 계획.hwpx,https://www.schoolinfo.go.kr/ei/pp/Pneipp_b73_s0p.do?GS_HANGMOK_CD=73&GS_HANGMOK_NO=15-%EB%9D%BC&GS_HANGMOK_NM=%EB%B0%A9%EA%B3%BC%ED%9B%84%ED%95%99%EA%B5%90+%EC%9A%B4%EC%98%81+%EA%B3%84%ED%9A%8D+%EB%B0%8F+%EC%9A%B4%EC%98%81%E3%86%8D%EC%A7%80%EC%9B%90%ED%98%84%ED%99%A9&GS_BURYU_CD=JG130&JG_BURYU_CD=JG150&JG_HANGMOK_CD=59&JG_GUBUN=1&JG_YEAR2=2026&HG_NM=%EC%84%9C%EC%9A%B8%EA%B0%95%EC%9B%94%EC%B4%88%EB%93%B1%ED%95%99%EA%B5%90&SHL_IDF_CD=ef24faa5-8c8d-43e2-8371-2703713b0a30&GS_TYPE=Y&JG_YEAR=2026&SORT=BR&CHOSEN_JG_YEAR=2026&PRE_JG_YEAR=2026&LOAD_TYPE=single,2026학년도 강월초 초등돌봄교실 운영계획(안).pdf / 2026학년도 강월초 방과후·맞춤형교실 운영 계획.pdf,,,,,,,,,,
wave2_seoul,B000002213,서울양동초등학교,서울특별시,2-가 문서에서 시정표를 찾지 못함(요약본이거나 표가 이미지일 수 있음),15-라 계획에 1학년 오후돌봄 종료 시각이 없음 (맞춤형 프로그램 시간표만 있고 돌봄 종료 시각 없음),https://www.schoolinfo.go.kr/ei/ss/Pneiss_b01_s0.do?SHL_IDF_CD=1b9449f9-7d96-45c5-b017-1925b5201cea,https://www.schoolinfo.go.kr/ei/pp/Pneipp_b14_s0p.do?GS_HANGMOK_CD=14&GS_HANGMOK_NO=2-%EA%B0%80&GS_HANGMOK_NM=%ED%95%99%EA%B5%90%EA%B5%90%EC%9C%A1%EA%B3%BC%EC%A0%95+%ED%8E%B8%EC%84%B1%E3%86%8D%EC%9A%B4%EC%98%81+%EB%B0%8F+%ED%8F%89%EA%B0%80%EC%97%90+%EA%B4%80%ED%95%9C+%EC%82%AC%ED%95%AD&GS_BURYU_CD=JG100&JG_BURYU_CD=JG020&JG_HANGMOK_CD=05&JG_GUBUN=1&JG_YEAR2=2026&HG_NM=%EC%84%9C%EC%9A%B8%EC%96%91%EB%8F%99%EC%B4%88%EB%93%B1%ED%95%99%EA%B5%90&SHL_IDF_CD=1b9449f9-7d96-45c5-b017-1925b5201cea&GS_TYPE=Y&JG_YEAR=2026&SORT=BR&CHOSEN_JG_YEAR=2026&PRE_JG_YEAR=2026&LOAD_TYPE=single,2026학년도 양동초 학교교육과정 편성_운영_평가에 관한 사항.hwp,https://www.schoolinfo.go.kr/ei/pp/Pneipp_b73_s0p.do?GS_HANGMOK_CD=73&GS_HANGMOK_NO=15-%EB%9D%BC&GS_HANGMOK_NM=%EB%B0%A9%EA%B3%BC%ED%9B%84%ED%95%99%EA%B5%90+%EC%9A%B4%EC%98%81+%EA%B3%84%ED%9A%8D+%EB%B0%8F+%EC%9A%B4%EC%98%81%E3%86%8D%EC%A7%80%EC%9B%90%ED%98%84%ED%99%A9&GS_BURYU_CD=JG130&JG_BURYU_CD=JG150&JG_HANGMOK_CD=59&JG_GUBUN=1&JG_YEAR2=2026&HG_NM=%EC%84%9C%EC%9A%B8%EC%96%91%EB%8F%99%EC%B4%88%EB%93%B1%ED%95%99%EA%B5%90&SHL_IDF_CD=1b9449f9-7d96-45c5-b017-1925b5201cea&GS_TYPE=Y&JG_YEAR=2026&SORT=BR&CHOSEN_JG_YEAR=2026&PRE_JG_YEAR=2026&LOAD_TYPE=single,"2026학년 방과후,맞춤형 프로그램 연간운영계획(안).hwp",,,,,,,,,,
wave2_seoul,B000002214,서울월촌초등학교,서울특별시,2-가 문서에서 시정표를 찾지 못함(요약본이거나 표가 이미지일 수 있음),,https://www.schoolinfo.go.kr/ei/ss/Pneiss_b01_s0.do?SHL_IDF_CD=989ae16a-7d1f-4014-bf81-87f8d2705cc7,https://www.schoolinfo.go.kr/ei/pp/Pneipp_b14_s0p.do?GS_HANGMOK_CD=14&GS_HANGMOK_NO=2-%EA%B0%80&GS_HANGMOK_NM=%ED%95%99%EA%B5%90%EA%B5%90%EC%9C%A1%EA%B3%BC%EC%A0%95+%ED%8E%B8%EC%84%B1%E3%86%8D%EC%9A%B4%EC%98%81+%EB%B0%8F+%ED%8F%89%EA%B0%80%EC%97%90+%EA%B4%80%ED%95%9C+%EC%82%AC%ED%95%AD&GS_BURYU_CD=JG100&JG_BURYU_CD=JG020&JG_HANGMOK_CD=05&JG_GUBUN=1&JG_YEAR2=2026&HG_NM=%EC%84%9C%EC%9A%B8%EC%9B%94%EC%B4%8C%EC%B4%88%EB%93%B1%ED%95%99%EA%B5%90&SHL_IDF_CD=989ae16a-7d1f-4014-bf81-87f8d2705cc7&GS_TYPE=Y&JG_YEAR=2026&SORT=BR&CHOSEN_JG_YEAR=2026&PRE_JG_YEAR=2026&LOAD_TYPE=single,2-가 2026학년도 월촌초 학교교육과정 편성 운영 평가 계획.pdf,https://www.schoolinfo.go.kr/ei/pp/Pneipp_b73_s0p.do?GS_HANGMOK_CD=73&GS_HANGMOK_NO=15-%EB%9D%BC&GS_HANGMOK_NM=%EB%B0%A9%EA%B3%BC%ED%9B%84%ED%95%99%EA%B5%90+%EC%9A%B4%EC%98%81+%EA%B3%84%ED%9A%8D+%EB%B0%8F+%EC%9A%B4%EC%98%81%E3%86%8D%EC%A7%80%EC%9B%90%ED%98%84%ED%99%A9&GS_BURYU_CD=JG130&JG_BURYU_CD=JG150&JG_HANGMOK_CD=59&JG_GUBUN=1&JG_YEAR2=2026&HG_NM=%EC%84%9C%EC%9A%B8%EC%9B%94%EC%B4%8C%EC%B4%88%EB%93%B1%ED%95%99%EA%B5%90&SHL_IDF_CD=989ae16a-7d1f-4014-bf81-87f8d2705cc7&GS_TYPE=Y&JG_YEAR=2026&SORT=BR&CHOSEN_JG_YEAR=2026&PRE_JG_YEAR=2026&LOAD_TYPE=single,2026학년도 월촌초 초등돌봄교실 운영계획.hwp / 2026학년도 월촌초 방과후학교 운영 계획.hwp,,,,,,,,,,
wave2_seoul,B000002217,서울우장초등학교,서울특별시,2-가 문서에서 시정표를 찾지 못함(요약본이거나 표가 이미지일 수 있음),,https://www.schoolinfo.go.kr/ei/ss/Pneiss_b01_s0.do?SHL_IDF_CD=51f7ba03-c4a5-4812-ae28-9afa36fc99a6,https://www.schoolinfo.go.kr/ei/pp/Pneipp_b14_s0p.do?GS_HANGMOK_CD=14&GS_HANGMOK_NO=2-%EA%B0%80&GS_HANGMOK_NM=%ED%95%99%EA%B5%90%EA%B5%90%EC%9C%A1%EA%B3%BC%EC%A0%95+%ED%8E%B8%EC%84%B1%E3%86%8D%EC%9A%B4%EC%98%81+%EB%B0%8F+%ED%8F%89%EA%B0%80%EC%97%90+%EA%B4%80%ED%95%9C+%EC%82%AC%ED%95%AD&GS_BURYU_CD=JG100&JG_BURYU_CD=JG020&JG_HANGMOK_CD=05&JG_GUBUN=1&JG_YEAR2=2026&HG_NM=%EC%84%9C%EC%9A%B8%EC%9A%B0%EC%9E%A5%EC%B4%88%EB%93%B1%ED%95%99%EA%B5%90&SHL_IDF_CD=51f7ba03-c4a5-4812-ae28-9afa36fc99a6&GS_TYPE=Y&JG_YEAR=2026&SORT=BR&CHOSEN_JG_YEAR=2026&PRE_JG_YEAR=2026&LOAD_TYPE=single,(우장초) 2026학년도 학교교육과정 편성운영 및 평가.pdf,https://www.schoolinfo.go.kr/ei/pp/Pneipp_b73_s0p.do?GS_HANGMOK_CD=73&GS_HANGMOK_NO=15-%EB%9D%BC&GS_HANGMOK_NM=%EB%B0%A9%EA%B3%BC%ED%9B%84%ED%95%99%EA%B5%90+%EC%9A%B4%EC%98%81+%EA%B3%84%ED%9A%8D+%EB%B0%8F+%EC%9A%B4%EC%98%81%E3%86%8D%EC%A7%80%EC%9B%90%ED%98%84%ED%99%A9&GS_BURYU_CD=JG130&JG_BURYU_CD=JG150&JG_HANGMOK_CD=59&JG_GUBUN=1&JG_YEAR2=2026&HG_NM=%EC%84%9C%EC%9A%B8%EC%9A%B0%EC%9E%A5%EC%B4%88%EB%93%B1%ED%95%99%EA%B5%90&SHL_IDF_CD=51f7ba03-c4a5-4812-ae28-9afa36fc99a6&GS_TYPE=Y&JG_YEAR=2026&SORT=BR&CHOSEN_JG_YEAR=2026&PRE_JG_YEAR=2026&LOAD_TYPE=single,(우장초)2026학년도 방과후·맞춤형 프로그램 연간운영계획(안).hwp / (우장초)2026학년도 돌봄교실 운영 계획(안).hwp,,,,,,,,,,
wave2_seoul,B000002218,서울신정초등학교,서울특별시,2-가 문서에서 시정표를 찾지 못함(요약본이거나 표가 이미지일 수 있음),,https://www.schoolinfo.go.kr/ei/ss/Pneiss_b01_s0.do?SHL_IDF_CD=08bdd8df-99a6-40a3-a5f1-558a84ec490e,https://www.schoolinfo.go.kr/ei/pp/Pneipp_b14_s0p.do?GS_HANGMOK_CD=14&GS_HANGMOK_NO=2-%EA%B0%80&GS_HANGMOK_NM=%ED%95%99%EA%B5%90%EA%B5%90%EC%9C%A1%EA%B3%BC%EC%A0%95+%ED%8E%B8%EC%84%B1%E3%86%8D%EC%9A%B4%EC%98%81+%EB%B0%8F+%ED%8F%89%EA%B0%80%EC%97%90+%EA%B4%80%ED%95%9C+%EC%82%AC%ED%95%AD&GS_BURYU_CD=JG100&JG_BURYU_CD=JG020&JG_HANGMOK_CD=05&JG_GUBUN=1&JG_YEAR2=2026&HG_NM=%EC%84%9C%EC%9A%B8%EC%8B%A0%EC%A0%95%EC%B4%88%EB%93%B1%ED%95%99%EA%B5%90&SHL_IDF_CD=08bdd8df-99a6-40a3-a5f1-558a84ec490e&GS_TYPE=Y&JG_YEAR=2026&SORT=BR&CHOSEN_JG_YEAR=2026&PRE_JG_YEAR=2026&LOAD_TYPE=single,2026학년도 신정초 학교교육과정 편성운영 및 평가 계획.hwp,https://www.schoolinfo.go.kr/ei/pp/Pneipp_b73_s0p.do?GS_HANGMOK_CD=73&GS_HANGMOK_NO=15-%EB%9D%BC&GS_HANGMOK_NM=%EB%B0%A9%EA%B3%BC%ED%9B%84%ED%95%99%EA%B5%90+%EC%9A%B4%EC%98%81+%EA%B3%84%ED%9A%8D+%EB%B0%8F+%EC%9A%B4%EC%98%81%E3%86%8D%EC%A7%80%EC%9B%90%ED%98%84%ED%99%A9&GS_BURYU_CD=JG130&JG_BURYU_CD=JG150&JG_HANGMOK_CD=59&JG_GUBUN=1&JG_YEAR2=2026&HG_NM=%EC%84%9C%EC%9A%B8%EC%8B%A0%EC%A0%95%EC%B4%88%EB%93%B1%ED%95%99%EA%B5%90&SHL_IDF_CD=08bdd8df-99a6-40a3-a5f1-558a84ec490e&GS_TYPE=Y&JG_YEAR=2026&SORT=BR&CHOSEN_JG_YEAR=2026&PRE_JG_YEAR=2026&LOAD_TYPE=single,2026학년도 신정초 돌봄교실 연간 운영 계획.hwp / 2026학년도 신정초 맞춤형 및 방과후교실 연간 운영 계획.hwpx,,,,,,,,,,
wave2_seoul,B000002219,서울신곡초등학교,서울특별시,2-가 문서에서 시정표를 찾지 못함(요약본이거나 표가 이미지일 수 있음),,https://www.schoolinfo.go.kr/ei/ss/Pneiss_b01_s0.do?SHL_IDF_CD=2a2e2ac5-8a3c-4dae-b409-5e4fce910de1,https://www.schoolinfo.go.kr/ei/pp/Pneipp_b14_s0p.do?GS_HANGMOK_CD=14&GS_HANGMOK_NO=2-%EA%B0%80&GS_HANGMOK_NM=%ED%95%99%EA%B5%90%EA%B5%90%EC%9C%A1%EA%B3%BC%EC%A0%95+%ED%8E%B8%EC%84%B1%E3%86%8D%EC%9A%B4%EC%98%81+%EB%B0%8F+%ED%8F%89%EA%B0%80%EC%97%90+%EA%B4%80%ED%95%9C+%EC%82%AC%ED%95%AD&GS_BURYU_CD=JG100&JG_BURYU_CD=JG020&JG_HANGMOK_CD=05&JG_GUBUN=1&JG_YEAR2=2026&HG_NM=%EC%84%9C%EC%9A%B8%EC%8B%A0%EA%B3%A1%EC%B4%88%EB%93%B1%ED%95%99%EA%B5%90&SHL_IDF_CD=2a2e2ac5-8a3c-4dae-b409-5e4fce910de1&GS_TYPE=Y&JG_YEAR=2026&SORT=BR&CHOSEN_JG_YEAR=2026&PRE_JG_YEAR=2026&LOAD_TYPE=single,2026학년도 신곡초 학교교육과정 편성·운영·평가 계획.hwp / 2026학년도 신곡초 연간학사일정.hwp,https://www.schoolinfo.go.kr/ei/pp/Pneipp_b73_s0p.do?GS_HANGMOK_CD=73&GS_HANGMOK_NO=15-%EB%9D%BC&GS_HANGMOK_NM=%EB%B0%A9%EA%B3%BC%ED%9B%84%ED%95%99%EA%B5%90+%EC%9A%B4%EC%98%81+%EA%B3%84%ED%9A%8D+%EB%B0%8F+%EC%9A%B4%EC%98%81%E3%86%8D%EC%A7%80%EC%9B%90%ED%98%84%ED%99%A9&GS_BURYU_CD=JG130&JG_BURYU_CD=JG150&JG_HANGMOK_CD=59&JG_GUBUN=1&JG_YEAR2=2026&HG_NM=%EC%84%9C%EC%9A%B8%EC%8B%A0%EA%B3%A1%EC%B4%88%EB%93%B1%ED%95%99%EA%B5%90&SHL_IDF_CD=2a2e2ac5-8a3c-4dae-b409-5e4fce910de1&GS_TYPE=Y&JG_YEAR=2026&SORT=BR&CHOSEN_JG_YEAR=2026&PRE_JG_YEAR=2026&LOAD_TYPE=single,"2026학년도 서울신곡초등학교 방과후,맞춤형 프로그램 연간운영계획(안).pdf / 2026학년도  서울신곡초등학교 돌봄교실 연간운영계획(안).pdf",,,,,,,,,,
wave2_seoul,B000002220,서울등마초등학교,서울특별시,2-가 첨부 없음,,https://www.schoolinfo.go.kr/ei/ss/Pneiss_b01_s0.do?SHL_IDF_CD=a8e312d4-092a-4c11-bb31-aead4da154a4,https://www.schoolinfo.go.kr/ei/pp/Pneipp_b14_s0p.do?GS_HANGMOK_CD=14&GS_HANGMOK_NO=2-%EA%B0%80&GS_HANGMOK_NM=%ED%95%99%EA%B5%90%EA%B5%90%EC%9C%A1%EA%B3%BC%EC%A0%95+%ED%8E%B8%EC%84%B1%E3%86%8D%EC%9A%B4%EC%98%81+%EB%B0%8F+%ED%8F%89%EA%B0%80%EC%97%90+%EA%B4%80%ED%95%9C+%EC%82%AC%ED%95%AD&GS_BURYU_CD=JG100&JG_BURYU_CD=JG020&JG_HANGMOK_CD=05&JG_GUBUN=1&JG_YEAR2=2026&HG_NM=%EC%84%9C%EC%9A%B8%EB%93%B1%EB%A7%88%EC%B4%88%EB%93%B1%ED%95%99%EA%B5%90&SHL_IDF_CD=a8e312d4-092a-4c11-bb31-aead4da154a4&GS_TYPE=Y&JG_YEAR=2026&SORT=BR&CHOSEN_JG_YEAR=2026&PRE_JG_YEAR=2026&LOAD_TYPE=single,"(등마초) 2026학년도 학사일정 및 시수, 연간 교육과정 운영 계획.hwp",https://www.schoolinfo.go.kr/ei/pp/Pneipp_b73_s0p.do?GS_HANGMOK_CD=73&GS_HANGMOK_NO=15-%EB%9D%BC&GS_HANGMOK_NM=%EB%B0%A9%EA%B3%BC%ED%9B%84%ED%95%99%EA%B5%90+%EC%9A%B4%EC%98%81+%EA%B3%84%ED%9A%8D+%EB%B0%8F+%EC%9A%B4%EC%98%81%E3%86%8D%EC%A7%80%EC%9B%90%ED%98%84%ED%99%A9&GS_BURYU_CD=JG130&JG_BURYU_CD=JG150&JG_HANGMOK_CD=59&JG_GUBUN=1&JG_YEAR2=2026&HG_NM=%EC%84%9C%EC%9A%B8%EB%93%B1%EB%A7%88%EC%B4%88%EB%93%B1%ED%95%99%EA%B5%90&SHL_IDF_CD=a8e312d4-092a-4c11-bb31-aead4da154a4&GS_TYPE=Y&JG_YEAR=2026&SORT=BR&CHOSEN_JG_YEAR=2026&PRE_JG_YEAR=2026&LOAD_TYPE=single,2026학년도 초등돌봄교실 운영 계획.hwpx / 2026학년도 방과후 맞춤형교실 운영계획(안).hwp,,,,,,,,,,
wave2_seoul,B000002221,서울등양초등학교,서울특별시,2-가 문서에서 시정표를 찾지 못함(요약본이거나 표가 이미지일 수 있음),,https://www.schoolinfo.go.kr/ei/ss/Pneiss_b01_s0.do?SHL_IDF_CD=95d547dc-b89f-4a65-9f42-1106477d642a,https://www.schoolinfo.go.kr/ei/pp/Pneipp_b14_s0p.do?GS_HANGMOK_CD=14&GS_HANGMOK_NO=2-%EA%B0%80&GS_HANGMOK_NM=%ED%95%99%EA%B5%90%EA%B5%90%EC%9C%A1%EA%B3%BC%EC%A0%95+%ED%8E%B8%EC%84%B1%E3%86%8D%EC%9A%B4%EC%98%81+%EB%B0%8F+%ED%8F%89%EA%B0%80%EC%97%90+%EA%B4%80%ED%95%9C+%EC%82%AC%ED%95%AD&GS_BURYU_CD=JG100&JG_BURYU_CD=JG020&JG_HANGMOK_CD=05&JG_GUBUN=1&JG_YEAR2=2026&HG_NM=%EC%84%9C%EC%9A%B8%EB%93%B1%EC%96%91%EC%B4%88%EB%93%B1%ED%95%99%EA%B5%90&SHL_IDF_CD=95d547dc-b89f-4a65-9f42-1106477d642a&GS_TYPE=Y&JG_YEAR=2026&SORT=BR&CHOSEN_JG_YEAR=2026&PRE_JG_YEAR=2026&LOAD_TYPE=single,"학교교육과정 편성, 운영 및 평가(수정).hwpx",https://www.schoolinfo.go.kr/ei/pp/Pneipp_b73_s0p.do?GS_HANGMOK_CD=73&GS_HANGMOK_NO=15-%EB%9D%BC&GS_HANGMOK_NM=%EB%B0%A9%EA%B3%BC%ED%9B%84%ED%95%99%EA%B5%90+%EC%9A%B4%EC%98%81+%EA%B3%84%ED%9A%8D+%EB%B0%8F+%EC%9A%B4%EC%98%81%E3%86%8D%EC%A7%80%EC%9B%90%ED%98%84%ED%99%A9&GS_BURYU_CD=JG130&JG_BURYU_CD=JG150&JG_HANGMOK_CD=59&JG_GUBUN=1&JG_YEAR2=2026&HG_NM=%EC%84%9C%EC%9A%B8%EB%93%B1%EC%96%91%EC%B4%88%EB%93%B1%ED%95%99%EA%B5%90&SHL_IDF_CD=95d547dc-b89f-4a65-9f42-1106477d642a&GS_TYPE=Y&JG_YEAR=2026&SORT=BR&CHOSEN_JG_YEAR=2026&PRE_JG_YEAR=2026&LOAD_TYPE=single,2026학년도 등양초 방과후돌봄 운영 계획.hwp / 2026학년도 등양초 초등돌봄교실 운영계획.hwpx,,,,,,,,,,
wave2_seoul,B000002222,서울염경초등학교,서울특별시,2-가 문서에서 시정표를 찾지 못함(요약본이거나 표가 이미지일 수 있음),,https://www.schoolinfo.go.kr/ei/ss/Pneiss_b01_s0.do?SHL_IDF_CD=4bb6db90-ff55-4235-b079-83fd46dcc5ca,https://www.schoolinfo.go.kr/ei/pp/Pneipp_b14_s0p.do?GS_HANGMOK_CD=14&GS_HANGMOK_NO=2-%EA%B0%80&GS_HANGMOK_NM=%ED%95%99%EA%B5%90%EA%B5%90%EC%9C%A1%EA%B3%BC%EC%A0%95+%ED%8E%B8%EC%84%B1%E3%86%8D%EC%9A%B4%EC%98%81+%EB%B0%8F+%ED%8F%89%EA%B0%80%EC%97%90+%EA%B4%80%ED%95%9C+%EC%82%AC%ED%95%AD&GS_BURYU_CD=JG100&JG_BURYU_CD=JG020&JG_HANGMOK_CD=05&JG_GUBUN=1&JG_YEAR2=2026&HG_NM=%EC%84%9C%EC%9A%B8%EC%97%BC%EA%B2%BD%EC%B4%88%EB%93%B1%ED%95%99%EA%B5%90&SHL_IDF_CD=4bb6db90-ff55-4235-b079-83fd46dcc5ca&GS_TYPE=Y&JG_YEAR=2026&SORT=BR&CHOSEN_JG_YEAR=2026&PRE_JG_YEAR=2026&LOAD_TYPE=single,교과별(학년별)교수학습 및 평가계획에 관한 사항.pdf,https://www.schoolinfo.go.kr/ei/pp/Pneipp_b73_s0p.do?GS_HANGMOK_CD=73&GS_HANGMOK_NO=15-%EB%9D%BC&GS_HANGMOK_NM=%EB%B0%A9%EA%B3%BC%ED%9B%84%ED%95%99%EA%B5%90+%EC%9A%B4%EC%98%81+%EA%B3%84%ED%9A%8D+%EB%B0%8F+%EC%9A%B4%EC%98%81%E3%86%8D%EC%A7%80%EC%9B%90%ED%98%84%ED%99%A9&GS_BURYU_CD=JG130&JG_BURYU_CD=JG150&JG_HANGMOK_CD=59&JG_GUBUN=1&JG_YEAR2=2026&HG_NM=%EC%84%9C%EC%9A%B8%EC%97%BC%EA%B2%BD%EC%B4%88%EB%93%B1%ED%95%99%EA%B5%90&SHL_IDF_CD=4bb6db90-ff55-4235-b079-83fd46dcc5ca&GS_TYPE=Y&JG_YEAR=2026&SORT=BR&CHOSEN_JG_YEAR=2026&PRE_JG_YEAR=2026&LOAD_TYPE=single,서울염경초등학교-2026학년도 초등돌봄교실 지원 내역.xlsx / 2026학년도 초등돌봄교실 운영 계획.hwp / 2026학년도 방과후·맞춤형 프로그램 연간 운영계획.hwp / 2026학년도 방과후·맞춤형 1분기 운영 현황 보고서.pdf,,,,,,,,,,
wave2_seoul,B000002227,서울정곡초등학교,서울특별시,2-가 문서에서 시정표를 찾지 못함(요약본이거나 표가 이미지일 수 있음),,https://www.schoolinfo.go.kr/ei/ss/Pneiss_b01_s0.do?SHL_IDF_CD=3c75604c-377d-4636-b0d7-6c0f60d84784,https://www.schoolinfo.go.kr/ei/pp/Pneipp_b14_s0p.do?GS_HANGMOK_CD=14&GS_HANGMOK_NO=2-%EA%B0%80&GS_HANGMOK_NM=%ED%95%99%EA%B5%90%EA%B5%90%EC%9C%A1%EA%B3%BC%EC%A0%95+%ED%8E%B8%EC%84%B1%E3%86%8D%EC%9A%B4%EC%98%81+%EB%B0%8F+%ED%8F%89%EA%B0%80%EC%97%90+%EA%B4%80%ED%95%9C+%EC%82%AC%ED%95%AD&GS_BURYU_CD=JG100&JG_BURYU_CD=JG020&JG_HANGMOK_CD=05&JG_GUBUN=1&JG_YEAR2=2026&HG_NM=%EC%84%9C%EC%9A%B8%EC%A0%95%EA%B3%A1%EC%B4%88%EB%93%B1%ED%95%99%EA%B5%90&SHL_IDF_CD=3c75604c-377d-4636-b0d7-6c0f60d84784&GS_TYPE=Y&JG_YEAR=2026&SORT=BR&CHOSEN_JG_YEAR=2026&PRE_JG_YEAR=2026&LOAD_TYPE=single,2026-1차 정보공시(2-가)_연간학사일정.pdf / 2026-1차 정보공시(2-가)_학교교육과정 편성운영평가계획.pdf,https://www.schoolinfo.go.kr/ei/pp/Pneipp_b73_s0p.do?GS_HANGMOK_CD=73&GS_HANGMOK_NO=15-%EB%9D%BC&GS_HANGMOK_NM=%EB%B0%A9%EA%B3%BC%ED%9B%84%ED%95%99%EA%B5%90+%EC%9A%B4%EC%98%81+%EA%B3%84%ED%9A%8D+%EB%B0%8F+%EC%9A%B4%EC%98%81%E3%86%8D%EC%A7%80%EC%9B%90%ED%98%84%ED%99%A9&GS_BURYU_CD=JG130&JG_BURYU_CD=JG150&JG_HANGMOK_CD=59&JG_GUBUN=1&JG_YEAR2=2026&HG_NM=%EC%84%9C%EC%9A%B8%EC%A0%95%EA%B3%A1%EC%B4%88%EB%93%B1%ED%95%99%EA%B5%90&SHL_IDF_CD=3c75604c-377d-4636-b0d7-6c0f60d84784&GS_TYPE=Y&JG_YEAR=2026&SORT=BR&CHOSEN_JG_YEAR=2026&PRE_JG_YEAR=2026&LOAD_TYPE=single,서울정곡초등학교 2026 초등돌봄교실 연간운영계획서.hwp / 서울정곡초등학교 2026학년도 방과후교실 연간 운영계획.hwp,,,,,,,,,,
wave2_seoul,B000002229,서울발산초등학교,서울특별시,2-가 문서에서 시정표를 찾지 못함(요약본이거나 표가 이미지일 수 있음),15-라 계획에 1학년 오후돌봄 종료 시각이 없음 (돌봄 시간 문구 없음),https://www.schoolinfo.go.kr/ei/ss/Pneiss_b01_s0.do?SHL_IDF_CD=4a6cde63-73a6-43dc-a315-5ea61ece3a47,https://www.schoolinfo.go.kr/ei/pp/Pneipp_b14_s0p.do?GS_HANGMOK_CD=14&GS_HANGMOK_NO=2-%EA%B0%80&GS_HANGMOK_NM=%ED%95%99%EA%B5%90%EA%B5%90%EC%9C%A1%EA%B3%BC%EC%A0%95+%ED%8E%B8%EC%84%B1%E3%86%8D%EC%9A%B4%EC%98%81+%EB%B0%8F+%ED%8F%89%EA%B0%80%EC%97%90+%EA%B4%80%ED%95%9C+%EC%82%AC%ED%95%AD&GS_BURYU_CD=JG100&JG_BURYU_CD=JG020&JG_HANGMOK_CD=05&JG_GUBUN=1&JG_YEAR2=2026&HG_NM=%EC%84%9C%EC%9A%B8%EB%B0%9C%EC%82%B0%EC%B4%88%EB%93%B1%ED%95%99%EA%B5%90&SHL_IDF_CD=4a6cde63-73a6-43dc-a315-5ea61ece3a47&GS_TYPE=Y&JG_YEAR=2026&SORT=BR&CHOSEN_JG_YEAR=2026&PRE_JG_YEAR=2026&LOAD_TYPE=single,2026학년도 서울발산초등학교 연간학사일정.hwpx / 2026학년도 서울발산초 학교교육과정 편성·운영·평가 계획.hwpx,https://www.schoolinfo.go.kr/ei/pp/Pneipp_b73_s0p.do?GS_HANGMOK_CD=73&GS_HANGMOK_NO=15-%EB%9D%BC&GS_HANGMOK_NM=%EB%B0%A9%EA%B3%BC%ED%9B%84%ED%95%99%EA%B5%90+%EC%9A%B4%EC%98%81+%EA%B3%84%ED%9A%8D+%EB%B0%8F+%EC%9A%B4%EC%98%81%E3%86%8D%EC%A7%80%EC%9B%90%ED%98%84%ED%99%A9&GS_BURYU_CD=JG130&JG_BURYU_CD=JG150&JG_HANGMOK_CD=59&JG_GUBUN=1&JG_YEAR2=2026&HG_NM=%EC%84%9C%EC%9A%B8%EB%B0%9C%EC%82%B0%EC%B4%88%EB%93%B1%ED%95%99%EA%B5%90&SHL_IDF_CD=4a6cde63-73a6-43dc-a315-5ea61ece3a47&GS_TYPE=Y&JG_YEAR=2026&SORT=BR&CHOSEN_JG_YEAR=2026&PRE_JG_YEAR=2026&LOAD_TYPE=single,(학교운영위원회자료) 2026학년 방과후교실  프로그램 운영 기본 계획(안).hwp,,,,,,,,,,
wave2_seoul,B000002230,서울양천초등학교,서울특별시,,15-라 계획에 1학년 오후돌봄 종료 시각이 없음 (돌봄 종료 시각 문구 없음(방과후·맞춤형 시간만 있음)),https://www.schoolinfo.go.kr/ei/ss/Pneiss_b01_s0.do?SHL_IDF_CD=aae6eb3d-0a33-4b2b-9f11-2b286e15ea33,https://www.schoolinfo.go.kr/ei/pp/Pneipp_b14_s0p.do?GS_HANGMOK_CD=14&GS_HANGMOK_NO=2-%EA%B0%80&GS_HANGMOK_NM=%ED%95%99%EA%B5%90%EA%B5%90%EC%9C%A1%EA%B3%BC%EC%A0%95+%ED%8E%B8%EC%84%B1%E3%86%8D%EC%9A%B4%EC%98%81+%EB%B0%8F+%ED%8F%89%EA%B0%80%EC%97%90+%EA%B4%80%ED%95%9C+%EC%82%AC%ED%95%AD&GS_BURYU_CD=JG100&JG_BURYU_CD=JG020&JG_HANGMOK_CD=05&JG_GUBUN=1&JG_YEAR2=2026&HG_NM=%EC%84%9C%EC%9A%B8%EC%96%91%EC%B2%9C%EC%B4%88%EB%93%B1%ED%95%99%EA%B5%90&SHL_IDF_CD=aae6eb3d-0a33-4b2b-9f11-2b286e15ea33&GS_TYPE=Y&JG_YEAR=2026&SORT=BR&CHOSEN_JG_YEAR=2026&PRE_JG_YEAR=2026&LOAD_TYPE=single,2026 양천교육계획(3. 17.).hwp,https://www.schoolinfo.go.kr/ei/pp/Pneipp_b73_s0p.do?GS_HANGMOK_CD=73&GS_HANGMOK_NO=15-%EB%9D%BC&GS_HANGMOK_NM=%EB%B0%A9%EA%B3%BC%ED%9B%84%ED%95%99%EA%B5%90+%EC%9A%B4%EC%98%81+%EA%B3%84%ED%9A%8D+%EB%B0%8F+%EC%9A%B4%EC%98%81%E3%86%8D%EC%A7%80%EC%9B%90%ED%98%84%ED%99%A9&GS_BURYU_CD=JG130&JG_BURYU_CD=JG150&JG_HANGMOK_CD=59&JG_GUBUN=1&JG_YEAR2=2026&HG_NM=%EC%84%9C%EC%9A%B8%EC%96%91%EC%B2%9C%EC%B4%88%EB%93%B1%ED%95%99%EA%B5%90&SHL_IDF_CD=aae6eb3d-0a33-4b2b-9f11-2b286e15ea33&GS_TYPE=Y&JG_YEAR=2026&SORT=BR&CHOSEN_JG_YEAR=2026&PRE_JG_YEAR=2026&LOAD_TYPE=single,2026학년도 방과후·맞춤형 프로그램 운영계획(안).hwp,,,,,,,,,,
wave2_seoul,B000002232,서울탑산초등학교,서울특별시,2-가 문서에서 시정표를 찾지 못함(요약본이거나 표가 이미지일 수 있음),,https://www.schoolinfo.go.kr/ei/ss/Pneiss_b01_s0.do?SHL_IDF_CD=021178af-df99-45cc-9044-feda984e7f02,https://www.schoolinfo.go.kr/ei/pp/Pneipp_b14_s0p.do?GS_HANGMOK_CD=14&GS_HANGMOK_NO=2-%EA%B0%80&GS_HANGMOK_NM=%ED%95%99%EA%B5%90%EA%B5%90%EC%9C%A1%EA%B3%BC%EC%A0%95+%ED%8E%B8%EC%84%B1%E3%86%8D%EC%9A%B4%EC%98%81+%EB%B0%8F+%ED%8F%89%EA%B0%80%EC%97%90+%EA%B4%80%ED%95%9C+%EC%82%AC%ED%95%AD&GS_BURYU_CD=JG100&JG_BURYU_CD=JG020&JG_HANGMOK_CD=05&JG_GUBUN=1&JG_YEAR2=2026&HG_NM=%EC%84%9C%EC%9A%B8%ED%83%91%EC%82%B0%EC%B4%88%EB%93%B1%ED%95%99%EA%B5%90&SHL_IDF_CD=021178af-df99-45cc-9044-feda984e7f02&GS_TYPE=Y&JG_YEAR=2026&SORT=BR&CHOSEN_JG_YEAR=2026&PRE_JG_YEAR=2026&LOAD_TYPE=single,2026학교교육과정 편성 운영 및 평가에 관한 사항.hwpx,https://www.schoolinfo.go.kr/ei/pp/Pneipp_b73_s0p.do?GS_HANGMOK_CD=73&GS_HANGMOK_NO=15-%EB%9D%BC&GS_HANGMOK_NM=%EB%B0%A9%EA%B3%BC%ED%9B%84%ED%95%99%EA%B5%90+%EC%9A%B4%EC%98%81+%EA%B3%84%ED%9A%8D+%EB%B0%8F+%EC%9A%B4%EC%98%81%E3%86%8D%EC%A7%80%EC%9B%90%ED%98%84%ED%99%A9&GS_BURYU_CD=JG130&JG_BURYU_CD=JG150&JG_HANGMOK_CD=59&JG_GUBUN=1&JG_YEAR2=2026&HG_NM=%EC%84%9C%EC%9A%B8%ED%83%91%EC%82%B0%EC%B4%88%EB%93%B1%ED%95%99%EA%B5%90&SHL_IDF_CD=021178af-df99-45cc-9044-feda984e7f02&GS_TYPE=Y&JG_YEAR=2026&SORT=BR&CHOSEN_JG_YEAR=2026&PRE_JG_YEAR=2026&LOAD_TYPE=single,"2026학년도 서울탑산초등학교 초등돌봄교실 운영계획.hwp / 2026학년도 서울탑산초등학교 방과후, 맞춤형프로그램 운영계획.hwp",,,,,,,,,,
wave2_seoul,B000002233,서울가양초등학교,서울특별시,2-가 문서에서 시정표를 찾지 못함(요약본이거나 표가 이미지일 수 있음),,https://www.schoolinfo.go.kr/ei/ss/Pneiss_b01_s0.do?SHL_IDF_CD=9be76b50-ccdb-4acf-8a38-2a05375f0f3c,https://www.schoolinfo.go.kr/ei/pp/Pneipp_b14_s0p.do?GS_HANGMOK_CD=14&GS_HANGMOK_NO=2-%EA%B0%80&GS_HANGMOK_NM=%ED%95%99%EA%B5%90%EA%B5%90%EC%9C%A1%EA%B3%BC%EC%A0%95+%ED%8E%B8%EC%84%B1%E3%86%8D%EC%9A%B4%EC%98%81+%EB%B0%8F+%ED%8F%89%EA%B0%80%EC%97%90+%EA%B4%80%ED%95%9C+%EC%82%AC%ED%95%AD&GS_BURYU_CD=JG100&JG_BURYU_CD=JG020&JG_HANGMOK_CD=05&JG_GUBUN=1&JG_YEAR2=2026&HG_NM=%EC%84%9C%EC%9A%B8%EA%B0%80%EC%96%91%EC%B4%88%EB%93%B1%ED%95%99%EA%B5%90&SHL_IDF_CD=9be76b50-ccdb-4acf-8a38-2a05375f0f3c&GS_TYPE=Y&JG_YEAR=2026&SORT=BR&CHOSEN_JG_YEAR=2026&PRE_JG_YEAR=2026&LOAD_TYPE=single,(2-가)2026학년도 가양초 연간학사일정.hwp / (2-가) 2026학년도 가양초 학교교육과정 편성운영 및 평가계획.hwp,https://www.schoolinfo.go.kr/ei/pp/Pneipp_b73_s0p.do?GS_HANGMOK_CD=73&GS_HANGMOK_NO=15-%EB%9D%BC&GS_HANGMOK_NM=%EB%B0%A9%EA%B3%BC%ED%9B%84%ED%95%99%EA%B5%90+%EC%9A%B4%EC%98%81+%EA%B3%84%ED%9A%8D+%EB%B0%8F+%EC%9A%B4%EC%98%81%E3%86%8D%EC%A7%80%EC%9B%90%ED%98%84%ED%99%A9&GS_BURYU_CD=JG130&JG_BURYU_CD=JG150&JG_HANGMOK_CD=59&JG_GUBUN=1&JG_YEAR2=2026&HG_NM=%EC%84%9C%EC%9A%B8%EA%B0%80%EC%96%91%EC%B4%88%EB%93%B1%ED%95%99%EA%B5%90&SHL_IDF_CD=9be76b50-ccdb-4acf-8a38-2a05375f0f3c&GS_TYPE=Y&JG_YEAR=2026&SORT=BR&CHOSEN_JG_YEAR=2026&PRE_JG_YEAR=2026&LOAD_TYPE=single,"2026학년도 방과후교실, 맞춤형교실 연간운영계획(안)_최종.hwp / 2026학년도 초등돌봄교실 연간 운영 계획(안).hwp",,,,,,,,,,
wave2_seoul,B000002235,서울송정초등학교,서울특별시,2-가 문서에서 시정표를 찾지 못함(요약본이거나 표가 이미지일 수 있음),,https://www.schoolinfo.go.kr/ei/ss/Pneiss_b01_s0.do?SHL_IDF_CD=e83a44d2-4650-4aad-b4d4-0eb48b8222f1,https://www.schoolinfo.go.kr/ei/pp/Pneipp_b14_s0p.do?GS_HANGMOK_CD=14&GS_HANGMOK_NO=2-%EA%B0%80&GS_HANGMOK_NM=%ED%95%99%EA%B5%90%EA%B5%90%EC%9C%A1%EA%B3%BC%EC%A0%95+%ED%8E%B8%EC%84%B1%E3%86%8D%EC%9A%B4%EC%98%81+%EB%B0%8F+%ED%8F%89%EA%B0%80%EC%97%90+%EA%B4%80%ED%95%9C+%EC%82%AC%ED%95%AD&GS_BURYU_CD=JG100&JG_BURYU_CD=JG020&JG_HANGMOK_CD=05&JG_GUBUN=1&JG_YEAR2=2026&HG_NM=%EC%84%9C%EC%9A%B8%EC%86%A1%EC%A0%95%EC%B4%88%EB%93%B1%ED%95%99%EA%B5%90&SHL_IDF_CD=e83a44d2-4650-4aad-b4d4-0eb48b8222f1&GS_TYPE=Y&JG_YEAR=2026&SORT=BR&CHOSEN_JG_YEAR=2026&PRE_JG_YEAR=2026&LOAD_TYPE=single,연간 학사일정.hwpx / 교육과정 편성운영 평가.hwpx / 교육과정 편성운영 계획(창체).hwpx,https://www.schoolinfo.go.kr/ei/pp/Pneipp_b73_s0p.do?GS_HANGMOK_CD=73&GS_HANGMOK_NO=15-%EB%9D%BC&GS_HANGMOK_NM=%EB%B0%A9%EA%B3%BC%ED%9B%84%ED%95%99%EA%B5%90+%EC%9A%B4%EC%98%81+%EA%B3%84%ED%9A%8D+%EB%B0%8F+%EC%9A%B4%EC%98%81%E3%86%8D%EC%A7%80%EC%9B%90%ED%98%84%ED%99%A9&GS_BURYU_CD=JG130&JG_BURYU_CD=JG150&JG_HANGMOK_CD=59&JG_GUBUN=1&JG_YEAR2=2026&HG_NM=%EC%84%9C%EC%9A%B8%EC%86%A1%EC%A0%95%EC%B4%88%EB%93%B1%ED%95%99%EA%B5%90&SHL_IDF_CD=e83a44d2-4650-4aad-b4d4-0eb48b8222f1&GS_TYPE=Y&JG_YEAR=2026&SORT=BR&CHOSEN_JG_YEAR=2026&PRE_JG_YEAR=2026&LOAD_TYPE=single,2026 방과후·맞춤형교실 연간운영계획안.hwp / 2026학년도 돌봄교실 운영계획안.hwp,,,,,,,,,,
wave2_seoul,B000002236,서울내발산초등학교,서울특별시,2-가 문서에서 시정표를 찾지 못함(요약본이거나 표가 이미지일 수 있음),"15-라 계획에 1학년 오후돌봄 종료 시각이 없음 (학교별 오후 돌봄 종료 시각이 명시되지 않음(일반 개념 설명의 17시 내외, 저녁돌봄 최장 20시, 19:00경 귀가만 언급))",https://www.schoolinfo.go.kr/ei/ss/Pneiss_b01_s0.do?SHL_IDF_CD=37f49905-b6cd-4a57-bc8e-579a9375a805,https://www.schoolinfo.go.kr/ei/pp/Pneipp_b14_s0p.do?GS_HANGMOK_CD=14&GS_HANGMOK_NO=2-%EA%B0%80&GS_HANGMOK_NM=%ED%95%99%EA%B5%90%EA%B5%90%EC%9C%A1%EA%B3%BC%EC%A0%95+%ED%8E%B8%EC%84%B1%E3%86%8D%EC%9A%B4%EC%98%81+%EB%B0%8F+%ED%8F%89%EA%B0%80%EC%97%90+%EA%B4%80%ED%95%9C+%EC%82%AC%ED%95%AD&GS_BURYU_CD=JG100&JG_BURYU_CD=JG020&JG_HANGMOK_CD=05&JG_GUBUN=1&JG_YEAR2=2026&HG_NM=%EC%84%9C%EC%9A%B8%EB%82%B4%EB%B0%9C%EC%82%B0%EC%B4%88%EB%93%B1%ED%95%99%EA%B5%90&SHL_IDF_CD=37f49905-b6cd-4a57-bc8e-579a9375a805&GS_TYPE=Y&JG_YEAR=2026&SORT=BR&CHOSEN_JG_YEAR=2026&PRE_JG_YEAR=2026&LOAD_TYPE=single,2026학년도 내발산초 학교교육과정 편성 운영 평가 계획(수정).hwpx / 2026학년도 내발산초 연간학사일정.hwp,https://www.schoolinfo.go.kr/ei/pp/Pneipp_b73_s0p.do?GS_HANGMOK_CD=73&GS_HANGMOK_NO=15-%EB%9D%BC&GS_HANGMOK_NM=%EB%B0%A9%EA%B3%BC%ED%9B%84%ED%95%99%EA%B5%90+%EC%9A%B4%EC%98%81+%EA%B3%84%ED%9A%8D+%EB%B0%8F+%EC%9A%B4%EC%98%81%E3%86%8D%EC%A7%80%EC%9B%90%ED%98%84%ED%99%A9&GS_BURYU_CD=JG130&JG_BURYU_CD=JG150&JG_HANGMOK_CD=59&JG_GUBUN=1&JG_YEAR2=2026&HG_NM=%EC%84%9C%EC%9A%B8%EB%82%B4%EB%B0%9C%EC%82%B0%EC%B4%88%EB%93%B1%ED%95%99%EA%B5%90&SHL_IDF_CD=37f49905-b6cd-4a57-bc8e-579a9375a805&GS_TYPE=Y&JG_YEAR=2026&SORT=BR&CHOSEN_JG_YEAR=2026&PRE_JG_YEAR=2026&LOAD_TYPE=single,(공시용)2026학년도 방과후·돌봄 운영 계획.hwp,,,,,,,,,,
wave2_seoul,B000002237,서울등촌초등학교,서울특별시,2-가 문서에서 시정표를 찾지 못함(요약본이거나 표가 이미지일 수 있음),,https://www.schoolinfo.go.kr/ei/ss/Pneiss_b01_s0.do?SHL_IDF_CD=87c531af-8dcb-4747-9382-339c3f89d1be,https://www.schoolinfo.go.kr/ei/pp/Pneipp_b14_s0p.do?GS_HANGMOK_CD=14&GS_HANGMOK_NO=2-%EA%B0%80&GS_HANGMOK_NM=%ED%95%99%EA%B5%90%EA%B5%90%EC%9C%A1%EA%B3%BC%EC%A0%95+%ED%8E%B8%EC%84%B1%E3%86%8D%EC%9A%B4%EC%98%81+%EB%B0%8F+%ED%8F%89%EA%B0%80%EC%97%90+%EA%B4%80%ED%95%9C+%EC%82%AC%ED%95%AD&GS_BURYU_CD=JG100&JG_BURYU_CD=JG020&JG_HANGMOK_CD=05&JG_GUBUN=1&JG_YEAR2=2026&HG_NM=%EC%84%9C%EC%9A%B8%EB%93%B1%EC%B4%8C%EC%B4%88%EB%93%B1%ED%95%99%EA%B5%90&SHL_IDF_CD=87c531af-8dcb-4747-9382-339c3f89d1be&GS_TYPE=Y&JG_YEAR=2026&SORT=BR&CHOSEN_JG_YEAR=2026&PRE_JG_YEAR=2026&LOAD_TYPE=single,"(2-가)2026 학교교육과정 편성, 운영 및 평가에 관한 사항.pdf",https://www.schoolinfo.go.kr/ei/pp/Pneipp_b73_s0p.do?GS_HANGMOK_CD=73&GS_HANGMOK_NO=15-%EB%9D%BC&GS_HANGMOK_NM=%EB%B0%A9%EA%B3%BC%ED%9B%84%ED%95%99%EA%B5%90+%EC%9A%B4%EC%98%81+%EA%B3%84%ED%9A%8D+%EB%B0%8F+%EC%9A%B4%EC%98%81%E3%86%8D%EC%A7%80%EC%9B%90%ED%98%84%ED%99%A9&GS_BURYU_CD=JG130&JG_BURYU_CD=JG150&JG_HANGMOK_CD=59&JG_GUBUN=1&JG_YEAR2=2026&HG_NM=%EC%84%9C%EC%9A%B8%EB%93%B1%EC%B4%8C%EC%B4%88%EB%93%B1%ED%95%99%EA%B5%90&SHL_IDF_CD=87c531af-8dcb-4747-9382-339c3f89d1be&GS_TYPE=Y&JG_YEAR=2026&SORT=BR&CHOSEN_JG_YEAR=2026&PRE_JG_YEAR=2026&LOAD_TYPE=single,2026학년도 서울등촌초 돌봄교실 연간 운영 계획.hwp / 2026학년도 방과후·맞춤형교실 연간운영계획(안).hwp,,,,,,,,,,
wave2_seoul,B000002238,서울백석초등학교,서울특별시,시정표 제목만 있고 표 글자가 없음(이미지 표 가능),,https://www.schoolinfo.go.kr/ei/ss/Pneiss_b01_s0.do?SHL_IDF_CD=be473002-4dd6-403a-9d0b-86ae8be28d4c,https://www.schoolinfo.go.kr/ei/pp/Pneipp_b14_s0p.do?GS_HANGMOK_CD=14&GS_HANGMOK_NO=2-%EA%B0%80&GS_HANGMOK_NM=%ED%95%99%EA%B5%90%EA%B5%90%EC%9C%A1%EA%B3%BC%EC%A0%95+%ED%8E%B8%EC%84%B1%E3%86%8D%EC%9A%B4%EC%98%81+%EB%B0%8F+%ED%8F%89%EA%B0%80%EC%97%90+%EA%B4%80%ED%95%9C+%EC%82%AC%ED%95%AD&GS_BURYU_CD=JG100&JG_BURYU_CD=JG020&JG_HANGMOK_CD=05&JG_GUBUN=1&JG_YEAR2=2026&HG_NM=%EC%84%9C%EC%9A%B8%EB%B0%B1%EC%84%9D%EC%B4%88%EB%93%B1%ED%95%99%EA%B5%90&SHL_IDF_CD=be473002-4dd6-403a-9d0b-86ae8be28d4c&GS_TYPE=Y&JG_YEAR=2026&SORT=BR&CHOSEN_JG_YEAR=2026&PRE_JG_YEAR=2026&LOAD_TYPE=single,2026 백석초 운영 계획(저용량).pdf,https://www.schoolinfo.go.kr/ei/pp/Pneipp_b73_s0p.do?GS_HANGMOK_CD=73&GS_HANGMOK_NO=15-%EB%9D%BC&GS_HANGMOK_NM=%EB%B0%A9%EA%B3%BC%ED%9B%84%ED%95%99%EA%B5%90+%EC%9A%B4%EC%98%81+%EA%B3%84%ED%9A%8D+%EB%B0%8F+%EC%9A%B4%EC%98%81%E3%86%8D%EC%A7%80%EC%9B%90%ED%98%84%ED%99%A9&GS_BURYU_CD=JG130&JG_BURYU_CD=JG150&JG_HANGMOK_CD=59&JG_GUBUN=1&JG_YEAR2=2026&HG_NM=%EC%84%9C%EC%9A%B8%EB%B0%B1%EC%84%9D%EC%B4%88%EB%93%B1%ED%95%99%EA%B5%90&SHL_IDF_CD=be473002-4dd6-403a-9d0b-86ae8be28d4c&GS_TYPE=Y&JG_YEAR=2026&SORT=BR&CHOSEN_JG_YEAR=2026&PRE_JG_YEAR=2026&LOAD_TYPE=single,2026학년도 백석초 돌봄교실 연간운영계획.hwp / 2026학년도 백석초 방과후·맞춤형 연간운영계획.hwp,,,,,,,,,,
wave2_seoul,B000002240,서울개화초등학교,서울특별시,2-가 문서에서 시정표를 찾지 못함(요약본이거나 표가 이미지일 수 있음),,https://www.schoolinfo.go.kr/ei/ss/Pneiss_b01_s0.do?SHL_IDF_CD=bd0db22d-d2bd-4cce-ad27-903cf4fae811,https://www.schoolinfo.go.kr/ei/pp/Pneipp_b14_s0p.do?GS_HANGMOK_CD=14&GS_HANGMOK_NO=2-%EA%B0%80&GS_HANGMOK_NM=%ED%95%99%EA%B5%90%EA%B5%90%EC%9C%A1%EA%B3%BC%EC%A0%95+%ED%8E%B8%EC%84%B1%E3%86%8D%EC%9A%B4%EC%98%81+%EB%B0%8F+%ED%8F%89%EA%B0%80%EC%97%90+%EA%B4%80%ED%95%9C+%EC%82%AC%ED%95%AD&GS_BURYU_CD=JG100&JG_BURYU_CD=JG020&JG_HANGMOK_CD=05&JG_GUBUN=1&JG_YEAR2=2026&HG_NM=%EC%84%9C%EC%9A%B8%EA%B0%9C%ED%99%94%EC%B4%88%EB%93%B1%ED%95%99%EA%B5%90&SHL_IDF_CD=bd0db22d-d2bd-4cce-ad27-903cf4fae811&GS_TYPE=Y&JG_YEAR=2026&SORT=BR&CHOSEN_JG_YEAR=2026&PRE_JG_YEAR=2026&LOAD_TYPE=single,2026학년도_개화초_학교교육과정_편성·운영·평가_계획.hwp,https://www.schoolinfo.go.kr/ei/pp/Pneipp_b73_s0p.do?GS_HANGMOK_CD=73&GS_HANGMOK_NO=15-%EB%9D%BC&GS_HANGMOK_NM=%EB%B0%A9%EA%B3%BC%ED%9B%84%ED%95%99%EA%B5%90+%EC%9A%B4%EC%98%81+%EA%B3%84%ED%9A%8D+%EB%B0%8F+%EC%9A%B4%EC%98%81%E3%86%8D%EC%A7%80%EC%9B%90%ED%98%84%ED%99%A9&GS_BURYU_CD=JG130&JG_BURYU_CD=JG150&JG_HANGMOK_CD=59&JG_GUBUN=1&JG_YEAR2=2026&HG_NM=%EC%84%9C%EC%9A%B8%EA%B0%9C%ED%99%94%EC%B4%88%EB%93%B1%ED%95%99%EA%B5%90&SHL_IDF_CD=bd0db22d-d2bd-4cce-ad27-903cf4fae811&GS_TYPE=Y&JG_YEAR=2026&SORT=BR&CHOSEN_JG_YEAR=2026&PRE_JG_YEAR=2026&LOAD_TYPE=single,2026학년도 서울개화초등학교 방과후학교 운영 계획.pdf / 2026학년도 서울개화초 초등돌봄교실 운영 계획.pdf,,,,,,,,,,
wave2_seoul,B000002242,서울염동초등학교,서울특별시,2-가 문서에서 시정표를 찾지 못함(요약본이거나 표가 이미지일 수 있음),,https://www.schoolinfo.go.kr/ei/ss/Pneiss_b01_s0.do?SHL_IDF_CD=069071df-ccfe-4df4-9f43-688d0a775f1b,https://www.schoolinfo.go.kr/ei/pp/Pneipp_b14_s0p.do?GS_HANGMOK_CD=14&GS_HANGMOK_NO=2-%EA%B0%80&GS_HANGMOK_NM=%ED%95%99%EA%B5%90%EA%B5%90%EC%9C%A1%EA%B3%BC%EC%A0%95+%ED%8E%B8%EC%84%B1%E3%86%8D%EC%9A%B4%EC%98%81+%EB%B0%8F+%ED%8F%89%EA%B0%80%EC%97%90+%EA%B4%80%ED%95%9C+%EC%82%AC%ED%95%AD&GS_BURYU_CD=JG100&JG_BURYU_CD=JG020&JG_HANGMOK_CD=05&JG_GUBUN=1&JG_YEAR2=2026&HG_NM=%EC%84%9C%EC%9A%B8%EC%97%BC%EB%8F%99%EC%B4%88%EB%93%B1%ED%95%99%EA%B5%90&SHL_IDF_CD=069071df-ccfe-4df4-9f43-688d0a775f1b&GS_TYPE=Y&JG_YEAR=2026&SORT=BR&CHOSEN_JG_YEAR=2026&PRE_JG_YEAR=2026&LOAD_TYPE=single,2026학년도 염동 교육과정 운영.hwpx / 2026학년도 염동초 평가운영.hwpx,https://www.schoolinfo.go.kr/ei/pp/Pneipp_b73_s0p.do?GS_HANGMOK_CD=73&GS_HANGMOK_NO=15-%EB%9D%BC&GS_HANGMOK_NM=%EB%B0%A9%EA%B3%BC%ED%9B%84%ED%95%99%EA%B5%90+%EC%9A%B4%EC%98%81+%EA%B3%84%ED%9A%8D+%EB%B0%8F+%EC%9A%B4%EC%98%81%E3%86%8D%EC%A7%80%EC%9B%90%ED%98%84%ED%99%A9&GS_BURYU_CD=JG130&JG_BURYU_CD=JG150&JG_HANGMOK_CD=59&JG_GUBUN=1&JG_YEAR2=2026&HG_NM=%EC%84%9C%EC%9A%B8%EC%97%BC%EB%8F%99%EC%B4%88%EB%93%B1%ED%95%99%EA%B5%90&SHL_IDF_CD=069071df-ccfe-4df4-9f43-688d0a775f1b&GS_TYPE=Y&JG_YEAR=2026&SORT=BR&CHOSEN_JG_YEAR=2026&PRE_JG_YEAR=2026&LOAD_TYPE=single,2026학년도 초등돌봄교실 운영계획(학운위심의안).hwp / 2026학년도 방과후교실 연간 운영 계획.hwp,,,,,,,,,,
wave2_seoul,B000002243,서울화곡초등학교,서울특별시,시정표는 탐지됐으나 1학년 정규 시정을 읽지 못함,,https://www.schoolinfo.go.kr/ei/ss/Pneiss_b01_s0.do?SHL_IDF_CD=e27bae14-13a0-45b1-b60c-8510faa06c45,https://www.schoolinfo.go.kr/ei/pp/Pneipp_b14_s0p.do?GS_HANGMOK_CD=14&GS_HANGMOK_NO=2-%EA%B0%80&GS_HANGMOK_NM=%ED%95%99%EA%B5%90%EA%B5%90%EC%9C%A1%EA%B3%BC%EC%A0%95+%ED%8E%B8%EC%84%B1%E3%86%8D%EC%9A%B4%EC%98%81+%EB%B0%8F+%ED%8F%89%EA%B0%80%EC%97%90+%EA%B4%80%ED%95%9C+%EC%82%AC%ED%95%AD&GS_BURYU_CD=JG100&JG_BURYU_CD=JG020&JG_HANGMOK_CD=05&JG_GUBUN=1&JG_YEAR2=2026&HG_NM=%EC%84%9C%EC%9A%B8%ED%99%94%EA%B3%A1%EC%B4%88%EB%93%B1%ED%95%99%EA%B5%90&SHL_IDF_CD=e27bae14-13a0-45b1-b60c-8510faa06c45&GS_TYPE=Y&JG_YEAR=2026&SORT=BR&CHOSEN_JG_YEAR=2026&PRE_JG_YEAR=2026&LOAD_TYPE=single,2026학년도 서울화곡초 학교교육계획서(개인정보제외).hwp,https://www.schoolinfo.go.kr/ei/pp/Pneipp_b73_s0p.do?GS_HANGMOK_CD=73&GS_HANGMOK_NO=15-%EB%9D%BC&GS_HANGMOK_NM=%EB%B0%A9%EA%B3%BC%ED%9B%84%ED%95%99%EA%B5%90+%EC%9A%B4%EC%98%81+%EA%B3%84%ED%9A%8D+%EB%B0%8F+%EC%9A%B4%EC%98%81%E3%86%8D%EC%A7%80%EC%9B%90%ED%98%84%ED%99%A9&GS_BURYU_CD=JG130&JG_BURYU_CD=JG150&JG_HANGMOK_CD=59&JG_GUBUN=1&JG_YEAR2=2026&HG_NM=%EC%84%9C%EC%9A%B8%ED%99%94%EA%B3%A1%EC%B4%88%EB%93%B1%ED%95%99%EA%B5%90&SHL_IDF_CD=e27bae14-13a0-45b1-b60c-8510faa06c45&GS_TYPE=Y&JG_YEAR=2026&SORT=BR&CHOSEN_JG_YEAR=2026&PRE_JG_YEAR=2026&LOAD_TYPE=single,2026학년도 돌봄교실 운영 계획(안).hwpx / 2026 늘봄학교(방과후교실) 연간운영계획.hwp,,,,,,,,,,
wave2_seoul,B000002247,서울등명초등학교,서울특별시,2-가 문서에서 시정표를 찾지 못함(요약본이거나 표가 이미지일 수 있음),,https://www.schoolinfo.go.kr/ei/ss/Pneiss_b01_s0.do?SHL_IDF_CD=9007f55c-4973-49b6-8bbe-dbcd431bd1f7,https://www.schoolinfo.go.kr/ei/pp/Pneipp_b14_s0p.do?GS_HANGMOK_CD=14&GS_HANGMOK_NO=2-%EA%B0%80&GS_HANGMOK_NM=%ED%95%99%EA%B5%90%EA%B5%90%EC%9C%A1%EA%B3%BC%EC%A0%95+%ED%8E%B8%EC%84%B1%E3%86%8D%EC%9A%B4%EC%98%81+%EB%B0%8F+%ED%8F%89%EA%B0%80%EC%97%90+%EA%B4%80%ED%95%9C+%EC%82%AC%ED%95%AD&GS_BURYU_CD=JG100&JG_BURYU_CD=JG020&JG_HANGMOK_CD=05&JG_GUBUN=1&JG_YEAR2=2026&HG_NM=%EC%84%9C%EC%9A%B8%EB%93%B1%EB%AA%85%EC%B4%88%EB%93%B1%ED%95%99%EA%B5%90&SHL_IDF_CD=9007f55c-4973-49b6-8bbe-dbcd431bd1f7&GS_TYPE=Y&JG_YEAR=2026&SORT=BR&CHOSEN_JG_YEAR=2026&PRE_JG_YEAR=2026&LOAD_TYPE=single,2026학년도 등명초 학교교육과정 편성·운영·평가 계획(정보공시).pdf,https://www.schoolinfo.go.kr/ei/pp/Pneipp_b73_s0p.do?GS_HANGMOK_CD=73&GS_HANGMOK_NO=15-%EB%9D%BC&GS_HANGMOK_NM=%EB%B0%A9%EA%B3%BC%ED%9B%84%ED%95%99%EA%B5%90+%EC%9A%B4%EC%98%81+%EA%B3%84%ED%9A%8D+%EB%B0%8F+%EC%9A%B4%EC%98%81%E3%86%8D%EC%A7%80%EC%9B%90%ED%98%84%ED%99%A9&GS_BURYU_CD=JG130&JG_BURYU_CD=JG150&JG_HANGMOK_CD=59&JG_GUBUN=1&JG_YEAR2=2026&HG_NM=%EC%84%9C%EC%9A%B8%EB%93%B1%EB%AA%85%EC%B4%88%EB%93%B1%ED%95%99%EA%B5%90&SHL_IDF_CD=9007f55c-4973-49b6-8bbe-dbcd431bd1f7&GS_TYPE=Y&JG_YEAR=2026&SORT=BR&CHOSEN_JG_YEAR=2026&PRE_JG_YEAR=2026&LOAD_TYPE=single,2026 초등돌봄교실 연간운영계획.pdf / 2026학년도 등명초등학교 방과후학교 운영 계획.hwp,,,,,,,,,,
wave2_seoul,B000002248,서울등현초등학교,서울특별시,2-가 문서에서 시정표를 찾지 못함(요약본이거나 표가 이미지일 수 있음),15-라 계획에 1학년 오후돌봄 종료 시각이 없음 (돌봄교실 운영계획 문구 없음; 표준 시간표 예시의 저녁 돌봄 16:50~19:00만 있고 기본 종료 시각 없음),https://www.schoolinfo.go.kr/ei/ss/Pneiss_b01_s0.do?SHL_IDF_CD=8cd7bfef-33aa-46e1-b0c3-90e40bef19fd,https://www.schoolinfo.go.kr/ei/pp/Pneipp_b14_s0p.do?GS_HANGMOK_CD=14&GS_HANGMOK_NO=2-%EA%B0%80&GS_HANGMOK_NM=%ED%95%99%EA%B5%90%EA%B5%90%EC%9C%A1%EA%B3%BC%EC%A0%95+%ED%8E%B8%EC%84%B1%E3%86%8D%EC%9A%B4%EC%98%81+%EB%B0%8F+%ED%8F%89%EA%B0%80%EC%97%90+%EA%B4%80%ED%95%9C+%EC%82%AC%ED%95%AD&GS_BURYU_CD=JG100&JG_BURYU_CD=JG020&JG_HANGMOK_CD=05&JG_GUBUN=1&JG_YEAR2=2026&HG_NM=%EC%84%9C%EC%9A%B8%EB%93%B1%ED%98%84%EC%B4%88%EB%93%B1%ED%95%99%EA%B5%90&SHL_IDF_CD=8cd7bfef-33aa-46e1-b0c3-90e40bef19fd&GS_TYPE=Y&JG_YEAR=2026&SORT=BR&CHOSEN_JG_YEAR=2026&PRE_JG_YEAR=2026&LOAD_TYPE=single,(등현초)2026학년도 학교 교육과정 운영 평가.pdf / (등현초)2026학년도 학교 교육과정의 편성 운영.pdf,https://www.schoolinfo.go.kr/ei/pp/Pneipp_b73_s0p.do?GS_HANGMOK_CD=73&GS_HANGMOK_NO=15-%EB%9D%BC&GS_HANGMOK_NM=%EB%B0%A9%EA%B3%BC%ED%9B%84%ED%95%99%EA%B5%90+%EC%9A%B4%EC%98%81+%EA%B3%84%ED%9A%8D+%EB%B0%8F+%EC%9A%B4%EC%98%81%E3%86%8D%EC%A7%80%EC%9B%90%ED%98%84%ED%99%A9&GS_BURYU_CD=JG130&JG_BURYU_CD=JG150&JG_HANGMOK_CD=59&JG_GUBUN=1&JG_YEAR2=2026&HG_NM=%EC%84%9C%EC%9A%B8%EB%93%B1%ED%98%84%EC%B4%88%EB%93%B1%ED%95%99%EA%B5%90&SHL_IDF_CD=8cd7bfef-33aa-46e1-b0c3-90e40bef19fd&GS_TYPE=Y&JG_YEAR=2026&SORT=BR&CHOSEN_JG_YEAR=2026&PRE_JG_YEAR=2026&LOAD_TYPE=single,2026학년도 서울등현초 방과후.맞춤형 프로그램 연간운영계획(안).hwpx,,,,,,,,,,
wave2_seoul,B000002250,서울수명초등학교,서울특별시,,15-라 계획에 1학년 오후돌봄 종료 시각이 없음 (돌봄 시간 문구 없음),https://www.schoolinfo.go.kr/ei/ss/Pneiss_b01_s0.do?SHL_IDF_CD=e84cb523-06fc-4a61-a85b-d9eaf2270928,https://www.schoolinfo.go.kr/ei/pp/Pneipp_b14_s0p.do?GS_HANGMOK_CD=14&GS_HANGMOK_NO=2-%EA%B0%80&GS_HANGMOK_NM=%ED%95%99%EA%B5%90%EA%B5%90%EC%9C%A1%EA%B3%BC%EC%A0%95+%ED%8E%B8%EC%84%B1%E3%86%8D%EC%9A%B4%EC%98%81+%EB%B0%8F+%ED%8F%89%EA%B0%80%EC%97%90+%EA%B4%80%ED%95%9C+%EC%82%AC%ED%95%AD&GS_BURYU_CD=JG100&JG_BURYU_CD=JG020&JG_HANGMOK_CD=05&JG_GUBUN=1&JG_YEAR2=2026&HG_NM=%EC%84%9C%EC%9A%B8%EC%88%98%EB%AA%85%EC%B4%88%EB%93%B1%ED%95%99%EA%B5%90&SHL_IDF_CD=e84cb523-06fc-4a61-a85b-d9eaf2270928&GS_TYPE=Y&JG_YEAR=2026&SORT=BR&CHOSEN_JG_YEAR=2026&PRE_JG_YEAR=2026&LOAD_TYPE=single,2026학년도 수명초 학교교육과정 편성·운영·평가 계획.pdf,https://www.schoolinfo.go.kr/ei/pp/Pneipp_b73_s0p.do?GS_HANGMOK_CD=73&GS_HANGMOK_NO=15-%EB%9D%BC&GS_HANGMOK_NM=%EB%B0%A9%EA%B3%BC%ED%9B%84%ED%95%99%EA%B5%90+%EC%9A%B4%EC%98%81+%EA%B3%84%ED%9A%8D+%EB%B0%8F+%EC%9A%B4%EC%98%81%E3%86%8D%EC%A7%80%EC%9B%90%ED%98%84%ED%99%A9&GS_BURYU_CD=JG130&JG_BURYU_CD=JG150&JG_HANGMOK_CD=59&JG_GUBUN=1&JG_YEAR2=2026&HG_NM=%EC%84%9C%EC%9A%B8%EC%88%98%EB%AA%85%EC%B4%88%EB%93%B1%ED%95%99%EA%B5%90&SHL_IDF_CD=e84cb523-06fc-4a61-a85b-d9eaf2270928&GS_TYPE=Y&JG_YEAR=2026&SORT=BR&CHOSEN_JG_YEAR=2026&PRE_JG_YEAR=2026&LOAD_TYPE=single,2026학년도 방과후교실 운영 계획.hwp,,,,,,,,,,
wave2_seoul,B000002251,유석초등학교,서울특별시,요일 학교 확인: 수(6교시) — 1학년 4·5교시가 아닌 날이거나 NEIS 교시 수가 불확실,15-라 계획에 1학년 오후돌봄 종료 시각이 없음 (돌봄 시간 문구 없음),https://www.schoolinfo.go.kr/ei/ss/Pneiss_b01_s0.do?SHL_IDF_CD=aa3ea995-09fe-4652-92e7-29f838a88ba8,https://www.schoolinfo.go.kr/ei/pp/Pneipp_b14_s0p.do?GS_HANGMOK_CD=14&GS_HANGMOK_NO=2-%EA%B0%80&GS_HANGMOK_NM=%ED%95%99%EA%B5%90%EA%B5%90%EC%9C%A1%EA%B3%BC%EC%A0%95+%ED%8E%B8%EC%84%B1%E3%86%8D%EC%9A%B4%EC%98%81+%EB%B0%8F+%ED%8F%89%EA%B0%80%EC%97%90+%EA%B4%80%ED%95%9C+%EC%82%AC%ED%95%AD&GS_BURYU_CD=JG100&JG_BURYU_CD=JG020&JG_HANGMOK_CD=05&JG_GUBUN=1&JG_YEAR2=2026&HG_NM=%EC%9C%A0%EC%84%9D%EC%B4%88%EB%93%B1%ED%95%99%EA%B5%90&SHL_IDF_CD=aa3ea995-09fe-4652-92e7-29f838a88ba8&GS_TYPE=Y&JG_YEAR=2026&SORT=BR&CHOSEN_JG_YEAR=2026&PRE_JG_YEAR=2026&LOAD_TYPE=single,2026학년도 유석초등학교 학교교육계획(수정).pdf,https://www.schoolinfo.go.kr/ei/pp/Pneipp_b73_s0p.do?GS_HANGMOK_CD=73&GS_HANGMOK_NO=15-%EB%9D%BC&GS_HANGMOK_NM=%EB%B0%A9%EA%B3%BC%ED%9B%84%ED%95%99%EA%B5%90+%EC%9A%B4%EC%98%81+%EA%B3%84%ED%9A%8D+%EB%B0%8F+%EC%9A%B4%EC%98%81%E3%86%8D%EC%A7%80%EC%9B%90%ED%98%84%ED%99%A9&GS_BURYU_CD=JG130&JG_BURYU_CD=JG150&JG_HANGMOK_CD=59&JG_GUBUN=1&JG_YEAR2=2026&HG_NM=%EC%9C%A0%EC%84%9D%EC%B4%88%EB%93%B1%ED%95%99%EA%B5%90&SHL_IDF_CD=aa3ea995-09fe-4652-92e7-29f838a88ba8&GS_TYPE=Y&JG_YEAR=2026&SORT=BR&CHOSEN_JG_YEAR=2026&PRE_JG_YEAR=2026&LOAD_TYPE=single,2026학년도 유석초 일반 방과후교실 위탁운영계획.hwp / 2026학년도 영어 방과후교실 위탁운영계획.hwp,,,,,,,,,,
wave2_seoul,B000002306,서울강남초등학교,서울특별시,2-가 문서에서 시정표를 찾지 못함(요약본이거나 표가 이미지일 수 있음),,https://www.schoolinfo.go.kr/ei/ss/Pneiss_b01_s0.do?SHL_IDF_CD=e53b6fad-485e-44a7-8312-3067f8b3b953,https://www.schoolinfo.go.kr/ei/pp/Pneipp_b14_s0p.do?GS_HANGMOK_CD=14&GS_HANGMOK_NO=2-%EA%B0%80&GS_HANGMOK_NM=%ED%95%99%EA%B5%90%EA%B5%90%EC%9C%A1%EA%B3%BC%EC%A0%95+%ED%8E%B8%EC%84%B1%E3%86%8D%EC%9A%B4%EC%98%81+%EB%B0%8F+%ED%8F%89%EA%B0%80%EC%97%90+%EA%B4%80%ED%95%9C+%EC%82%AC%ED%95%AD&GS_BURYU_CD=JG100&JG_BURYU_CD=JG020&JG_HANGMOK_CD=05&JG_GUBUN=1&JG_YEAR2=2026&HG_NM=%EC%84%9C%EC%9A%B8%EA%B0%95%EB%82%A8%EC%B4%88%EB%93%B1%ED%95%99%EA%B5%90&SHL_IDF_CD=e53b6fad-485e-44a7-8312-3067f8b3b953&GS_TYPE=Y&JG_YEAR=2026&SORT=BR&CHOSEN_JG_YEAR=2026&PRE_JG_YEAR=2026&LOAD_TYPE=single,(1차)학교 교육과정의 편성 운영 및 평가.hwpx,https://www.schoolinfo.go.kr/ei/pp/Pneipp_b73_s0p.do?GS_HANGMOK_CD=73&GS_HANGMOK_NO=15-%EB%9D%BC&GS_HANGMOK_NM=%EB%B0%A9%EA%B3%BC%ED%9B%84%ED%95%99%EA%B5%90+%EC%9A%B4%EC%98%81+%EA%B3%84%ED%9A%8D+%EB%B0%8F+%EC%9A%B4%EC%98%81%E3%86%8D%EC%A7%80%EC%9B%90%ED%98%84%ED%99%A9&GS_BURYU_CD=JG130&JG_BURYU_CD=JG150&JG_HANGMOK_CD=59&JG_GUBUN=1&JG_YEAR2=2026&HG_NM=%EC%84%9C%EC%9A%B8%EA%B0%95%EB%82%A8%EC%B4%88%EB%93%B1%ED%95%99%EA%B5%90&SHL_IDF_CD=e53b6fad-485e-44a7-8312-3067f8b3b953&GS_TYPE=Y&JG_YEAR=2026&SORT=BR&CHOSEN_JG_YEAR=2026&PRE_JG_YEAR=2026&LOAD_TYPE=single,(정보공시)2026학년도 서울강남초 초등돌봄교실 운영 계획(안) 및 학사 일정.pdf / (정보공시)2026학년도 서울강남초 방과후학교  연간 운영계획(안).pdf,,,,,,,,,,
wave2_seoul,B000002307,서울노량진초등학교,서울특별시,2-가 문서에서 시정표를 찾지 못함(요약본이거나 표가 이미지일 수 있음),,https://www.schoolinfo.go.kr/ei/ss/Pneiss_b01_s0.do?SHL_IDF_CD=c5feb1fd-bc88-4eff-a116-8778c575a1d7,https://www.schoolinfo.go.kr/ei/pp/Pneipp_b14_s0p.do?GS_HANGMOK_CD=14&GS_HANGMOK_NO=2-%EA%B0%80&GS_HANGMOK_NM=%ED%95%99%EA%B5%90%EA%B5%90%EC%9C%A1%EA%B3%BC%EC%A0%95+%ED%8E%B8%EC%84%B1%E3%86%8D%EC%9A%B4%EC%98%81+%EB%B0%8F+%ED%8F%89%EA%B0%80%EC%97%90+%EA%B4%80%ED%95%9C+%EC%82%AC%ED%95%AD&GS_BURYU_CD=JG100&JG_BURYU_CD=JG020&JG_HANGMOK_CD=05&JG_GUBUN=1&JG_YEAR2=2026&HG_NM=%EC%84%9C%EC%9A%B8%EB%85%B8%EB%9F%89%EC%A7%84%EC%B4%88%EB%93%B1%ED%95%99%EA%B5%90&SHL_IDF_CD=c5feb1fd-bc88-4eff-a116-8778c575a1d7&GS_TYPE=Y&JG_YEAR=2026&SORT=BR&CHOSEN_JG_YEAR=2026&PRE_JG_YEAR=2026&LOAD_TYPE=single,2026학년도 노량진초 연간학사일정.pdf / 2026학년도 노량진초 학교교육과정 편성ㆍ운영ㆍ평가.pdf,https://www.schoolinfo.go.kr/ei/pp/Pneipp_b73_s0p.do?GS_HANGMOK_CD=73&GS_HANGMOK_NO=15-%EB%9D%BC&GS_HANGMOK_NM=%EB%B0%A9%EA%B3%BC%ED%9B%84%ED%95%99%EA%B5%90+%EC%9A%B4%EC%98%81+%EA%B3%84%ED%9A%8D+%EB%B0%8F+%EC%9A%B4%EC%98%81%E3%86%8D%EC%A7%80%EC%9B%90%ED%98%84%ED%99%A9&GS_BURYU_CD=JG130&JG_BURYU_CD=JG150&JG_HANGMOK_CD=59&JG_GUBUN=1&JG_YEAR2=2026&HG_NM=%EC%84%9C%EC%9A%B8%EB%85%B8%EB%9F%89%EC%A7%84%EC%B4%88%EB%93%B1%ED%95%99%EA%B5%90&SHL_IDF_CD=c5feb1fd-bc88-4eff-a116-8778c575a1d7&GS_TYPE=Y&JG_YEAR=2026&SORT=BR&CHOSEN_JG_YEAR=2026&PRE_JG_YEAR=2026&LOAD_TYPE=single,2026 서울노량진초등학교 연간운영계획.hwpx,,,,,,,,,,
wave2_seoul,B000002308,서울본동초등학교,서울특별시,2-가 문서에서 시정표를 찾지 못함(요약본이거나 표가 이미지일 수 있음),,https://www.schoolinfo.go.kr/ei/ss/Pneiss_b01_s0.do?SHL_IDF_CD=446ffb9d-7ff6-4185-a5f0-19957b9629c6,https://www.schoolinfo.go.kr/ei/pp/Pneipp_b14_s0p.do?GS_HANGMOK_CD=14&GS_HANGMOK_NO=2-%EA%B0%80&GS_HANGMOK_NM=%ED%95%99%EA%B5%90%EA%B5%90%EC%9C%A1%EA%B3%BC%EC%A0%95+%ED%8E%B8%EC%84%B1%E3%86%8D%EC%9A%B4%EC%98%81+%EB%B0%8F+%ED%8F%89%EA%B0%80%EC%97%90+%EA%B4%80%ED%95%9C+%EC%82%AC%ED%95%AD&GS_BURYU_CD=JG100&JG_BURYU_CD=JG020&JG_HANGMOK_CD=05&JG_GUBUN=1&JG_YEAR2=2026&HG_NM=%EC%84%9C%EC%9A%B8%EB%B3%B8%EB%8F%99%EC%B4%88%EB%93%B1%ED%95%99%EA%B5%90&SHL_IDF_CD=446ffb9d-7ff6-4185-a5f0-19957b9629c6&GS_TYPE=Y&JG_YEAR=2026&SORT=BR&CHOSEN_JG_YEAR=2026&PRE_JG_YEAR=2026&LOAD_TYPE=single,2026학년도 본동초 학교교육과정 편성·운영·평가 계획.hwp,https://www.schoolinfo.go.kr/ei/pp/Pneipp_b73_s0p.do?GS_HANGMOK_CD=73&GS_HANGMOK_NO=15-%EB%9D%BC&GS_HANGMOK_NM=%EB%B0%A9%EA%B3%BC%ED%9B%84%ED%95%99%EA%B5%90+%EC%9A%B4%EC%98%81+%EA%B3%84%ED%9A%8D+%EB%B0%8F+%EC%9A%B4%EC%98%81%E3%86%8D%EC%A7%80%EC%9B%90%ED%98%84%ED%99%A9&GS_BURYU_CD=JG130&JG_BURYU_CD=JG150&JG_HANGMOK_CD=59&JG_GUBUN=1&JG_YEAR2=2026&HG_NM=%EC%84%9C%EC%9A%B8%EB%B3%B8%EB%8F%99%EC%B4%88%EB%93%B1%ED%95%99%EA%B5%90&SHL_IDF_CD=446ffb9d-7ff6-4185-a5f0-19957b9629c6&GS_TYPE=Y&JG_YEAR=2026&SORT=BR&CHOSEN_JG_YEAR=2026&PRE_JG_YEAR=2026&LOAD_TYPE=single,2026학년도 서울본동초등학교 초등돌봄교실 운영계획(안).hwp / 2026학년도 서울본동초등학교 방과후 및 맞춤형교실 운영 계획(안)_2차.hwp / 2026학년도 서울본동초등학교 방과후교실 및 맞춤형교실 운영 계획(안)_1차.hwp,,,,,,,,,,
wave2_seoul,B000002309,서울은로초등학교,서울특별시,2-가 문서에서 시정표를 찾지 못함(요약본이거나 표가 이미지일 수 있음),15-라 계획에 1학년 오후돌봄 종료 시각이 없음 (돌봄 종료 시각 문구 없음),https://www.schoolinfo.go.kr/ei/ss/Pneiss_b01_s0.do?SHL_IDF_CD=992e97c8-78b2-4640-9504-811fc19ab605,https://www.schoolinfo.go.kr/ei/pp/Pneipp_b14_s0p.do?GS_HANGMOK_CD=14&GS_HANGMOK_NO=2-%EA%B0%80&GS_HANGMOK_NM=%ED%95%99%EA%B5%90%EA%B5%90%EC%9C%A1%EA%B3%BC%EC%A0%95+%ED%8E%B8%EC%84%B1%E3%86%8D%EC%9A%B4%EC%98%81+%EB%B0%8F+%ED%8F%89%EA%B0%80%EC%97%90+%EA%B4%80%ED%95%9C+%EC%82%AC%ED%95%AD&GS_BURYU_CD=JG100&JG_BURYU_CD=JG020&JG_HANGMOK_CD=05&JG_GUBUN=1&JG_YEAR2=2026&HG_NM=%EC%84%9C%EC%9A%B8%EC%9D%80%EB%A1%9C%EC%B4%88%EB%93%B1%ED%95%99%EA%B5%90&SHL_IDF_CD=992e97c8-78b2-4640-9504-811fc19ab605&GS_TYPE=Y&JG_YEAR=2026&SORT=BR&CHOSEN_JG_YEAR=2026&PRE_JG_YEAR=2026&LOAD_TYPE=single,2026학년도 서울은로초 연간학사일정.hwpx / 2026학년도 서울은로초 학교교육과정 편성·운영·평가 계획.hwpx,https://www.schoolinfo.go.kr/ei/pp/Pneipp_b73_s0p.do?GS_HANGMOK_CD=73&GS_HANGMOK_NO=15-%EB%9D%BC&GS_HANGMOK_NM=%EB%B0%A9%EA%B3%BC%ED%9B%84%ED%95%99%EA%B5%90+%EC%9A%B4%EC%98%81+%EA%B3%84%ED%9A%8D+%EB%B0%8F+%EC%9A%B4%EC%98%81%E3%86%8D%EC%A7%80%EC%9B%90%ED%98%84%ED%99%A9&GS_BURYU_CD=JG130&JG_BURYU_CD=JG150&JG_HANGMOK_CD=59&JG_GUBUN=1&JG_YEAR2=2026&HG_NM=%EC%84%9C%EC%9A%B8%EC%9D%80%EB%A1%9C%EC%B4%88%EB%93%B1%ED%95%99%EA%B5%90&SHL_IDF_CD=992e97c8-78b2-4640-9504-811fc19ab605&GS_TYPE=Y&JG_YEAR=2026&SORT=BR&CHOSEN_JG_YEAR=2026&PRE_JG_YEAR=2026&LOAD_TYPE=single,"(은로초)2026학년도 방과후,돌봄(맞춤형 및 방과후 프로그램) 운영 계획(안).hwp",,,,,,,,,,
wave2_seoul,B000002310,서울동작초등학교,서울특별시,2-가 문서에서 시정표를 찾지 못함(요약본이거나 표가 이미지일 수 있음),,https://www.schoolinfo.go.kr/ei/ss/Pneiss_b01_s0.do?SHL_IDF_CD=028c626f-fdf5-496a-a872-a4e746c6a93c,https://www.schoolinfo.go.kr/ei/pp/Pneipp_b14_s0p.do?GS_HANGMOK_CD=14&GS_HANGMOK_NO=2-%EA%B0%80&GS_HANGMOK_NM=%ED%95%99%EA%B5%90%EA%B5%90%EC%9C%A1%EA%B3%BC%EC%A0%95+%ED%8E%B8%EC%84%B1%E3%86%8D%EC%9A%B4%EC%98%81+%EB%B0%8F+%ED%8F%89%EA%B0%80%EC%97%90+%EA%B4%80%ED%95%9C+%EC%82%AC%ED%95%AD&GS_BURYU_CD=JG100&JG_BURYU_CD=JG020&JG_HANGMOK_CD=05&JG_GUBUN=1&JG_YEAR2=2026&HG_NM=%EC%84%9C%EC%9A%B8%EB%8F%99%EC%9E%91%EC%B4%88%EB%93%B1%ED%95%99%EA%B5%90&SHL_IDF_CD=028c626f-fdf5-496a-a872-a4e746c6a93c&GS_TYPE=Y&JG_YEAR=2026&SORT=BR&CHOSEN_JG_YEAR=2026&PRE_JG_YEAR=2026&LOAD_TYPE=single,2026학년도 동작초 연간 학사 일정.hwp / 2026학년도 동작초 학교교육과정 편성운영평가계획.hwp,https://www.schoolinfo.go.kr/ei/pp/Pneipp_b73_s0p.do?GS_HANGMOK_CD=73&GS_HANGMOK_NO=15-%EB%9D%BC&GS_HANGMOK_NM=%EB%B0%A9%EA%B3%BC%ED%9B%84%ED%95%99%EA%B5%90+%EC%9A%B4%EC%98%81+%EA%B3%84%ED%9A%8D+%EB%B0%8F+%EC%9A%B4%EC%98%81%E3%86%8D%EC%A7%80%EC%9B%90%ED%98%84%ED%99%A9&GS_BURYU_CD=JG130&JG_BURYU_CD=JG150&JG_HANGMOK_CD=59&JG_GUBUN=1&JG_YEAR2=2026&HG_NM=%EC%84%9C%EC%9A%B8%EB%8F%99%EC%9E%91%EC%B4%88%EB%93%B1%ED%95%99%EA%B5%90&SHL_IDF_CD=028c626f-fdf5-496a-a872-a4e746c6a93c&GS_TYPE=Y&JG_YEAR=2026&SORT=BR&CHOSEN_JG_YEAR=2026&PRE_JG_YEAR=2026&LOAD_TYPE=single,2026학년도 초등돌봄교실 운영계획.hwp / 2026학년도 방과후·돌봄 운영계획.hwp,,,,,,,,,,
wave2_seoul,B000002312,서울행림초등학교,서울특별시,2-가 문서에서 시정표를 찾지 못함(요약본이거나 표가 이미지일 수 있음),,https://www.schoolinfo.go.kr/ei/ss/Pneiss_b01_s0.do?SHL_IDF_CD=9cddaae3-b196-4112-8922-800daa0a3275,https://www.schoolinfo.go.kr/ei/pp/Pneipp_b14_s0p.do?GS_HANGMOK_CD=14&GS_HANGMOK_NO=2-%EA%B0%80&GS_HANGMOK_NM=%ED%95%99%EA%B5%90%EA%B5%90%EC%9C%A1%EA%B3%BC%EC%A0%95+%ED%8E%B8%EC%84%B1%E3%86%8D%EC%9A%B4%EC%98%81+%EB%B0%8F+%ED%8F%89%EA%B0%80%EC%97%90+%EA%B4%80%ED%95%9C+%EC%82%AC%ED%95%AD&GS_BURYU_CD=JG100&JG_BURYU_CD=JG020&JG_HANGMOK_CD=05&JG_GUBUN=1&JG_YEAR2=2026&HG_NM=%EC%84%9C%EC%9A%B8%ED%96%89%EB%A6%BC%EC%B4%88%EB%93%B1%ED%95%99%EA%B5%90&SHL_IDF_CD=9cddaae3-b196-4112-8922-800daa0a3275&GS_TYPE=Y&JG_YEAR=2026&SORT=BR&CHOSEN_JG_YEAR=2026&PRE_JG_YEAR=2026&LOAD_TYPE=single,"정보공시 1차(학교교육과정 편성, 운영 및 평가).hwpx",https://www.schoolinfo.go.kr/ei/pp/Pneipp_b73_s0p.do?GS_HANGMOK_CD=73&GS_HANGMOK_NO=15-%EB%9D%BC&GS_HANGMOK_NM=%EB%B0%A9%EA%B3%BC%ED%9B%84%ED%95%99%EA%B5%90+%EC%9A%B4%EC%98%81+%EA%B3%84%ED%9A%8D+%EB%B0%8F+%EC%9A%B4%EC%98%81%E3%86%8D%EC%A7%80%EC%9B%90%ED%98%84%ED%99%A9&GS_BURYU_CD=JG130&JG_BURYU_CD=JG150&JG_HANGMOK_CD=59&JG_GUBUN=1&JG_YEAR2=2026&HG_NM=%EC%84%9C%EC%9A%B8%ED%96%89%EB%A6%BC%EC%B4%88%EB%93%B1%ED%95%99%EA%B5%90&SHL_IDF_CD=9cddaae3-b196-4112-8922-800daa0a3275&GS_TYPE=Y&JG_YEAR=2026&SORT=BR&CHOSEN_JG_YEAR=2026&PRE_JG_YEAR=2026&LOAD_TYPE=single,2026학년도 초등돌봄교실 운영 계획(안).hwp / 2026 방과후·맞춤형교실 운영계획(안).hwp,,,,,,,,,,
wave2_seoul,B000002315,서울신길초등학교,서울특별시,2-가 문서에서 시정표를 찾지 못함(요약본이거나 표가 이미지일 수 있음),,https://www.schoolinfo.go.kr/ei/ss/Pneiss_b01_s0.do?SHL_IDF_CD=934a2618-f9cf-4fa2-ba4d-31f40b223eb5,https://www.schoolinfo.go.kr/ei/pp/Pneipp_b14_s0p.do?GS_HANGMOK_CD=14&GS_HANGMOK_NO=2-%EA%B0%80&GS_HANGMOK_NM=%ED%95%99%EA%B5%90%EA%B5%90%EC%9C%A1%EA%B3%BC%EC%A0%95+%ED%8E%B8%EC%84%B1%E3%86%8D%EC%9A%B4%EC%98%81+%EB%B0%8F+%ED%8F%89%EA%B0%80%EC%97%90+%EA%B4%80%ED%95%9C+%EC%82%AC%ED%95%AD&GS_BURYU_CD=JG100&JG_BURYU_CD=JG020&JG_HANGMOK_CD=05&JG_GUBUN=1&JG_YEAR2=2026&HG_NM=%EC%84%9C%EC%9A%B8%EC%8B%A0%EA%B8%B8%EC%B4%88%EB%93%B1%ED%95%99%EA%B5%90&SHL_IDF_CD=934a2618-f9cf-4fa2-ba4d-31f40b223eb5&GS_TYPE=Y&JG_YEAR=2026&SORT=BR&CHOSEN_JG_YEAR=2026&PRE_JG_YEAR=2026&LOAD_TYPE=single,2026학년도 신길초 연간 학사일정.pdf / 2026학년도 신길초 학교교육과정 편성·운영 평가 계획.pdf,https://www.schoolinfo.go.kr/ei/pp/Pneipp_b73_s0p.do?GS_HANGMOK_CD=73&GS_HANGMOK_NO=15-%EB%9D%BC&GS_HANGMOK_NM=%EB%B0%A9%EA%B3%BC%ED%9B%84%ED%95%99%EA%B5%90+%EC%9A%B4%EC%98%81+%EA%B3%84%ED%9A%8D+%EB%B0%8F+%EC%9A%B4%EC%98%81%E3%86%8D%EC%A7%80%EC%9B%90%ED%98%84%ED%99%A9&GS_BURYU_CD=JG130&JG_BURYU_CD=JG150&JG_HANGMOK_CD=59&JG_GUBUN=1&JG_YEAR2=2026&HG_NM=%EC%84%9C%EC%9A%B8%EC%8B%A0%EA%B8%B8%EC%B4%88%EB%93%B1%ED%95%99%EA%B5%90&SHL_IDF_CD=934a2618-f9cf-4fa2-ba4d-31f40b223eb5&GS_TYPE=Y&JG_YEAR=2026&SORT=BR&CHOSEN_JG_YEAR=2026&PRE_JG_YEAR=2026&LOAD_TYPE=single,2026학년도 서울신길초등학교 초등돌봄교실 운영 계획.hwpx / 2026학년도 서울신길초등학교 방과후학교 운영 계획.hwp,,,,,,,,,,
wave2_seoul,B000002317,서울영본초등학교,서울특별시,2-가 문서에서 시정표를 찾지 못함(요약본이거나 표가 이미지일 수 있음),,https://www.schoolinfo.go.kr/ei/ss/Pneiss_b01_s0.do?SHL_IDF_CD=5e789aff-63ba-459c-a0cf-26120d9fae6d,https://www.schoolinfo.go.kr/ei/pp/Pneipp_b14_s0p.do?GS_HANGMOK_CD=14&GS_HANGMOK_NO=2-%EA%B0%80&GS_HANGMOK_NM=%ED%95%99%EA%B5%90%EA%B5%90%EC%9C%A1%EA%B3%BC%EC%A0%95+%ED%8E%B8%EC%84%B1%E3%86%8D%EC%9A%B4%EC%98%81+%EB%B0%8F+%ED%8F%89%EA%B0%80%EC%97%90+%EA%B4%80%ED%95%9C+%EC%82%AC%ED%95%AD&GS_BURYU_CD=JG100&JG_BURYU_CD=JG020&JG_HANGMOK_CD=05&JG_GUBUN=1&JG_YEAR2=2026&HG_NM=%EC%84%9C%EC%9A%B8%EC%98%81%EB%B3%B8%EC%B4%88%EB%93%B1%ED%95%99%EA%B5%90&SHL_IDF_CD=5e789aff-63ba-459c-a0cf-26120d9fae6d&GS_TYPE=Y&JG_YEAR=2026&SORT=BR&CHOSEN_JG_YEAR=2026&PRE_JG_YEAR=2026&LOAD_TYPE=single,2026학년도 영본초 연간학사일정.pdf / 2026학년도 영본초 학교교육과정 편성·운영·평가 계획.pdf,https://www.schoolinfo.go.kr/ei/pp/Pneipp_b73_s0p.do?GS_HANGMOK_CD=73&GS_HANGMOK_NO=15-%EB%9D%BC&GS_HANGMOK_NM=%EB%B0%A9%EA%B3%BC%ED%9B%84%ED%95%99%EA%B5%90+%EC%9A%B4%EC%98%81+%EA%B3%84%ED%9A%8D+%EB%B0%8F+%EC%9A%B4%EC%98%81%E3%86%8D%EC%A7%80%EC%9B%90%ED%98%84%ED%99%A9&GS_BURYU_CD=JG130&JG_BURYU_CD=JG150&JG_HANGMOK_CD=59&JG_GUBUN=1&JG_YEAR2=2026&HG_NM=%EC%84%9C%EC%9A%B8%EC%98%81%EB%B3%B8%EC%B4%88%EB%93%B1%ED%95%99%EA%B5%90&SHL_IDF_CD=5e789aff-63ba-459c-a0cf-26120d9fae6d&GS_TYPE=Y&JG_YEAR=2026&SORT=BR&CHOSEN_JG_YEAR=2026&PRE_JG_YEAR=2026&LOAD_TYPE=single,2026학년도 영본초 돌봄교실 연간 운영 계획(안).hwp / 2026학년도 영본초 방과후.맞춤형 연간운영계획(안).hwp,,,,,,,,,,
wave2_seoul,B000002318,서울남성초등학교,서울특별시,2-가 문서에서 시정표를 찾지 못함(요약본이거나 표가 이미지일 수 있음),,https://www.schoolinfo.go.kr/ei/ss/Pneiss_b01_s0.do?SHL_IDF_CD=881e08df-e1e4-460c-8205-7d41c770849b,https://www.schoolinfo.go.kr/ei/pp/Pneipp_b14_s0p.do?GS_HANGMOK_CD=14&GS_HANGMOK_NO=2-%EA%B0%80&GS_HANGMOK_NM=%ED%95%99%EA%B5%90%EA%B5%90%EC%9C%A1%EA%B3%BC%EC%A0%95+%ED%8E%B8%EC%84%B1%E3%86%8D%EC%9A%B4%EC%98%81+%EB%B0%8F+%ED%8F%89%EA%B0%80%EC%97%90+%EA%B4%80%ED%95%9C+%EC%82%AC%ED%95%AD&GS_BURYU_CD=JG100&JG_BURYU_CD=JG020&JG_HANGMOK_CD=05&JG_GUBUN=1&JG_YEAR2=2026&HG_NM=%EC%84%9C%EC%9A%B8%EB%82%A8%EC%84%B1%EC%B4%88%EB%93%B1%ED%95%99%EA%B5%90&SHL_IDF_CD=881e08df-e1e4-460c-8205-7d41c770849b&GS_TYPE=Y&JG_YEAR=2026&SORT=BR&CHOSEN_JG_YEAR=2026&PRE_JG_YEAR=2026&LOAD_TYPE=single,2026학년도 서울남성초 연간학사일정.hwp / 2026학년도 서울남성초 학교교육과정 편성운영평가 계획.hwp,https://www.schoolinfo.go.kr/ei/pp/Pneipp_b73_s0p.do?GS_HANGMOK_CD=73&GS_HANGMOK_NO=15-%EB%9D%BC&GS_HANGMOK_NM=%EB%B0%A9%EA%B3%BC%ED%9B%84%ED%95%99%EA%B5%90+%EC%9A%B4%EC%98%81+%EA%B3%84%ED%9A%8D+%EB%B0%8F+%EC%9A%B4%EC%98%81%E3%86%8D%EC%A7%80%EC%9B%90%ED%98%84%ED%99%A9&GS_BURYU_CD=JG130&JG_BURYU_CD=JG150&JG_HANGMOK_CD=59&JG_GUBUN=1&JG_YEAR2=2026&HG_NM=%EC%84%9C%EC%9A%B8%EB%82%A8%EC%84%B1%EC%B4%88%EB%93%B1%ED%95%99%EA%B5%90&SHL_IDF_CD=881e08df-e1e4-460c-8205-7d41c770849b&GS_TYPE=Y&JG_YEAR=2026&SORT=BR&CHOSEN_JG_YEAR=2026&PRE_JG_YEAR=2026&LOAD_TYPE=single,2026학년도 남성초 초등돌봄교실 운영 계획.hwp / 2026학년도 남성초 방과후학교 운영계획.hwp,,,,,,,,,,
wave2_seoul,B000002319,서울남사초등학교,서울특별시,2-가 문서에서 시정표를 찾지 못함(요약본이거나 표가 이미지일 수 있음),,https://www.schoolinfo.go.kr/ei/ss/Pneiss_b01_s0.do?SHL_IDF_CD=131614bb-a2cf-4142-8ee1-fbbdbeb10692,https://www.schoolinfo.go.kr/ei/pp/Pneipp_b14_s0p.do?GS_HANGMOK_CD=14&GS_HANGMOK_NO=2-%EA%B0%80&GS_HANGMOK_NM=%ED%95%99%EA%B5%90%EA%B5%90%EC%9C%A1%EA%B3%BC%EC%A0%95+%ED%8E%B8%EC%84%B1%E3%86%8D%EC%9A%B4%EC%98%81+%EB%B0%8F+%ED%8F%89%EA%B0%80%EC%97%90+%EA%B4%80%ED%95%9C+%EC%82%AC%ED%95%AD&GS_BURYU_CD=JG100&JG_BURYU_CD=JG020&JG_HANGMOK_CD=05&JG_GUBUN=1&JG_YEAR2=2026&HG_NM=%EC%84%9C%EC%9A%B8%EB%82%A8%EC%82%AC%EC%B4%88%EB%93%B1%ED%95%99%EA%B5%90&SHL_IDF_CD=131614bb-a2cf-4142-8ee1-fbbdbeb10692&GS_TYPE=Y&JG_YEAR=2026&SORT=BR&CHOSEN_JG_YEAR=2026&PRE_JG_YEAR=2026&LOAD_TYPE=single,2026학년도 남사초 학사일정.hwpx / 2026학년도 남사초 학교교육과정 편성·운영·평가 계획.hwp,https://www.schoolinfo.go.kr/ei/pp/Pneipp_b73_s0p.do?GS_HANGMOK_CD=73&GS_HANGMOK_NO=15-%EB%9D%BC&GS_HANGMOK_NM=%EB%B0%A9%EA%B3%BC%ED%9B%84%ED%95%99%EA%B5%90+%EC%9A%B4%EC%98%81+%EA%B3%84%ED%9A%8D+%EB%B0%8F+%EC%9A%B4%EC%98%81%E3%86%8D%EC%A7%80%EC%9B%90%ED%98%84%ED%99%A9&GS_BURYU_CD=JG130&JG_BURYU_CD=JG150&JG_HANGMOK_CD=59&JG_GUBUN=1&JG_YEAR2=2026&HG_NM=%EC%84%9C%EC%9A%B8%EB%82%A8%EC%82%AC%EC%B4%88%EB%93%B1%ED%95%99%EA%B5%90&SHL_IDF_CD=131614bb-a2cf-4142-8ee1-fbbdbeb10692&GS_TYPE=Y&JG_YEAR=2026&SORT=BR&CHOSEN_JG_YEAR=2026&PRE_JG_YEAR=2026&LOAD_TYPE=single,2026학년도 남사초등학교 돌봄교실 운영 계획 및 안전관리 계획.hwp / 2026학년도 남사초등학교 방과후교실 연간 운영계획(안).hwp,,,,,,,,,,
wave2_seoul,B000002320,서울상도초등학교,서울특별시,2-가 문서에서 시정표를 찾지 못함(요약본이거나 표가 이미지일 수 있음),,https://www.schoolinfo.go.kr/ei/ss/Pneiss_b01_s0.do?SHL_IDF_CD=a995ce58-82ce-4a20-87d3-6c7e27609a1b,https://www.schoolinfo.go.kr/ei/pp/Pneipp_b14_s0p.do?GS_HANGMOK_CD=14&GS_HANGMOK_NO=2-%EA%B0%80&GS_HANGMOK_NM=%ED%95%99%EA%B5%90%EA%B5%90%EC%9C%A1%EA%B3%BC%EC%A0%95+%ED%8E%B8%EC%84%B1%E3%86%8D%EC%9A%B4%EC%98%81+%EB%B0%8F+%ED%8F%89%EA%B0%80%EC%97%90+%EA%B4%80%ED%95%9C+%EC%82%AC%ED%95%AD&GS_BURYU_CD=JG100&JG_BURYU_CD=JG020&JG_HANGMOK_CD=05&JG_GUBUN=1&JG_YEAR2=2026&HG_NM=%EC%84%9C%EC%9A%B8%EC%83%81%EB%8F%84%EC%B4%88%EB%93%B1%ED%95%99%EA%B5%90&SHL_IDF_CD=a995ce58-82ce-4a20-87d3-6c7e27609a1b&GS_TYPE=Y&JG_YEAR=2026&SORT=BR&CHOSEN_JG_YEAR=2026&PRE_JG_YEAR=2026&LOAD_TYPE=single,학교교육과정 편성 운영 및 평가에 관한 사항.hwp,https://www.schoolinfo.go.kr/ei/pp/Pneipp_b73_s0p.do?GS_HANGMOK_CD=73&GS_HANGMOK_NO=15-%EB%9D%BC&GS_HANGMOK_NM=%EB%B0%A9%EA%B3%BC%ED%9B%84%ED%95%99%EA%B5%90+%EC%9A%B4%EC%98%81+%EA%B3%84%ED%9A%8D+%EB%B0%8F+%EC%9A%B4%EC%98%81%E3%86%8D%EC%A7%80%EC%9B%90%ED%98%84%ED%99%A9&GS_BURYU_CD=JG130&JG_BURYU_CD=JG150&JG_HANGMOK_CD=59&JG_GUBUN=1&JG_YEAR2=2026&HG_NM=%EC%84%9C%EC%9A%B8%EC%83%81%EB%8F%84%EC%B4%88%EB%93%B1%ED%95%99%EA%B5%90&SHL_IDF_CD=a995ce58-82ce-4a20-87d3-6c7e27609a1b&GS_TYPE=Y&JG_YEAR=2026&SORT=BR&CHOSEN_JG_YEAR=2026&PRE_JG_YEAR=2026&LOAD_TYPE=single,2026학년도 서울상도초등학교 돌봄교실 연간 운영 계획.hwp / 2026학년도 서울상도초등학교 방과후·맞춤형 프로그램 운영 계획.hwp,,,,,,,,,,
wave2_seoul,B000002321,서울보라매초등학교,서울특별시,2-가 문서에서 시정표를 찾지 못함(요약본이거나 표가 이미지일 수 있음),,https://www.schoolinfo.go.kr/ei/ss/Pneiss_b01_s0.do?SHL_IDF_CD=e7f9bf0d-e428-4f64-af79-88f3ccf759c7,https://www.schoolinfo.go.kr/ei/pp/Pneipp_b14_s0p.do?GS_HANGMOK_CD=14&GS_HANGMOK_NO=2-%EA%B0%80&GS_HANGMOK_NM=%ED%95%99%EA%B5%90%EA%B5%90%EC%9C%A1%EA%B3%BC%EC%A0%95+%ED%8E%B8%EC%84%B1%E3%86%8D%EC%9A%B4%EC%98%81+%EB%B0%8F+%ED%8F%89%EA%B0%80%EC%97%90+%EA%B4%80%ED%95%9C+%EC%82%AC%ED%95%AD&GS_BURYU_CD=JG100&JG_BURYU_CD=JG020&JG_HANGMOK_CD=05&JG_GUBUN=1&JG_YEAR2=2026&HG_NM=%EC%84%9C%EC%9A%B8%EB%B3%B4%EB%9D%BC%EB%A7%A4%EC%B4%88%EB%93%B1%ED%95%99%EA%B5%90&SHL_IDF_CD=e7f9bf0d-e428-4f64-af79-88f3ccf759c7&GS_TYPE=Y&JG_YEAR=2026&SORT=BR&CHOSEN_JG_YEAR=2026&PRE_JG_YEAR=2026&LOAD_TYPE=single,2026_보라매초 현장체험활동 계획.hwp / 2026_보라매초 학교교육과정 편성·운영·평가 계획.hwpx / 2026_보라매초 연간학사일정.hwpx,https://www.schoolinfo.go.kr/ei/pp/Pneipp_b73_s0p.do?GS_HANGMOK_CD=73&GS_HANGMOK_NO=15-%EB%9D%BC&GS_HANGMOK_NM=%EB%B0%A9%EA%B3%BC%ED%9B%84%ED%95%99%EA%B5%90+%EC%9A%B4%EC%98%81+%EA%B3%84%ED%9A%8D+%EB%B0%8F+%EC%9A%B4%EC%98%81%E3%86%8D%EC%A7%80%EC%9B%90%ED%98%84%ED%99%A9&GS_BURYU_CD=JG130&JG_BURYU_CD=JG150&JG_HANGMOK_CD=59&JG_GUBUN=1&JG_YEAR2=2026&HG_NM=%EC%84%9C%EC%9A%B8%EB%B3%B4%EB%9D%BC%EB%A7%A4%EC%B4%88%EB%93%B1%ED%95%99%EA%B5%90&SHL_IDF_CD=e7f9bf0d-e428-4f64-af79-88f3ccf759c7&GS_TYPE=Y&JG_YEAR=2026&SORT=BR&CHOSEN_JG_YEAR=2026&PRE_JG_YEAR=2026&LOAD_TYPE=single,2026학년도 보라매초등학교 돌봄교실 운영 계획(개인정보 제외).hwp / 2026학년도 보라매초등학교 방과후학교 운영 계획(개인정보 제외).hwp,,,,,,,,,,
wave2_seoul,B000002323,서울흑석초등학교,서울특별시,2-가 문서에서 시정표를 찾지 못함(요약본이거나 표가 이미지일 수 있음),,https://www.schoolinfo.go.kr/ei/ss/Pneiss_b01_s0.do?SHL_IDF_CD=4c98be39-d382-4837-851c-1fc912a61960,https://www.schoolinfo.go.kr/ei/pp/Pneipp_b14_s0p.do?GS_HANGMOK_CD=14&GS_HANGMOK_NO=2-%EA%B0%80&GS_HANGMOK_NM=%ED%95%99%EA%B5%90%EA%B5%90%EC%9C%A1%EA%B3%BC%EC%A0%95+%ED%8E%B8%EC%84%B1%E3%86%8D%EC%9A%B4%EC%98%81+%EB%B0%8F+%ED%8F%89%EA%B0%80%EC%97%90+%EA%B4%80%ED%95%9C+%EC%82%AC%ED%95%AD&GS_BURYU_CD=JG100&JG_BURYU_CD=JG020&JG_HANGMOK_CD=05&JG_GUBUN=1&JG_YEAR2=2026&HG_NM=%EC%84%9C%EC%9A%B8%ED%9D%91%EC%84%9D%EC%B4%88%EB%93%B1%ED%95%99%EA%B5%90&SHL_IDF_CD=4c98be39-d382-4837-851c-1fc912a61960&GS_TYPE=Y&JG_YEAR=2026&SORT=BR&CHOSEN_JG_YEAR=2026&PRE_JG_YEAR=2026&LOAD_TYPE=single,2026학년도 학교교육과정 편성 운영 및 평가 계획.hwp / 2026학년도 서울흑석초등학교 연간학사일정.hwp,https://www.schoolinfo.go.kr/ei/pp/Pneipp_b73_s0p.do?GS_HANGMOK_CD=73&GS_HANGMOK_NO=15-%EB%9D%BC&GS_HANGMOK_NM=%EB%B0%A9%EA%B3%BC%ED%9B%84%ED%95%99%EA%B5%90+%EC%9A%B4%EC%98%81+%EA%B3%84%ED%9A%8D+%EB%B0%8F+%EC%9A%B4%EC%98%81%E3%86%8D%EC%A7%80%EC%9B%90%ED%98%84%ED%99%A9&GS_BURYU_CD=JG130&JG_BURYU_CD=JG150&JG_HANGMOK_CD=59&JG_GUBUN=1&JG_YEAR2=2026&HG_NM=%EC%84%9C%EC%9A%B8%ED%9D%91%EC%84%9D%EC%B4%88%EB%93%B1%ED%95%99%EA%B5%90&SHL_IDF_CD=4c98be39-d382-4837-851c-1fc912a61960&GS_TYPE=Y&JG_YEAR=2026&SORT=BR&CHOSEN_JG_YEAR=2026&PRE_JG_YEAR=2026&LOAD_TYPE=single,2026학년도 돌봄교실 연간운영 및 안전관리 계획(안)_정보공시용.hwp / 2026학년도 방과후 돌봄 연간운영계획(안)_정보공시용.hwp / 2026학년도 1분기 방과후교실 운영계획(안)_정보공시용.hwp,,,,,,,,,,
wave2_seoul,B000002324,중앙대학교사범대학부속초등학교,서울특별시,2-가 첨부 없음,15-라 계획에 1학년 오후돌봄 종료 시각이 없음 (돌봄 시간 문구 없음),https://www.schoolinfo.go.kr/ei/ss/Pneiss_b01_s0.do?SHL_IDF_CD=f4d02ebb-32b1-45e0-8ca3-be54562cf34d,https://www.schoolinfo.go.kr/ei/pp/Pneipp_b14_s0p.do?GS_HANGMOK_CD=14&GS_HANGMOK_NO=2-%EA%B0%80&GS_HANGMOK_NM=%ED%95%99%EA%B5%90%EA%B5%90%EC%9C%A1%EA%B3%BC%EC%A0%95+%ED%8E%B8%EC%84%B1%E3%86%8D%EC%9A%B4%EC%98%81+%EB%B0%8F+%ED%8F%89%EA%B0%80%EC%97%90+%EA%B4%80%ED%95%9C+%EC%82%AC%ED%95%AD&GS_BURYU_CD=JG100&JG_BURYU_CD=JG020&JG_HANGMOK_CD=05&JG_GUBUN=1&JG_YEAR2=2026&HG_NM=%EC%A4%91%EC%95%99%EB%8C%80%ED%95%99%EA%B5%90%EC%82%AC%EB%B2%94%EB%8C%80%ED%95%99%EB%B6%80%EC%86%8D%EC%B4%88%EB%93%B1%ED%95%99%EA%B5%90&SHL_IDF_CD=f4d02ebb-32b1-45e0-8ca3-be54562cf34d&GS_TYPE=Y&JG_YEAR=2026&SORT=BR&CHOSEN_JG_YEAR=2026&PRE_JG_YEAR=2026&LOAD_TYPE=single,2026 중대부초 학사일정 및 교육과정.pdf,https://www.schoolinfo.go.kr/ei/pp/Pneipp_b73_s0p.do?GS_HANGMOK_CD=73&GS_HANGMOK_NO=15-%EB%9D%BC&GS_HANGMOK_NM=%EB%B0%A9%EA%B3%BC%ED%9B%84%ED%95%99%EA%B5%90+%EC%9A%B4%EC%98%81+%EA%B3%84%ED%9A%8D+%EB%B0%8F+%EC%9A%B4%EC%98%81%E3%86%8D%EC%A7%80%EC%9B%90%ED%98%84%ED%99%A9&GS_BURYU_CD=JG130&JG_BURYU_CD=JG150&JG_HANGMOK_CD=59&JG_GUBUN=1&JG_YEAR2=2026&HG_NM=%EC%A4%91%EC%95%99%EB%8C%80%ED%95%99%EA%B5%90%EC%82%AC%EB%B2%94%EB%8C%80%ED%95%99%EB%B6%80%EC%86%8D%EC%B4%88%EB%93%B1%ED%95%99%EA%B5%90&SHL_IDF_CD=f4d02ebb-32b1-45e0-8ca3-be54562cf34d&GS_TYPE=Y&JG_YEAR=2026&SORT=BR&CHOSEN_JG_YEAR=2026&PRE_JG_YEAR=2026&LOAD_TYPE=single,2026학년도 방과후학교 운영계획.hwp,,,,,,,,,,
wave2_seoul,B000002325,서울원신초등학교,서울특별시,,15-라 계획에 1학년 오후돌봄 종료 시각이 없음 (돌봄 시간 문구 없음),https://www.schoolinfo.go.kr/ei/ss/Pneiss_b01_s0.do?SHL_IDF_CD=1f21bc74-1b71-4207-ba80-b04e1cfd0705,https://www.schoolinfo.go.kr/ei/pp/Pneipp_b14_s0p.do?GS_HANGMOK_CD=14&GS_HANGMOK_NO=2-%EA%B0%80&GS_HANGMOK_NM=%ED%95%99%EA%B5%90%EA%B5%90%EC%9C%A1%EA%B3%BC%EC%A0%95+%ED%8E%B8%EC%84%B1%E3%86%8D%EC%9A%B4%EC%98%81+%EB%B0%8F+%ED%8F%89%EA%B0%80%EC%97%90+%EA%B4%80%ED%95%9C+%EC%82%AC%ED%95%AD&GS_BURYU_CD=JG100&JG_BURYU_CD=JG020&JG_HANGMOK_CD=05&JG_GUBUN=1&JG_YEAR2=2026&HG_NM=%EC%84%9C%EC%9A%B8%EC%9B%90%EC%8B%A0%EC%B4%88%EB%93%B1%ED%95%99%EA%B5%90&SHL_IDF_CD=1f21bc74-1b71-4207-ba80-b04e1cfd0705&GS_TYPE=Y&JG_YEAR=2026&SORT=BR&CHOSEN_JG_YEAR=2026&PRE_JG_YEAR=2026&LOAD_TYPE=single,(원신초) 2026학년도 학사 일정.hwpx / (원신초) 2026 학교교육과정 편성운영 계획.hwp,https://www.schoolinfo.go.kr/ei/pp/Pneipp_b73_s0p.do?GS_HANGMOK_CD=73&GS_HANGMOK_NO=15-%EB%9D%BC&GS_HANGMOK_NM=%EB%B0%A9%EA%B3%BC%ED%9B%84%ED%95%99%EA%B5%90+%EC%9A%B4%EC%98%81+%EA%B3%84%ED%9A%8D+%EB%B0%8F+%EC%9A%B4%EC%98%81%E3%86%8D%EC%A7%80%EC%9B%90%ED%98%84%ED%99%A9&GS_BURYU_CD=JG130&JG_BURYU_CD=JG150&JG_HANGMOK_CD=59&JG_GUBUN=1&JG_YEAR2=2026&HG_NM=%EC%84%9C%EC%9A%B8%EC%9B%90%EC%8B%A0%EC%B4%88%EB%93%B1%ED%95%99%EA%B5%90&SHL_IDF_CD=1f21bc74-1b71-4207-ba80-b04e1cfd0705&GS_TYPE=Y&JG_YEAR=2026&SORT=BR&CHOSEN_JG_YEAR=2026&PRE_JG_YEAR=2026&LOAD_TYPE=single,2026학년도 방과후교실 연간 운영계획(학운위 심의).hwp,,,,,,,,,,
wave2_seoul,B000002328,서울신림초등학교,서울특별시,2-가 문서에서 시정표를 찾지 못함(요약본이거나 표가 이미지일 수 있음),,https://www.schoolinfo.go.kr/ei/ss/Pneiss_b01_s0.do?SHL_IDF_CD=1afbd235-9202-4c4c-bb8b-cc53dc543f8d,https://www.schoolinfo.go.kr/ei/pp/Pneipp_b14_s0p.do?GS_HANGMOK_CD=14&GS_HANGMOK_NO=2-%EA%B0%80&GS_HANGMOK_NM=%ED%95%99%EA%B5%90%EA%B5%90%EC%9C%A1%EA%B3%BC%EC%A0%95+%ED%8E%B8%EC%84%B1%E3%86%8D%EC%9A%B4%EC%98%81+%EB%B0%8F+%ED%8F%89%EA%B0%80%EC%97%90+%EA%B4%80%ED%95%9C+%EC%82%AC%ED%95%AD&GS_BURYU_CD=JG100&JG_BURYU_CD=JG020&JG_HANGMOK_CD=05&JG_GUBUN=1&JG_YEAR2=2026&HG_NM=%EC%84%9C%EC%9A%B8%EC%8B%A0%EB%A6%BC%EC%B4%88%EB%93%B1%ED%95%99%EA%B5%90&SHL_IDF_CD=1afbd235-9202-4c4c-bb8b-cc53dc543f8d&GS_TYPE=Y&JG_YEAR=2026&SORT=BR&CHOSEN_JG_YEAR=2026&PRE_JG_YEAR=2026&LOAD_TYPE=single,2026학년도 서울신림초등학교 학교교육과정 편성 운영 및 평가 계획.hwp,https://www.schoolinfo.go.kr/ei/pp/Pneipp_b73_s0p.do?GS_HANGMOK_CD=73&GS_HANGMOK_NO=15-%EB%9D%BC&GS_HANGMOK_NM=%EB%B0%A9%EA%B3%BC%ED%9B%84%ED%95%99%EA%B5%90+%EC%9A%B4%EC%98%81+%EA%B3%84%ED%9A%8D+%EB%B0%8F+%EC%9A%B4%EC%98%81%E3%86%8D%EC%A7%80%EC%9B%90%ED%98%84%ED%99%A9&GS_BURYU_CD=JG130&JG_BURYU_CD=JG150&JG_HANGMOK_CD=59&JG_GUBUN=1&JG_YEAR2=2026&HG_NM=%EC%84%9C%EC%9A%B8%EC%8B%A0%EB%A6%BC%EC%B4%88%EB%93%B1%ED%95%99%EA%B5%90&SHL_IDF_CD=1afbd235-9202-4c4c-bb8b-cc53dc543f8d&GS_TYPE=Y&JG_YEAR=2026&SORT=BR&CHOSEN_JG_YEAR=2026&PRE_JG_YEAR=2026&LOAD_TYPE=single,(학운위)2026학년도 초등돌봄교실 연간 운영계획(안).hwpx / (학운위)2026학년도 방과후·맞춤형 교실 연간운영계획(안).hwp,,,,,,,,,,
wave2_seoul,B000002331,서울삼성초등학교,서울특별시,2-가 문서에서 시정표를 찾지 못함(요약본이거나 표가 이미지일 수 있음),,https://www.schoolinfo.go.kr/ei/ss/Pneiss_b01_s0.do?SHL_IDF_CD=09e26556-3b4c-48c9-837d-4d9acfaf0d73,https://www.schoolinfo.go.kr/ei/pp/Pneipp_b14_s0p.do?GS_HANGMOK_CD=14&GS_HANGMOK_NO=2-%EA%B0%80&GS_HANGMOK_NM=%ED%95%99%EA%B5%90%EA%B5%90%EC%9C%A1%EA%B3%BC%EC%A0%95+%ED%8E%B8%EC%84%B1%E3%86%8D%EC%9A%B4%EC%98%81+%EB%B0%8F+%ED%8F%89%EA%B0%80%EC%97%90+%EA%B4%80%ED%95%9C+%EC%82%AC%ED%95%AD&GS_BURYU_CD=JG100&JG_BURYU_CD=JG020&JG_HANGMOK_CD=05&JG_GUBUN=1&JG_YEAR2=2026&HG_NM=%EC%84%9C%EC%9A%B8%EC%82%BC%EC%84%B1%EC%B4%88%EB%93%B1%ED%95%99%EA%B5%90&SHL_IDF_CD=09e26556-3b4c-48c9-837d-4d9acfaf0d73&GS_TYPE=Y&JG_YEAR=2026&SORT=BR&CHOSEN_JG_YEAR=2026&PRE_JG_YEAR=2026&LOAD_TYPE=single,2026학년도 삼성초 학교교육과정 편성·운영·평가 계획.hwpx / 2026학년도 삼성초 연간학사일정.hwpx,https://www.schoolinfo.go.kr/ei/pp/Pneipp_b73_s0p.do?GS_HANGMOK_CD=73&GS_HANGMOK_NO=15-%EB%9D%BC&GS_HANGMOK_NM=%EB%B0%A9%EA%B3%BC%ED%9B%84%ED%95%99%EA%B5%90+%EC%9A%B4%EC%98%81+%EA%B3%84%ED%9A%8D+%EB%B0%8F+%EC%9A%B4%EC%98%81%E3%86%8D%EC%A7%80%EC%9B%90%ED%98%84%ED%99%A9&GS_BURYU_CD=JG130&JG_BURYU_CD=JG150&JG_HANGMOK_CD=59&JG_GUBUN=1&JG_YEAR2=2026&HG_NM=%EC%84%9C%EC%9A%B8%EC%82%BC%EC%84%B1%EC%B4%88%EB%93%B1%ED%95%99%EA%B5%90&SHL_IDF_CD=09e26556-3b4c-48c9-837d-4d9acfaf0d73&GS_TYPE=Y&JG_YEAR=2026&SORT=BR&CHOSEN_JG_YEAR=2026&PRE_JG_YEAR=2026&LOAD_TYPE=single,2026학년도 돌봄교실 운영 계획.hwp / 2026학년도 방과후  운영 계획(안).hwp,,,,,,,,,,
wave2_seoul,B000002332,서울미성초등학교,서울특별시,2-가 문서에서 시정표를 찾지 못함(요약본이거나 표가 이미지일 수 있음),,https://www.schoolinfo.go.kr/ei/ss/Pneiss_b01_s0.do?SHL_IDF_CD=89262b68-6412-43c5-8e9b-eeba4ec20d1d,https://www.schoolinfo.go.kr/ei/pp/Pneipp_b14_s0p.do?GS_HANGMOK_CD=14&GS_HANGMOK_NO=2-%EA%B0%80&GS_HANGMOK_NM=%ED%95%99%EA%B5%90%EA%B5%90%EC%9C%A1%EA%B3%BC%EC%A0%95+%ED%8E%B8%EC%84%B1%E3%86%8D%EC%9A%B4%EC%98%81+%EB%B0%8F+%ED%8F%89%EA%B0%80%EC%97%90+%EA%B4%80%ED%95%9C+%EC%82%AC%ED%95%AD&GS_BURYU_CD=JG100&JG_BURYU_CD=JG020&JG_HANGMOK_CD=05&JG_GUBUN=1&JG_YEAR2=2026&HG_NM=%EC%84%9C%EC%9A%B8%EB%AF%B8%EC%84%B1%EC%B4%88%EB%93%B1%ED%95%99%EA%B5%90&SHL_IDF_CD=89262b68-6412-43c5-8e9b-eeba4ec20d1d&GS_TYPE=Y&JG_YEAR=2026&SORT=BR&CHOSEN_JG_YEAR=2026&PRE_JG_YEAR=2026&LOAD_TYPE=single,(서울미성초) 2026 학교교육과정 편성.운영.평가 계획.pdf / (서울미성초) 2026 연간 학사일정.pdf,https://www.schoolinfo.go.kr/ei/pp/Pneipp_b73_s0p.do?GS_HANGMOK_CD=73&GS_HANGMOK_NO=15-%EB%9D%BC&GS_HANGMOK_NM=%EB%B0%A9%EA%B3%BC%ED%9B%84%ED%95%99%EA%B5%90+%EC%9A%B4%EC%98%81+%EA%B3%84%ED%9A%8D+%EB%B0%8F+%EC%9A%B4%EC%98%81%E3%86%8D%EC%A7%80%EC%9B%90%ED%98%84%ED%99%A9&GS_BURYU_CD=JG130&JG_BURYU_CD=JG150&JG_HANGMOK_CD=59&JG_GUBUN=1&JG_YEAR2=2026&HG_NM=%EC%84%9C%EC%9A%B8%EB%AF%B8%EC%84%B1%EC%B4%88%EB%93%B1%ED%95%99%EA%B5%90&SHL_IDF_CD=89262b68-6412-43c5-8e9b-eeba4ec20d1d&GS_TYPE=Y&JG_YEAR=2026&SORT=BR&CHOSEN_JG_YEAR=2026&PRE_JG_YEAR=2026&LOAD_TYPE=single,2026학년도 서울미성초등학교 초등돌봄교실 운영 계획.hwp / 2026학년도 서울미성초등학교 방과후학교 운영 계획.hwpx,,,,,,,,,,
wave2_seoul,B000002333,서울봉현초등학교,서울특별시,,15-라 계획에 1학년 오후돌봄 종료 시각이 없음 (돌봄 종료 시각 문구 없음),https://www.schoolinfo.go.kr/ei/ss/Pneiss_b01_s0.do?SHL_IDF_CD=cd6e2654-aea7-4d4c-877d-afb7422f9489,https://www.schoolinfo.go.kr/ei/pp/Pneipp_b14_s0p.do?GS_HANGMOK_CD=14&GS_HANGMOK_NO=2-%EA%B0%80&GS_HANGMOK_NM=%ED%95%99%EA%B5%90%EA%B5%90%EC%9C%A1%EA%B3%BC%EC%A0%95+%ED%8E%B8%EC%84%B1%E3%86%8D%EC%9A%B4%EC%98%81+%EB%B0%8F+%ED%8F%89%EA%B0%80%EC%97%90+%EA%B4%80%ED%95%9C+%EC%82%AC%ED%95%AD&GS_BURYU_CD=JG100&JG_BURYU_CD=JG020&JG_HANGMOK_CD=05&JG_GUBUN=1&JG_YEAR2=2026&HG_NM=%EC%84%9C%EC%9A%B8%EB%B4%89%ED%98%84%EC%B4%88%EB%93%B1%ED%95%99%EA%B5%90&SHL_IDF_CD=cd6e2654-aea7-4d4c-877d-afb7422f9489&GS_TYPE=Y&JG_YEAR=2026&SORT=BR&CHOSEN_JG_YEAR=2026&PRE_JG_YEAR=2026&LOAD_TYPE=single,2026학년도 OO초 학교교육과정 편성운영평가 게획.pdf,https://www.schoolinfo.go.kr/ei/pp/Pneipp_b73_s0p.do?GS_HANGMOK_CD=73&GS_HANGMOK_NO=15-%EB%9D%BC&GS_HANGMOK_NM=%EB%B0%A9%EA%B3%BC%ED%9B%84%ED%95%99%EA%B5%90+%EC%9A%B4%EC%98%81+%EA%B3%84%ED%9A%8D+%EB%B0%8F+%EC%9A%B4%EC%98%81%E3%86%8D%EC%A7%80%EC%9B%90%ED%98%84%ED%99%A9&GS_BURYU_CD=JG130&JG_BURYU_CD=JG150&JG_HANGMOK_CD=59&JG_GUBUN=1&JG_YEAR2=2026&HG_NM=%EC%84%9C%EC%9A%B8%EB%B4%89%ED%98%84%EC%B4%88%EB%93%B1%ED%95%99%EA%B5%90&SHL_IDF_CD=cd6e2654-aea7-4d4c-877d-afb7422f9489&GS_TYPE=Y&JG_YEAR=2026&SORT=BR&CHOSEN_JG_YEAR=2026&PRE_JG_YEAR=2026&LOAD_TYPE=single,2026학년도 서울봉현초 방과후·맞춤형학교 운영현황(260430).hwpx / 2025학년도 방과후학교 자유수강권 지원 실적.xlsx / 2026학년도 서울봉현초 방과후·맞춤형학교 업체위탁 연간운영계획.hwpx,,,,,,,,,,
wave2_seoul,B000002334,서울청룡초등학교,서울특별시,2-가 문서에서 시정표를 찾지 못함(요약본이거나 표가 이미지일 수 있음),,https://www.schoolinfo.go.kr/ei/ss/Pneiss_b01_s0.do?SHL_IDF_CD=902767b2-c76d-4eeb-aa3e-8009aed87640,https://www.schoolinfo.go.kr/ei/pp/Pneipp_b14_s0p.do?GS_HANGMOK_CD=14&GS_HANGMOK_NO=2-%EA%B0%80&GS_HANGMOK_NM=%ED%95%99%EA%B5%90%EA%B5%90%EC%9C%A1%EA%B3%BC%EC%A0%95+%ED%8E%B8%EC%84%B1%E3%86%8D%EC%9A%B4%EC%98%81+%EB%B0%8F+%ED%8F%89%EA%B0%80%EC%97%90+%EA%B4%80%ED%95%9C+%EC%82%AC%ED%95%AD&GS_BURYU_CD=JG100&JG_BURYU_CD=JG020&JG_HANGMOK_CD=05&JG_GUBUN=1&JG_YEAR2=2026&HG_NM=%EC%84%9C%EC%9A%B8%EC%B2%AD%EB%A3%A1%EC%B4%88%EB%93%B1%ED%95%99%EA%B5%90&SHL_IDF_CD=902767b2-c76d-4eeb-aa3e-8009aed87640&GS_TYPE=Y&JG_YEAR=2026&SORT=BR&CHOSEN_JG_YEAR=2026&PRE_JG_YEAR=2026&LOAD_TYPE=single,2026학년도 서울청룡초 학교교육과정 편성·운영·평가 계획.hwp / 2026학년도 서울청룡 연간학사일정.hwp,https://www.schoolinfo.go.kr/ei/pp/Pneipp_b73_s0p.do?GS_HANGMOK_CD=73&GS_HANGMOK_NO=15-%EB%9D%BC&GS_HANGMOK_NM=%EB%B0%A9%EA%B3%BC%ED%9B%84%ED%95%99%EA%B5%90+%EC%9A%B4%EC%98%81+%EA%B3%84%ED%9A%8D+%EB%B0%8F+%EC%9A%B4%EC%98%81%E3%86%8D%EC%A7%80%EC%9B%90%ED%98%84%ED%99%A9&GS_BURYU_CD=JG130&JG_BURYU_CD=JG150&JG_HANGMOK_CD=59&JG_GUBUN=1&JG_YEAR2=2026&HG_NM=%EC%84%9C%EC%9A%B8%EC%B2%AD%EB%A3%A1%EC%B4%88%EB%93%B1%ED%95%99%EA%B5%90&SHL_IDF_CD=902767b2-c76d-4eeb-aa3e-8009aed87640&GS_TYPE=Y&JG_YEAR=2026&SORT=BR&CHOSEN_JG_YEAR=2026&PRE_JG_YEAR=2026&LOAD_TYPE=single,2026학년도 돌봄교실 연간운영계획.hwp / 2026학년도 방과후교실 연간운영계획.hwp,,,,,,,,,,
wave2_seoul,B000002335,서울봉천초등학교,서울특별시,2-가 문서에서 시정표를 찾지 못함(요약본이거나 표가 이미지일 수 있음),,https://www.schoolinfo.go.kr/ei/ss/Pneiss_b01_s0.do?SHL_IDF_CD=8d947883-1d29-43ac-8e55-7bafeb9feac6,https://www.schoolinfo.go.kr/ei/pp/Pneipp_b14_s0p.do?GS_HANGMOK_CD=14&GS_HANGMOK_NO=2-%EA%B0%80&GS_HANGMOK_NM=%ED%95%99%EA%B5%90%EA%B5%90%EC%9C%A1%EA%B3%BC%EC%A0%95+%ED%8E%B8%EC%84%B1%E3%86%8D%EC%9A%B4%EC%98%81+%EB%B0%8F+%ED%8F%89%EA%B0%80%EC%97%90+%EA%B4%80%ED%95%9C+%EC%82%AC%ED%95%AD&GS_BURYU_CD=JG100&JG_BURYU_CD=JG020&JG_HANGMOK_CD=05&JG_GUBUN=1&JG_YEAR2=2026&HG_NM=%EC%84%9C%EC%9A%B8%EB%B4%89%EC%B2%9C%EC%B4%88%EB%93%B1%ED%95%99%EA%B5%90&SHL_IDF_CD=8d947883-1d29-43ac-8e55-7bafeb9feac6&GS_TYPE=Y&JG_YEAR=2026&SORT=BR&CHOSEN_JG_YEAR=2026&PRE_JG_YEAR=2026&LOAD_TYPE=single,2026학년도 봉천초 연간학사일정.hwpx / 2026학년도 봉천초 학교교육과정 편성·운영·평가 계획.hwpx,https://www.schoolinfo.go.kr/ei/pp/Pneipp_b73_s0p.do?GS_HANGMOK_CD=73&GS_HANGMOK_NO=15-%EB%9D%BC&GS_HANGMOK_NM=%EB%B0%A9%EA%B3%BC%ED%9B%84%ED%95%99%EA%B5%90+%EC%9A%B4%EC%98%81+%EA%B3%84%ED%9A%8D+%EB%B0%8F+%EC%9A%B4%EC%98%81%E3%86%8D%EC%A7%80%EC%9B%90%ED%98%84%ED%99%A9&GS_BURYU_CD=JG130&JG_BURYU_CD=JG150&JG_HANGMOK_CD=59&JG_GUBUN=1&JG_YEAR2=2026&HG_NM=%EC%84%9C%EC%9A%B8%EB%B4%89%EC%B2%9C%EC%B4%88%EB%93%B1%ED%95%99%EA%B5%90&SHL_IDF_CD=8d947883-1d29-43ac-8e55-7bafeb9feac6&GS_TYPE=Y&JG_YEAR=2026&SORT=BR&CHOSEN_JG_YEAR=2026&PRE_JG_YEAR=2026&LOAD_TYPE=single,"2026학년도 초등돌봄교실 운영 및 안전관리 계획.hwp / 2026학년도 봉천초등학교 방과후,맞춤형교실 위탁업체 선정 및 연간운영계획.hwp",,,,,,,,,,
wave2_seoul,B000002336,서울원당초등학교,서울특별시,2-가 문서에서 시정표를 찾지 못함(요약본이거나 표가 이미지일 수 있음),,https://www.schoolinfo.go.kr/ei/ss/Pneiss_b01_s0.do?SHL_IDF_CD=bbe829c9-85b0-42a6-9f3c-3bde45a165b3,https://www.schoolinfo.go.kr/ei/pp/Pneipp_b14_s0p.do?GS_HANGMOK_CD=14&GS_HANGMOK_NO=2-%EA%B0%80&GS_HANGMOK_NM=%ED%95%99%EA%B5%90%EA%B5%90%EC%9C%A1%EA%B3%BC%EC%A0%95+%ED%8E%B8%EC%84%B1%E3%86%8D%EC%9A%B4%EC%98%81+%EB%B0%8F+%ED%8F%89%EA%B0%80%EC%97%90+%EA%B4%80%ED%95%9C+%EC%82%AC%ED%95%AD&GS_BURYU_CD=JG100&JG_BURYU_CD=JG020&JG_HANGMOK_CD=05&JG_GUBUN=1&JG_YEAR2=2026&HG_NM=%EC%84%9C%EC%9A%B8%EC%9B%90%EB%8B%B9%EC%B4%88%EB%93%B1%ED%95%99%EA%B5%90&SHL_IDF_CD=bbe829c9-85b0-42a6-9f3c-3bde45a165b3&GS_TYPE=Y&JG_YEAR=2026&SORT=BR&CHOSEN_JG_YEAR=2026&PRE_JG_YEAR=2026&LOAD_TYPE=single,2026학년도 원당초 학교교육과정 편성 운영 평가계획.hwp,https://www.schoolinfo.go.kr/ei/pp/Pneipp_b73_s0p.do?GS_HANGMOK_CD=73&GS_HANGMOK_NO=15-%EB%9D%BC&GS_HANGMOK_NM=%EB%B0%A9%EA%B3%BC%ED%9B%84%ED%95%99%EA%B5%90+%EC%9A%B4%EC%98%81+%EA%B3%84%ED%9A%8D+%EB%B0%8F+%EC%9A%B4%EC%98%81%E3%86%8D%EC%A7%80%EC%9B%90%ED%98%84%ED%99%A9&GS_BURYU_CD=JG130&JG_BURYU_CD=JG150&JG_HANGMOK_CD=59&JG_GUBUN=1&JG_YEAR2=2026&HG_NM=%EC%84%9C%EC%9A%B8%EC%9B%90%EB%8B%B9%EC%B4%88%EB%93%B1%ED%95%99%EA%B5%90&SHL_IDF_CD=bbe829c9-85b0-42a6-9f3c-3bde45a165b3&GS_TYPE=Y&JG_YEAR=2026&SORT=BR&CHOSEN_JG_YEAR=2026&PRE_JG_YEAR=2026&LOAD_TYPE=single,2026학년도 원당초 초등돌봄교실 운영 및 안전계획.pdf / 2026학년도 원당초 방과후.맞춤형 프로그램 연간운영계획.pdf,,,,,,,,,,
wave2_seoul,B000002337,서울사당초등학교,서울특별시,2-가 문서에서 시정표를 찾지 못함(요약본이거나 표가 이미지일 수 있음),,https://www.schoolinfo.go.kr/ei/ss/Pneiss_b01_s0.do?SHL_IDF_CD=bd8a6e2a-8e09-4f3d-bbaa-b4b7f3c1babc,https://www.schoolinfo.go.kr/ei/pp/Pneipp_b14_s0p.do?GS_HANGMOK_CD=14&GS_HANGMOK_NO=2-%EA%B0%80&GS_HANGMOK_NM=%ED%95%99%EA%B5%90%EA%B5%90%EC%9C%A1%EA%B3%BC%EC%A0%95+%ED%8E%B8%EC%84%B1%E3%86%8D%EC%9A%B4%EC%98%81+%EB%B0%8F+%ED%8F%89%EA%B0%80%EC%97%90+%EA%B4%80%ED%95%9C+%EC%82%AC%ED%95%AD&GS_BURYU_CD=JG100&JG_BURYU_CD=JG020&JG_HANGMOK_CD=05&JG_GUBUN=1&JG_YEAR2=2026&HG_NM=%EC%84%9C%EC%9A%B8%EC%82%AC%EB%8B%B9%EC%B4%88%EB%93%B1%ED%95%99%EA%B5%90&SHL_IDF_CD=bd8a6e2a-8e09-4f3d-bbaa-b4b7f3c1babc&GS_TYPE=Y&JG_YEAR=2026&SORT=BR&CHOSEN_JG_YEAR=2026&PRE_JG_YEAR=2026&LOAD_TYPE=single,2026학년도 서울사당초 학교교육과정 편성운영평가계획.pdf / 2026학년도 서울사당초 연간학사일정.pdf,https://www.schoolinfo.go.kr/ei/pp/Pneipp_b73_s0p.do?GS_HANGMOK_CD=73&GS_HANGMOK_NO=15-%EB%9D%BC&GS_HANGMOK_NM=%EB%B0%A9%EA%B3%BC%ED%9B%84%ED%95%99%EA%B5%90+%EC%9A%B4%EC%98%81+%EA%B3%84%ED%9A%8D+%EB%B0%8F+%EC%9A%B4%EC%98%81%E3%86%8D%EC%A7%80%EC%9B%90%ED%98%84%ED%99%A9&GS_BURYU_CD=JG130&JG_BURYU_CD=JG150&JG_HANGMOK_CD=59&JG_GUBUN=1&JG_YEAR2=2026&HG_NM=%EC%84%9C%EC%9A%B8%EC%82%AC%EB%8B%B9%EC%B4%88%EB%93%B1%ED%95%99%EA%B5%90&SHL_IDF_CD=bd8a6e2a-8e09-4f3d-bbaa-b4b7f3c1babc&GS_TYPE=Y&JG_YEAR=2026&SORT=BR&CHOSEN_JG_YEAR=2026&PRE_JG_YEAR=2026&LOAD_TYPE=single,2026학년도 초등돌봄교실 연간 운영계획.pdf / 2026학년도 사당초등학교 맞춤형 방과후 학교 운영 계획.hwp,,,,,,,,,,
wave2_seoul,B000002339,서울당곡초등학교,서울특별시,2-가 문서에서 시정표를 찾지 못함(요약본이거나 표가 이미지일 수 있음),,https://www.schoolinfo.go.kr/ei/ss/Pneiss_b01_s0.do?SHL_IDF_CD=7e9b12e3-4c89-4d72-8b17-71a59bafe0f5,https://www.schoolinfo.go.kr/ei/pp/Pneipp_b14_s0p.do?GS_HANGMOK_CD=14&GS_HANGMOK_NO=2-%EA%B0%80&GS_HANGMOK_NM=%ED%95%99%EA%B5%90%EA%B5%90%EC%9C%A1%EA%B3%BC%EC%A0%95+%ED%8E%B8%EC%84%B1%E3%86%8D%EC%9A%B4%EC%98%81+%EB%B0%8F+%ED%8F%89%EA%B0%80%EC%97%90+%EA%B4%80%ED%95%9C+%EC%82%AC%ED%95%AD&GS_BURYU_CD=JG100&JG_BURYU_CD=JG020&JG_HANGMOK_CD=05&JG_GUBUN=1&JG_YEAR2=2026&HG_NM=%EC%84%9C%EC%9A%B8%EB%8B%B9%EA%B3%A1%EC%B4%88%EB%93%B1%ED%95%99%EA%B5%90&SHL_IDF_CD=7e9b12e3-4c89-4d72-8b17-71a59bafe0f5&GS_TYPE=Y&JG_YEAR=2026&SORT=BR&CHOSEN_JG_YEAR=2026&PRE_JG_YEAR=2026&LOAD_TYPE=single,"(2-가) 2026학년도 당곡초 학교교육과정 편성,운영,평가 계획.hwp / (2-가) 2026학년도 당곡초 연간학사일정.hwp",https://www.schoolinfo.go.kr/ei/pp/Pneipp_b73_s0p.do?GS_HANGMOK_CD=73&GS_HANGMOK_NO=15-%EB%9D%BC&GS_HANGMOK_NM=%EB%B0%A9%EA%B3%BC%ED%9B%84%ED%95%99%EA%B5%90+%EC%9A%B4%EC%98%81+%EA%B3%84%ED%9A%8D+%EB%B0%8F+%EC%9A%B4%EC%98%81%E3%86%8D%EC%A7%80%EC%9B%90%ED%98%84%ED%99%A9&GS_BURYU_CD=JG130&JG_BURYU_CD=JG150&JG_HANGMOK_CD=59&JG_GUBUN=1&JG_YEAR2=2026&HG_NM=%EC%84%9C%EC%9A%B8%EB%8B%B9%EA%B3%A1%EC%B4%88%EB%93%B1%ED%95%99%EA%B5%90&SHL_IDF_CD=7e9b12e3-4c89-4d72-8b17-71a59bafe0f5&GS_TYPE=Y&JG_YEAR=2026&SORT=BR&CHOSEN_JG_YEAR=2026&PRE_JG_YEAR=2026&LOAD_TYPE=single,"2026학년도 당곡초 초등돌봄교실 운영계획.hwp / 2026학년도 서울당곡초등학교 방과후학교(맞춤형,방과후교실) 운영 계획.hwp",,,,,,,,,,
wave2_seoul,B000002340,서울신봉초등학교,서울특별시,2-가 문서에서 시정표를 찾지 못함(요약본이거나 표가 이미지일 수 있음),,https://www.schoolinfo.go.kr/ei/ss/Pneiss_b01_s0.do?SHL_IDF_CD=6621e3d5-096a-4f78-9ef2-0998edb10155,https://www.schoolinfo.go.kr/ei/pp/Pneipp_b14_s0p.do?GS_HANGMOK_CD=14&GS_HANGMOK_NO=2-%EA%B0%80&GS_HANGMOK_NM=%ED%95%99%EA%B5%90%EA%B5%90%EC%9C%A1%EA%B3%BC%EC%A0%95+%ED%8E%B8%EC%84%B1%E3%86%8D%EC%9A%B4%EC%98%81+%EB%B0%8F+%ED%8F%89%EA%B0%80%EC%97%90+%EA%B4%80%ED%95%9C+%EC%82%AC%ED%95%AD&GS_BURYU_CD=JG100&JG_BURYU_CD=JG020&JG_HANGMOK_CD=05&JG_GUBUN=1&JG_YEAR2=2026&HG_NM=%EC%84%9C%EC%9A%B8%EC%8B%A0%EB%B4%89%EC%B4%88%EB%93%B1%ED%95%99%EA%B5%90&SHL_IDF_CD=6621e3d5-096a-4f78-9ef2-0998edb10155&GS_TYPE=Y&JG_YEAR=2026&SORT=BR&CHOSEN_JG_YEAR=2026&PRE_JG_YEAR=2026&LOAD_TYPE=single,"2-가 학교교육과정 편성,운영 및 평가에 관한 사항(변경).hwpx",https://www.schoolinfo.go.kr/ei/pp/Pneipp_b73_s0p.do?GS_HANGMOK_CD=73&GS_HANGMOK_NO=15-%EB%9D%BC&GS_HANGMOK_NM=%EB%B0%A9%EA%B3%BC%ED%9B%84%ED%95%99%EA%B5%90+%EC%9A%B4%EC%98%81+%EA%B3%84%ED%9A%8D+%EB%B0%8F+%EC%9A%B4%EC%98%81%E3%86%8D%EC%A7%80%EC%9B%90%ED%98%84%ED%99%A9&GS_BURYU_CD=JG130&JG_BURYU_CD=JG150&JG_HANGMOK_CD=59&JG_GUBUN=1&JG_YEAR2=2026&HG_NM=%EC%84%9C%EC%9A%B8%EC%8B%A0%EB%B4%89%EC%B4%88%EB%93%B1%ED%95%99%EA%B5%90&SHL_IDF_CD=6621e3d5-096a-4f78-9ef2-0998edb10155&GS_TYPE=Y&JG_YEAR=2026&SORT=BR&CHOSEN_JG_YEAR=2026&PRE_JG_YEAR=2026&LOAD_TYPE=single,2026학년도 서울신봉초등학교 돌봄교실 운영계획.hwp / 2026학년도 서울신봉초등학교 방과후·맞춤형교실 운영계획.hwp,,,,,,,,,,
wave2_seoul,B000002341,서울구암초등학교,서울특별시,시정표 제목만 있고 표 글자가 없음(이미지 표 가능),15-라 계획에 1학년 오후돌봄 종료 시각이 없음,https://www.schoolinfo.go.kr/ei/ss/Pneiss_b01_s0.do?SHL_IDF_CD=ff4f70ad-3ed2-4a71-9133-e2ed269de57d,https://www.schoolinfo.go.kr/ei/pp/Pneipp_b14_s0p.do?GS_HANGMOK_CD=14&GS_HANGMOK_NO=2-%EA%B0%80&GS_HANGMOK_NM=%ED%95%99%EA%B5%90%EA%B5%90%EC%9C%A1%EA%B3%BC%EC%A0%95+%ED%8E%B8%EC%84%B1%E3%86%8D%EC%9A%B4%EC%98%81+%EB%B0%8F+%ED%8F%89%EA%B0%80%EC%97%90+%EA%B4%80%ED%95%9C+%EC%82%AC%ED%95%AD&GS_BURYU_CD=JG100&JG_BURYU_CD=JG020&JG_HANGMOK_CD=05&JG_GUBUN=1&JG_YEAR2=2026&HG_NM=%EC%84%9C%EC%9A%B8%EA%B5%AC%EC%95%94%EC%B4%88%EB%93%B1%ED%95%99%EA%B5%90&SHL_IDF_CD=ff4f70ad-3ed2-4a71-9133-e2ed269de57d&GS_TYPE=Y&JG_YEAR=2026&SORT=BR&CHOSEN_JG_YEAR=2026&PRE_JG_YEAR=2026&LOAD_TYPE=single,2026학년도 구암초 연간학사일정.pdf / 2026학년도 구암초 학교교육과정 편성·운영·평가 계획.pdf,https://www.schoolinfo.go.kr/ei/pp/Pneipp_b73_s0p.do?GS_HANGMOK_CD=73&GS_HANGMOK_NO=15-%EB%9D%BC&GS_HANGMOK_NM=%EB%B0%A9%EA%B3%BC%ED%9B%84%ED%95%99%EA%B5%90+%EC%9A%B4%EC%98%81+%EA%B3%84%ED%9A%8D+%EB%B0%8F+%EC%9A%B4%EC%98%81%E3%86%8D%EC%A7%80%EC%9B%90%ED%98%84%ED%99%A9&GS_BURYU_CD=JG130&JG_BURYU_CD=JG150&JG_HANGMOK_CD=59&JG_GUBUN=1&JG_YEAR2=2026&HG_NM=%EC%84%9C%EC%9A%B8%EA%B5%AC%EC%95%94%EC%B4%88%EB%93%B1%ED%95%99%EA%B5%90&SHL_IDF_CD=ff4f70ad-3ed2-4a71-9133-e2ed269de57d&GS_TYPE=Y&JG_YEAR=2026&SORT=BR&CHOSEN_JG_YEAR=2026&PRE_JG_YEAR=2026&LOAD_TYPE=single,2026학년도 방과후 및 맞춤형교실 연간운영계획(안).hwp,,,,,,,,,,
wave2_seoul,B000002342,서울은천초등학교,서울특별시,2-가 문서에서 시정표를 찾지 못함(요약본이거나 표가 이미지일 수 있음),,https://www.schoolinfo.go.kr/ei/ss/Pneiss_b01_s0.do?SHL_IDF_CD=6be6c315-7846-45ef-b727-a8e54fe97210,https://www.schoolinfo.go.kr/ei/pp/Pneipp_b14_s0p.do?GS_HANGMOK_CD=14&GS_HANGMOK_NO=2-%EA%B0%80&GS_HANGMOK_NM=%ED%95%99%EA%B5%90%EA%B5%90%EC%9C%A1%EA%B3%BC%EC%A0%95+%ED%8E%B8%EC%84%B1%E3%86%8D%EC%9A%B4%EC%98%81+%EB%B0%8F+%ED%8F%89%EA%B0%80%EC%97%90+%EA%B4%80%ED%95%9C+%EC%82%AC%ED%95%AD&GS_BURYU_CD=JG100&JG_BURYU_CD=JG020&JG_HANGMOK_CD=05&JG_GUBUN=1&JG_YEAR2=2026&HG_NM=%EC%84%9C%EC%9A%B8%EC%9D%80%EC%B2%9C%EC%B4%88%EB%93%B1%ED%95%99%EA%B5%90&SHL_IDF_CD=6be6c315-7846-45ef-b727-a8e54fe97210&GS_TYPE=Y&JG_YEAR=2026&SORT=BR&CHOSEN_JG_YEAR=2026&PRE_JG_YEAR=2026&LOAD_TYPE=single,2026학년도 학교교육과정 편성 운영 및 평가 계획.hwpx,https://www.schoolinfo.go.kr/ei/pp/Pneipp_b73_s0p.do?GS_HANGMOK_CD=73&GS_HANGMOK_NO=15-%EB%9D%BC&GS_HANGMOK_NM=%EB%B0%A9%EA%B3%BC%ED%9B%84%ED%95%99%EA%B5%90+%EC%9A%B4%EC%98%81+%EA%B3%84%ED%9A%8D+%EB%B0%8F+%EC%9A%B4%EC%98%81%E3%86%8D%EC%A7%80%EC%9B%90%ED%98%84%ED%99%A9&GS_BURYU_CD=JG130&JG_BURYU_CD=JG150&JG_HANGMOK_CD=59&JG_GUBUN=1&JG_YEAR2=2026&HG_NM=%EC%84%9C%EC%9A%B8%EC%9D%80%EC%B2%9C%EC%B4%88%EB%93%B1%ED%95%99%EA%B5%90&SHL_IDF_CD=6be6c315-7846-45ef-b727-a8e54fe97210&GS_TYPE=Y&JG_YEAR=2026&SORT=BR&CHOSEN_JG_YEAR=2026&PRE_JG_YEAR=2026&LOAD_TYPE=single,2026학년도 은천초 돌봄교실 운영계획.hwp / 2026학년도 은천초 방과후학교 운영계획.hwp,,,,,,,,,,
wave2_seoul,B000002343,서울관악초등학교,서울특별시,2-가 문서에서 시정표를 찾지 못함(요약본이거나 표가 이미지일 수 있음),15-라 계획에 1학년 오후돌봄 종료 시각이 없음,https://www.schoolinfo.go.kr/ei/ss/Pneiss_b01_s0.do?SHL_IDF_CD=320a388c-8098-421a-811a-03254ffbe06e,https://www.schoolinfo.go.kr/ei/pp/Pneipp_b14_s0p.do?GS_HANGMOK_CD=14&GS_HANGMOK_NO=2-%EA%B0%80&GS_HANGMOK_NM=%ED%95%99%EA%B5%90%EA%B5%90%EC%9C%A1%EA%B3%BC%EC%A0%95+%ED%8E%B8%EC%84%B1%E3%86%8D%EC%9A%B4%EC%98%81+%EB%B0%8F+%ED%8F%89%EA%B0%80%EC%97%90+%EA%B4%80%ED%95%9C+%EC%82%AC%ED%95%AD&GS_BURYU_CD=JG100&JG_BURYU_CD=JG020&JG_HANGMOK_CD=05&JG_GUBUN=1&JG_YEAR2=2026&HG_NM=%EC%84%9C%EC%9A%B8%EA%B4%80%EC%95%85%EC%B4%88%EB%93%B1%ED%95%99%EA%B5%90&SHL_IDF_CD=320a388c-8098-421a-811a-03254ffbe06e&GS_TYPE=Y&JG_YEAR=2026&SORT=BR&CHOSEN_JG_YEAR=2026&PRE_JG_YEAR=2026&LOAD_TYPE=single,2026학년도 관악초 연간학사일정.hwp / 2026학년도 관악초 학교교육과정 편성·운영·평가 계획.pdf,https://www.schoolinfo.go.kr/ei/pp/Pneipp_b73_s0p.do?GS_HANGMOK_CD=73&GS_HANGMOK_NO=15-%EB%9D%BC&GS_HANGMOK_NM=%EB%B0%A9%EA%B3%BC%ED%9B%84%ED%95%99%EA%B5%90+%EC%9A%B4%EC%98%81+%EA%B3%84%ED%9A%8D+%EB%B0%8F+%EC%9A%B4%EC%98%81%E3%86%8D%EC%A7%80%EC%9B%90%ED%98%84%ED%99%A9&GS_BURYU_CD=JG130&JG_BURYU_CD=JG150&JG_HANGMOK_CD=59&JG_GUBUN=1&JG_YEAR2=2026&HG_NM=%EC%84%9C%EC%9A%B8%EA%B4%80%EC%95%85%EC%B4%88%EB%93%B1%ED%95%99%EA%B5%90&SHL_IDF_CD=320a388c-8098-421a-811a-03254ffbe06e&GS_TYPE=Y&JG_YEAR=2026&SORT=BR&CHOSEN_JG_YEAR=2026&PRE_JG_YEAR=2026&LOAD_TYPE=single,"2026학년도 방과후학교(맞춤형,방과후교실) 운영 계획(안).hwp",,,,,,,,,,
wave2_seoul,B000002345,서울난향초등학교,서울특별시,2-가 문서에서 시정표를 찾지 못함(요약본이거나 표가 이미지일 수 있음),,https://www.schoolinfo.go.kr/ei/ss/Pneiss_b01_s0.do?SHL_IDF_CD=5250a431-d62f-4404-ba25-7900142fedb8,https://www.schoolinfo.go.kr/ei/pp/Pneipp_b14_s0p.do?GS_HANGMOK_CD=14&GS_HANGMOK_NO=2-%EA%B0%80&GS_HANGMOK_NM=%ED%95%99%EA%B5%90%EA%B5%90%EC%9C%A1%EA%B3%BC%EC%A0%95+%ED%8E%B8%EC%84%B1%E3%86%8D%EC%9A%B4%EC%98%81+%EB%B0%8F+%ED%8F%89%EA%B0%80%EC%97%90+%EA%B4%80%ED%95%9C+%EC%82%AC%ED%95%AD&GS_BURYU_CD=JG100&JG_BURYU_CD=JG020&JG_HANGMOK_CD=05&JG_GUBUN=1&JG_YEAR2=2026&HG_NM=%EC%84%9C%EC%9A%B8%EB%82%9C%ED%96%A5%EC%B4%88%EB%93%B1%ED%95%99%EA%B5%90&SHL_IDF_CD=5250a431-d62f-4404-ba25-7900142fedb8&GS_TYPE=Y&JG_YEAR=2026&SORT=BR&CHOSEN_JG_YEAR=2026&PRE_JG_YEAR=2026&LOAD_TYPE=single,2026학년도 1학기 과정중심평가 계획.hwp / 2026학년도 서울난향초등학교 학교교육과정 운영.hwp,https://www.schoolinfo.go.kr/ei/pp/Pneipp_b73_s0p.do?GS_HANGMOK_CD=73&GS_HANGMOK_NO=15-%EB%9D%BC&GS_HANGMOK_NM=%EB%B0%A9%EA%B3%BC%ED%9B%84%ED%95%99%EA%B5%90+%EC%9A%B4%EC%98%81+%EA%B3%84%ED%9A%8D+%EB%B0%8F+%EC%9A%B4%EC%98%81%E3%86%8D%EC%A7%80%EC%9B%90%ED%98%84%ED%99%A9&GS_BURYU_CD=JG130&JG_BURYU_CD=JG150&JG_HANGMOK_CD=59&JG_GUBUN=1&JG_YEAR2=2026&HG_NM=%EC%84%9C%EC%9A%B8%EB%82%9C%ED%96%A5%EC%B4%88%EB%93%B1%ED%95%99%EA%B5%90&SHL_IDF_CD=5250a431-d62f-4404-ba25-7900142fedb8&GS_TYPE=Y&JG_YEAR=2026&SORT=BR&CHOSEN_JG_YEAR=2026&PRE_JG_YEAR=2026&LOAD_TYPE=single,2026학년도 난향초 초등돌봄교실 운영 계획.hwp / 2026학년도 난향초 방과후학교 운영 계획.hwp,,,,,,,,,,
wave2_seoul,B000002347,서울행당초등학교,서울특별시,2-가 문서에서 시정표를 찾지 못함(요약본이거나 표가 이미지일 수 있음),,https://www.schoolinfo.go.kr/ei/ss/Pneiss_b01_s0.do?SHL_IDF_CD=465a963c-b972-475b-992f-1826424bdfbe,https://www.schoolinfo.go.kr/ei/pp/Pneipp_b14_s0p.do?GS_HANGMOK_CD=14&GS_HANGMOK_NO=2-%EA%B0%80&GS_HANGMOK_NM=%ED%95%99%EA%B5%90%EA%B5%90%EC%9C%A1%EA%B3%BC%EC%A0%95+%ED%8E%B8%EC%84%B1%E3%86%8D%EC%9A%B4%EC%98%81+%EB%B0%8F+%ED%8F%89%EA%B0%80%EC%97%90+%EA%B4%80%ED%95%9C+%EC%82%AC%ED%95%AD&GS_BURYU_CD=JG100&JG_BURYU_CD=JG020&JG_HANGMOK_CD=05&JG_GUBUN=1&JG_YEAR2=2026&HG_NM=%EC%84%9C%EC%9A%B8%ED%96%89%EB%8B%B9%EC%B4%88%EB%93%B1%ED%95%99%EA%B5%90&SHL_IDF_CD=465a963c-b972-475b-992f-1826424bdfbe&GS_TYPE=Y&JG_YEAR=2026&SORT=BR&CHOSEN_JG_YEAR=2026&PRE_JG_YEAR=2026&LOAD_TYPE=single,2-가. 2026학년도 행당초 학교교육과정 편성 운영 평가 계획 (정정).hwp / 2-가. 2026학년도 행당초 연간 학사일정.hwpx,https://www.schoolinfo.go.kr/ei/pp/Pneipp_b73_s0p.do?GS_HANGMOK_CD=73&GS_HANGMOK_NO=15-%EB%9D%BC&GS_HANGMOK_NM=%EB%B0%A9%EA%B3%BC%ED%9B%84%ED%95%99%EA%B5%90+%EC%9A%B4%EC%98%81+%EA%B3%84%ED%9A%8D+%EB%B0%8F+%EC%9A%B4%EC%98%81%E3%86%8D%EC%A7%80%EC%9B%90%ED%98%84%ED%99%A9&GS_BURYU_CD=JG130&JG_BURYU_CD=JG150&JG_HANGMOK_CD=59&JG_GUBUN=1&JG_YEAR2=2026&HG_NM=%EC%84%9C%EC%9A%B8%ED%96%89%EB%8B%B9%EC%B4%88%EB%93%B1%ED%95%99%EA%B5%90&SHL_IDF_CD=465a963c-b972-475b-992f-1826424bdfbe&GS_TYPE=Y&JG_YEAR=2026&SORT=BR&CHOSEN_JG_YEAR=2026&PRE_JG_YEAR=2026&LOAD_TYPE=single,2026학년도 행당초 초등돌봄교실 운영 계획.hwp / 2026학년도 행당초 방과후학교 운영 계획.hwp,,,,,,,,,,
wave2_seoul,B000002348,서울동호초등학교,서울특별시,2-가 문서에서 시정표를 찾지 못함(요약본이거나 표가 이미지일 수 있음),,https://www.schoolinfo.go.kr/ei/ss/Pneiss_b01_s0.do?SHL_IDF_CD=055d86e2-225d-4590-a620-711913170174,https://www.schoolinfo.go.kr/ei/pp/Pneipp_b14_s0p.do?GS_HANGMOK_CD=14&GS_HANGMOK_NO=2-%EA%B0%80&GS_HANGMOK_NM=%ED%95%99%EA%B5%90%EA%B5%90%EC%9C%A1%EA%B3%BC%EC%A0%95+%ED%8E%B8%EC%84%B1%E3%86%8D%EC%9A%B4%EC%98%81+%EB%B0%8F+%ED%8F%89%EA%B0%80%EC%97%90+%EA%B4%80%ED%95%9C+%EC%82%AC%ED%95%AD&GS_BURYU_CD=JG100&JG_BURYU_CD=JG020&JG_HANGMOK_CD=05&JG_GUBUN=1&JG_YEAR2=2026&HG_NM=%EC%84%9C%EC%9A%B8%EB%8F%99%ED%98%B8%EC%B4%88%EB%93%B1%ED%95%99%EA%B5%90&SHL_IDF_CD=055d86e2-225d-4590-a620-711913170174&GS_TYPE=Y&JG_YEAR=2026&SORT=BR&CHOSEN_JG_YEAR=2026&PRE_JG_YEAR=2026&LOAD_TYPE=single,2025학년도_동호초_학교평가.hwp / 2026학년도_동호초_연간학사일정.hwp / 2026학년도_동호초_체험활동계획.hwp / 2026학년도_동호초_교육과정 편성 운영 및 평가 계획.hwp,https://www.schoolinfo.go.kr/ei/pp/Pneipp_b73_s0p.do?GS_HANGMOK_CD=73&GS_HANGMOK_NO=15-%EB%9D%BC&GS_HANGMOK_NM=%EB%B0%A9%EA%B3%BC%ED%9B%84%ED%95%99%EA%B5%90+%EC%9A%B4%EC%98%81+%EA%B3%84%ED%9A%8D+%EB%B0%8F+%EC%9A%B4%EC%98%81%E3%86%8D%EC%A7%80%EC%9B%90%ED%98%84%ED%99%A9&GS_BURYU_CD=JG130&JG_BURYU_CD=JG150&JG_HANGMOK_CD=59&JG_GUBUN=1&JG_YEAR2=2026&HG_NM=%EC%84%9C%EC%9A%B8%EB%8F%99%ED%98%B8%EC%B4%88%EB%93%B1%ED%95%99%EA%B5%90&SHL_IDF_CD=055d86e2-225d-4590-a620-711913170174&GS_TYPE=Y&JG_YEAR=2026&SORT=BR&CHOSEN_JG_YEAR=2026&PRE_JG_YEAR=2026&LOAD_TYPE=single,2026학년도 서울동호초등학교 방과후돌봄 프로그램 운영계획(안)_홈.hwp / 2026학년도 돌봄교실 운영계획(안).hwp,,,,,,,,,,
wave2_seoul,B000002350,서울경수초등학교,서울특별시,2-가 문서에서 시정표를 찾지 못함(요약본이거나 표가 이미지일 수 있음),,https://www.schoolinfo.go.kr/ei/ss/Pneiss_b01_s0.do?SHL_IDF_CD=84f6dd81-a385-4017-89d2-ce5d618caa81,https://www.schoolinfo.go.kr/ei/pp/Pneipp_b14_s0p.do?GS_HANGMOK_CD=14&GS_HANGMOK_NO=2-%EA%B0%80&GS_HANGMOK_NM=%ED%95%99%EA%B5%90%EA%B5%90%EC%9C%A1%EA%B3%BC%EC%A0%95+%ED%8E%B8%EC%84%B1%E3%86%8D%EC%9A%B4%EC%98%81+%EB%B0%8F+%ED%8F%89%EA%B0%80%EC%97%90+%EA%B4%80%ED%95%9C+%EC%82%AC%ED%95%AD&GS_BURYU_CD=JG100&JG_BURYU_CD=JG020&JG_HANGMOK_CD=05&JG_GUBUN=1&JG_YEAR2=2026&HG_NM=%EC%84%9C%EC%9A%B8%EA%B2%BD%EC%88%98%EC%B4%88%EB%93%B1%ED%95%99%EA%B5%90&SHL_IDF_CD=84f6dd81-a385-4017-89d2-ce5d618caa81&GS_TYPE=Y&JG_YEAR=2026&SORT=BR&CHOSEN_JG_YEAR=2026&PRE_JG_YEAR=2026&LOAD_TYPE=single,2026학년도 경수초 학교교육과정 편성운영평가계획.pdf / 2026학년도 경수초 연간학사일정.pdf,https://www.schoolinfo.go.kr/ei/pp/Pneipp_b73_s0p.do?GS_HANGMOK_CD=73&GS_HANGMOK_NO=15-%EB%9D%BC&GS_HANGMOK_NM=%EB%B0%A9%EA%B3%BC%ED%9B%84%ED%95%99%EA%B5%90+%EC%9A%B4%EC%98%81+%EA%B3%84%ED%9A%8D+%EB%B0%8F+%EC%9A%B4%EC%98%81%E3%86%8D%EC%A7%80%EC%9B%90%ED%98%84%ED%99%A9&GS_BURYU_CD=JG130&JG_BURYU_CD=JG150&JG_HANGMOK_CD=59&JG_GUBUN=1&JG_YEAR2=2026&HG_NM=%EC%84%9C%EC%9A%B8%EA%B2%BD%EC%88%98%EC%B4%88%EB%93%B1%ED%95%99%EA%B5%90&SHL_IDF_CD=84f6dd81-a385-4017-89d2-ce5d618caa81&GS_TYPE=Y&JG_YEAR=2026&SORT=BR&CHOSEN_JG_YEAR=2026&PRE_JG_YEAR=2026&LOAD_TYPE=single,2026학년도 서울경수초등학교 초등돌봄교실 연간 운영계획.hwp / 2026학년도 서울경수초등학교 방과후학교 연간 운영계획(안).hwpx,,,,,,,,,,
wave2_seoul,B000002351,서울금북초등학교,서울특별시,2-가 문서에서 시정표를 찾지 못함(요약본이거나 표가 이미지일 수 있음),15-라 계획에 1학년 오후돌봄 종료 시각이 없음,https://www.schoolinfo.go.kr/ei/ss/Pneiss_b01_s0.do?SHL_IDF_CD=9c9f26d9-5833-4bec-a393-28c29d7d3fcf,https://www.schoolinfo.go.kr/ei/pp/Pneipp_b14_s0p.do?GS_HANGMOK_CD=14&GS_HANGMOK_NO=2-%EA%B0%80&GS_HANGMOK_NM=%ED%95%99%EA%B5%90%EA%B5%90%EC%9C%A1%EA%B3%BC%EC%A0%95+%ED%8E%B8%EC%84%B1%E3%86%8D%EC%9A%B4%EC%98%81+%EB%B0%8F+%ED%8F%89%EA%B0%80%EC%97%90+%EA%B4%80%ED%95%9C+%EC%82%AC%ED%95%AD&GS_BURYU_CD=JG100&JG_BURYU_CD=JG020&JG_HANGMOK_CD=05&JG_GUBUN=1&JG_YEAR2=2026&HG_NM=%EC%84%9C%EC%9A%B8%EA%B8%88%EB%B6%81%EC%B4%88%EB%93%B1%ED%95%99%EA%B5%90&SHL_IDF_CD=9c9f26d9-5833-4bec-a393-28c29d7d3fcf&GS_TYPE=Y&JG_YEAR=2026&SORT=BR&CHOSEN_JG_YEAR=2026&PRE_JG_YEAR=2026&LOAD_TYPE=single,2026학년도 금북초 학교교육과정 편성?운영?평가 계획.hwpx / 2026학년도 금북초 연간학사일정.hwpx,https://www.schoolinfo.go.kr/ei/pp/Pneipp_b73_s0p.do?GS_HANGMOK_CD=73&GS_HANGMOK_NO=15-%EB%9D%BC&GS_HANGMOK_NM=%EB%B0%A9%EA%B3%BC%ED%9B%84%ED%95%99%EA%B5%90+%EC%9A%B4%EC%98%81+%EA%B3%84%ED%9A%8D+%EB%B0%8F+%EC%9A%B4%EC%98%81%E3%86%8D%EC%A7%80%EC%9B%90%ED%98%84%ED%99%A9&GS_BURYU_CD=JG130&JG_BURYU_CD=JG150&JG_HANGMOK_CD=59&JG_GUBUN=1&JG_YEAR2=2026&HG_NM=%EC%84%9C%EC%9A%B8%EA%B8%88%EB%B6%81%EC%B4%88%EB%93%B1%ED%95%99%EA%B5%90&SHL_IDF_CD=9c9f26d9-5833-4bec-a393-28c29d7d3fcf&GS_TYPE=Y&JG_YEAR=2026&SORT=BR&CHOSEN_JG_YEAR=2026&PRE_JG_YEAR=2026&LOAD_TYPE=single,2026학년도 서울금북초등학교 방과후 돌봄 연간 운영계획.hwp,,,,,,,,,,
wave2_seoul,B000002352,서울금호초등학교,서울특별시,2-가 문서에서 시정표를 찾지 못함(요약본이거나 표가 이미지일 수 있음),,https://www.schoolinfo.go.kr/ei/ss/Pneiss_b01_s0.do?SHL_IDF_CD=f63908a3-28d9-4a35-9c87-59a083371c8a,https://www.schoolinfo.go.kr/ei/pp/Pneipp_b14_s0p.do?GS_HANGMOK_CD=14&GS_HANGMOK_NO=2-%EA%B0%80&GS_HANGMOK_NM=%ED%95%99%EA%B5%90%EA%B5%90%EC%9C%A1%EA%B3%BC%EC%A0%95+%ED%8E%B8%EC%84%B1%E3%86%8D%EC%9A%B4%EC%98%81+%EB%B0%8F+%ED%8F%89%EA%B0%80%EC%97%90+%EA%B4%80%ED%95%9C+%EC%82%AC%ED%95%AD&GS_BURYU_CD=JG100&JG_BURYU_CD=JG020&JG_HANGMOK_CD=05&JG_GUBUN=1&JG_YEAR2=2026&HG_NM=%EC%84%9C%EC%9A%B8%EA%B8%88%ED%98%B8%EC%B4%88%EB%93%B1%ED%95%99%EA%B5%90&SHL_IDF_CD=f63908a3-28d9-4a35-9c87-59a083371c8a&GS_TYPE=Y&JG_YEAR=2026&SORT=BR&CHOSEN_JG_YEAR=2026&PRE_JG_YEAR=2026&LOAD_TYPE=single,(정보공시2-가-1)2026학년도 서울금호초 학교교육과정 편성운영평가계획.hwpx,https://www.schoolinfo.go.kr/ei/pp/Pneipp_b73_s0p.do?GS_HANGMOK_CD=73&GS_HANGMOK_NO=15-%EB%9D%BC&GS_HANGMOK_NM=%EB%B0%A9%EA%B3%BC%ED%9B%84%ED%95%99%EA%B5%90+%EC%9A%B4%EC%98%81+%EA%B3%84%ED%9A%8D+%EB%B0%8F+%EC%9A%B4%EC%98%81%E3%86%8D%EC%A7%80%EC%9B%90%ED%98%84%ED%99%A9&GS_BURYU_CD=JG130&JG_BURYU_CD=JG150&JG_HANGMOK_CD=59&JG_GUBUN=1&JG_YEAR2=2026&HG_NM=%EC%84%9C%EC%9A%B8%EA%B8%88%ED%98%B8%EC%B4%88%EB%93%B1%ED%95%99%EA%B5%90&SHL_IDF_CD=f63908a3-28d9-4a35-9c87-59a083371c8a&GS_TYPE=Y&JG_YEAR=2026&SORT=BR&CHOSEN_JG_YEAR=2026&PRE_JG_YEAR=2026&LOAD_TYPE=single,2026학년도 금호초 초등돌봄교실 운영 계획.hwp / 2026학년도 금호초 방과후학교 운영 계획.hwp,,,,,,,,,,
wave2_seoul,B000002353,서울옥수초등학교,서울특별시,2-가 문서에서 시정표를 찾지 못함(요약본이거나 표가 이미지일 수 있음),,https://www.schoolinfo.go.kr/ei/ss/Pneiss_b01_s0.do?SHL_IDF_CD=b4f5dfba-381d-42b5-9efd-f18c08470abd,https://www.schoolinfo.go.kr/ei/pp/Pneipp_b14_s0p.do?GS_HANGMOK_CD=14&GS_HANGMOK_NO=2-%EA%B0%80&GS_HANGMOK_NM=%ED%95%99%EA%B5%90%EA%B5%90%EC%9C%A1%EA%B3%BC%EC%A0%95+%ED%8E%B8%EC%84%B1%E3%86%8D%EC%9A%B4%EC%98%81+%EB%B0%8F+%ED%8F%89%EA%B0%80%EC%97%90+%EA%B4%80%ED%95%9C+%EC%82%AC%ED%95%AD&GS_BURYU_CD=JG100&JG_BURYU_CD=JG020&JG_HANGMOK_CD=05&JG_GUBUN=1&JG_YEAR2=2026&HG_NM=%EC%84%9C%EC%9A%B8%EC%98%A5%EC%88%98%EC%B4%88%EB%93%B1%ED%95%99%EA%B5%90&SHL_IDF_CD=b4f5dfba-381d-42b5-9efd-f18c08470abd&GS_TYPE=Y&JG_YEAR=2026&SORT=BR&CHOSEN_JG_YEAR=2026&PRE_JG_YEAR=2026&LOAD_TYPE=single,(정보공시)2026학년도 옥수초 학교교육과정 편성 운영 평가 계획.hwp,https://www.schoolinfo.go.kr/ei/pp/Pneipp_b73_s0p.do?GS_HANGMOK_CD=73&GS_HANGMOK_NO=15-%EB%9D%BC&GS_HANGMOK_NM=%EB%B0%A9%EA%B3%BC%ED%9B%84%ED%95%99%EA%B5%90+%EC%9A%B4%EC%98%81+%EA%B3%84%ED%9A%8D+%EB%B0%8F+%EC%9A%B4%EC%98%81%E3%86%8D%EC%A7%80%EC%9B%90%ED%98%84%ED%99%A9&GS_BURYU_CD=JG130&JG_BURYU_CD=JG150&JG_HANGMOK_CD=59&JG_GUBUN=1&JG_YEAR2=2026&HG_NM=%EC%84%9C%EC%9A%B8%EC%98%A5%EC%88%98%EC%B4%88%EB%93%B1%ED%95%99%EA%B5%90&SHL_IDF_CD=b4f5dfba-381d-42b5-9efd-f18c08470abd&GS_TYPE=Y&JG_YEAR=2026&SORT=BR&CHOSEN_JG_YEAR=2026&PRE_JG_YEAR=2026&LOAD_TYPE=single,2026 방과후 교실 연간 운영 기본 계획.hwp / 2026학년도 돌봄교실 운영계획(안).hwp,,,,,,,,,,
wave2_seoul,B000002354,서울금옥초등학교,서울특별시,2-가 문서에서 시정표를 찾지 못함(요약본이거나 표가 이미지일 수 있음),,https://www.schoolinfo.go.kr/ei/ss/Pneiss_b01_s0.do?SHL_IDF_CD=e33487d9-c677-447e-b5bf-bb232efbfd95,https://www.schoolinfo.go.kr/ei/pp/Pneipp_b14_s0p.do?GS_HANGMOK_CD=14&GS_HANGMOK_NO=2-%EA%B0%80&GS_HANGMOK_NM=%ED%95%99%EA%B5%90%EA%B5%90%EC%9C%A1%EA%B3%BC%EC%A0%95+%ED%8E%B8%EC%84%B1%E3%86%8D%EC%9A%B4%EC%98%81+%EB%B0%8F+%ED%8F%89%EA%B0%80%EC%97%90+%EA%B4%80%ED%95%9C+%EC%82%AC%ED%95%AD&GS_BURYU_CD=JG100&JG_BURYU_CD=JG020&JG_HANGMOK_CD=05&JG_GUBUN=1&JG_YEAR2=2026&HG_NM=%EC%84%9C%EC%9A%B8%EA%B8%88%EC%98%A5%EC%B4%88%EB%93%B1%ED%95%99%EA%B5%90&SHL_IDF_CD=e33487d9-c677-447e-b5bf-bb232efbfd95&GS_TYPE=Y&JG_YEAR=2026&SORT=BR&CHOSEN_JG_YEAR=2026&PRE_JG_YEAR=2026&LOAD_TYPE=single,2026학년도 금옥초 연간학사일정.hwp / 2026학년도 금옥초 학교교육과정 편성·운영 및 평가 계획.hwp,https://www.schoolinfo.go.kr/ei/pp/Pneipp_b73_s0p.do?GS_HANGMOK_CD=73&GS_HANGMOK_NO=15-%EB%9D%BC&GS_HANGMOK_NM=%EB%B0%A9%EA%B3%BC%ED%9B%84%ED%95%99%EA%B5%90+%EC%9A%B4%EC%98%81+%EA%B3%84%ED%9A%8D+%EB%B0%8F+%EC%9A%B4%EC%98%81%E3%86%8D%EC%A7%80%EC%9B%90%ED%98%84%ED%99%A9&GS_BURYU_CD=JG130&JG_BURYU_CD=JG150&JG_HANGMOK_CD=59&JG_GUBUN=1&JG_YEAR2=2026&HG_NM=%EC%84%9C%EC%9A%B8%EA%B8%88%EC%98%A5%EC%B4%88%EB%93%B1%ED%95%99%EA%B5%90&SHL_IDF_CD=e33487d9-c677-447e-b5bf-bb232efbfd95&GS_TYPE=Y&JG_YEAR=2026&SORT=BR&CHOSEN_JG_YEAR=2026&PRE_JG_YEAR=2026&LOAD_TYPE=single,2026학년도 금옥초등학교 방과후학교 운영계획.hwp / 2026학년도 금옥초등학교 돌봄 운영 계획.hwpx,,,,,,,,,,
wave2_seoul,B000002356,서울마장초등학교,서울특별시,2-가 문서에서 시정표를 찾지 못함(요약본이거나 표가 이미지일 수 있음),15-라 계획에 1학년 오후돌봄 종료 시각이 없음,https://www.schoolinfo.go.kr/ei/ss/Pneiss_b01_s0.do?SHL_IDF_CD=d3d6af7d-7762-462b-b4cc-01a83d1d4315,https://www.schoolinfo.go.kr/ei/pp/Pneipp_b14_s0p.do?GS_HANGMOK_CD=14&GS_HANGMOK_NO=2-%EA%B0%80&GS_HANGMOK_NM=%ED%95%99%EA%B5%90%EA%B5%90%EC%9C%A1%EA%B3%BC%EC%A0%95+%ED%8E%B8%EC%84%B1%E3%86%8D%EC%9A%B4%EC%98%81+%EB%B0%8F+%ED%8F%89%EA%B0%80%EC%97%90+%EA%B4%80%ED%95%9C+%EC%82%AC%ED%95%AD&GS_BURYU_CD=JG100&JG_BURYU_CD=JG020&JG_HANGMOK_CD=05&JG_GUBUN=1&JG_YEAR2=2026&HG_NM=%EC%84%9C%EC%9A%B8%EB%A7%88%EC%9E%A5%EC%B4%88%EB%93%B1%ED%95%99%EA%B5%90&SHL_IDF_CD=d3d6af7d-7762-462b-b4cc-01a83d1d4315&GS_TYPE=Y&JG_YEAR=2026&SORT=BR&CHOSEN_JG_YEAR=2026&PRE_JG_YEAR=2026&LOAD_TYPE=single,2026학년도 마장초 연간 학사일정.pdf / 2026학년도 마장초 학교교육과정 편성 운영 평가 계획.pdf,https://www.schoolinfo.go.kr/ei/pp/Pneipp_b73_s0p.do?GS_HANGMOK_CD=73&GS_HANGMOK_NO=15-%EB%9D%BC&GS_HANGMOK_NM=%EB%B0%A9%EA%B3%BC%ED%9B%84%ED%95%99%EA%B5%90+%EC%9A%B4%EC%98%81+%EA%B3%84%ED%9A%8D+%EB%B0%8F+%EC%9A%B4%EC%98%81%E3%86%8D%EC%A7%80%EC%9B%90%ED%98%84%ED%99%A9&GS_BURYU_CD=JG130&JG_BURYU_CD=JG150&JG_HANGMOK_CD=59&JG_GUBUN=1&JG_YEAR2=2026&HG_NM=%EC%84%9C%EC%9A%B8%EB%A7%88%EC%9E%A5%EC%B4%88%EB%93%B1%ED%95%99%EA%B5%90&SHL_IDF_CD=d3d6af7d-7762-462b-b4cc-01a83d1d4315&GS_TYPE=Y&JG_YEAR=2026&SORT=BR&CHOSEN_JG_YEAR=2026&PRE_JG_YEAR=2026&LOAD_TYPE=single,(제안서)2026학년도 방과후·맞춤형교실 연간운영계획(안).hwp,,,,,,,,,,
wave2_seoul,B000002357,서울사근초등학교,서울특별시,2-가 문서에서 시정표를 찾지 못함(요약본이거나 표가 이미지일 수 있음),,https://www.schoolinfo.go.kr/ei/ss/Pneiss_b01_s0.do?SHL_IDF_CD=9eafb528-621b-43f4-880d-b64ed16f096a,https://www.schoolinfo.go.kr/ei/pp/Pneipp_b14_s0p.do?GS_HANGMOK_CD=14&GS_HANGMOK_NO=2-%EA%B0%80&GS_HANGMOK_NM=%ED%95%99%EA%B5%90%EA%B5%90%EC%9C%A1%EA%B3%BC%EC%A0%95+%ED%8E%B8%EC%84%B1%E3%86%8D%EC%9A%B4%EC%98%81+%EB%B0%8F+%ED%8F%89%EA%B0%80%EC%97%90+%EA%B4%80%ED%95%9C+%EC%82%AC%ED%95%AD&GS_BURYU_CD=JG100&JG_BURYU_CD=JG020&JG_HANGMOK_CD=05&JG_GUBUN=1&JG_YEAR2=2026&HG_NM=%EC%84%9C%EC%9A%B8%EC%82%AC%EA%B7%BC%EC%B4%88%EB%93%B1%ED%95%99%EA%B5%90&SHL_IDF_CD=9eafb528-621b-43f4-880d-b64ed16f096a&GS_TYPE=Y&JG_YEAR=2026&SORT=BR&CHOSEN_JG_YEAR=2026&PRE_JG_YEAR=2026&LOAD_TYPE=single,2026학년도 사근초 연간학사일정.pdf / 2026학년도 사근초 학교교육과정 편성·운영·평가 계획.pdf,https://www.schoolinfo.go.kr/ei/pp/Pneipp_b73_s0p.do?GS_HANGMOK_CD=73&GS_HANGMOK_NO=15-%EB%9D%BC&GS_HANGMOK_NM=%EB%B0%A9%EA%B3%BC%ED%9B%84%ED%95%99%EA%B5%90+%EC%9A%B4%EC%98%81+%EA%B3%84%ED%9A%8D+%EB%B0%8F+%EC%9A%B4%EC%98%81%E3%86%8D%EC%A7%80%EC%9B%90%ED%98%84%ED%99%A9&GS_BURYU_CD=JG130&JG_BURYU_CD=JG150&JG_HANGMOK_CD=59&JG_GUBUN=1&JG_YEAR2=2026&HG_NM=%EC%84%9C%EC%9A%B8%EC%82%AC%EA%B7%BC%EC%B4%88%EB%93%B1%ED%95%99%EA%B5%90&SHL_IDF_CD=9eafb528-621b-43f4-880d-b64ed16f096a&GS_TYPE=Y&JG_YEAR=2026&SORT=BR&CHOSEN_JG_YEAR=2026&PRE_JG_YEAR=2026&LOAD_TYPE=single,2026학년도 돌봄교실 운영계획.hwp / 2026학년도 방과후교실 운영계획.hwp,,,,,,,,,,
wave2_seoul,B000002358,서울경일초등학교,서울특별시,2-가 문서에서 시정표를 찾지 못함(요약본이거나 표가 이미지일 수 있음),,https://www.schoolinfo.go.kr/ei/ss/Pneiss_b01_s0.do?SHL_IDF_CD=904e6865-2d28-4c84-ae92-db56084512ef,https://www.schoolinfo.go.kr/ei/pp/Pneipp_b14_s0p.do?GS_HANGMOK_CD=14&GS_HANGMOK_NO=2-%EA%B0%80&GS_HANGMOK_NM=%ED%95%99%EA%B5%90%EA%B5%90%EC%9C%A1%EA%B3%BC%EC%A0%95+%ED%8E%B8%EC%84%B1%E3%86%8D%EC%9A%B4%EC%98%81+%EB%B0%8F+%ED%8F%89%EA%B0%80%EC%97%90+%EA%B4%80%ED%95%9C+%EC%82%AC%ED%95%AD&GS_BURYU_CD=JG100&JG_BURYU_CD=JG020&JG_HANGMOK_CD=05&JG_GUBUN=1&JG_YEAR2=2026&HG_NM=%EC%84%9C%EC%9A%B8%EA%B2%BD%EC%9D%BC%EC%B4%88%EB%93%B1%ED%95%99%EA%B5%90&SHL_IDF_CD=904e6865-2d28-4c84-ae92-db56084512ef&GS_TYPE=Y&JG_YEAR=2026&SORT=BR&CHOSEN_JG_YEAR=2026&PRE_JG_YEAR=2026&LOAD_TYPE=single,2026학년도 교육과정 편성운영 및 평가에 관한 사항.hwp,https://www.schoolinfo.go.kr/ei/pp/Pneipp_b73_s0p.do?GS_HANGMOK_CD=73&GS_HANGMOK_NO=15-%EB%9D%BC&GS_HANGMOK_NM=%EB%B0%A9%EA%B3%BC%ED%9B%84%ED%95%99%EA%B5%90+%EC%9A%B4%EC%98%81+%EA%B3%84%ED%9A%8D+%EB%B0%8F+%EC%9A%B4%EC%98%81%E3%86%8D%EC%A7%80%EC%9B%90%ED%98%84%ED%99%A9&GS_BURYU_CD=JG130&JG_BURYU_CD=JG150&JG_HANGMOK_CD=59&JG_GUBUN=1&JG_YEAR2=2026&HG_NM=%EC%84%9C%EC%9A%B8%EA%B2%BD%EC%9D%BC%EC%B4%88%EB%93%B1%ED%95%99%EA%B5%90&SHL_IDF_CD=904e6865-2d28-4c84-ae92-db56084512ef&GS_TYPE=Y&JG_YEAR=2026&SORT=BR&CHOSEN_JG_YEAR=2026&PRE_JG_YEAR=2026&LOAD_TYPE=single,2026학년도 초등돌봄교실 운영계획.hwp / 2026학년도 방과후.맞춤형교실 운영 기본계획 및 위탁 운영업체 선정 계획(안).hwp,,,,,,,,,,
wave2_seoul,B000002359,서울성수초등학교,서울특별시,2-가 문서에서 시정표를 찾지 못함(요약본이거나 표가 이미지일 수 있음),,https://www.schoolinfo.go.kr/ei/ss/Pneiss_b01_s0.do?SHL_IDF_CD=3a0a923b-7c22-43a1-995a-646fe6c0d3d0,https://www.schoolinfo.go.kr/ei/pp/Pneipp_b14_s0p.do?GS_HANGMOK_CD=14&GS_HANGMOK_NO=2-%EA%B0%80&GS_HANGMOK_NM=%ED%95%99%EA%B5%90%EA%B5%90%EC%9C%A1%EA%B3%BC%EC%A0%95+%ED%8E%B8%EC%84%B1%E3%86%8D%EC%9A%B4%EC%98%81+%EB%B0%8F+%ED%8F%89%EA%B0%80%EC%97%90+%EA%B4%80%ED%95%9C+%EC%82%AC%ED%95%AD&GS_BURYU_CD=JG100&JG_BURYU_CD=JG020&JG_HANGMOK_CD=05&JG_GUBUN=1&JG_YEAR2=2026&HG_NM=%EC%84%9C%EC%9A%B8%EC%84%B1%EC%88%98%EC%B4%88%EB%93%B1%ED%95%99%EA%B5%90&SHL_IDF_CD=3a0a923b-7c22-43a1-995a-646fe6c0d3d0&GS_TYPE=Y&JG_YEAR=2026&SORT=BR&CHOSEN_JG_YEAR=2026&PRE_JG_YEAR=2026&LOAD_TYPE=single,"(성수초)2026학년도 학교교육과정 편성,운영,평가 계획.hwpx",https://www.schoolinfo.go.kr/ei/pp/Pneipp_b73_s0p.do?GS_HANGMOK_CD=73&GS_HANGMOK_NO=15-%EB%9D%BC&GS_HANGMOK_NM=%EB%B0%A9%EA%B3%BC%ED%9B%84%ED%95%99%EA%B5%90+%EC%9A%B4%EC%98%81+%EA%B3%84%ED%9A%8D+%EB%B0%8F+%EC%9A%B4%EC%98%81%E3%86%8D%EC%A7%80%EC%9B%90%ED%98%84%ED%99%A9&GS_BURYU_CD=JG130&JG_BURYU_CD=JG150&JG_HANGMOK_CD=59&JG_GUBUN=1&JG_YEAR2=2026&HG_NM=%EC%84%9C%EC%9A%B8%EC%84%B1%EC%88%98%EC%B4%88%EB%93%B1%ED%95%99%EA%B5%90&SHL_IDF_CD=3a0a923b-7c22-43a1-995a-646fe6c0d3d0&GS_TYPE=Y&JG_YEAR=2026&SORT=BR&CHOSEN_JG_YEAR=2026&PRE_JG_YEAR=2026&LOAD_TYPE=single,"2026학년도 서울성수초등학교 초등돌봄교실 연간 운영 계획서.hwp / 2026학년도 서울성수초등학교 방과후, 맞춤형교실 연간 운영 계획서.hwpx",,,,,,,,,,
wave2_seoul,B000002360,서울송원초등학교,서울특별시,2-가 문서에서 시정표를 찾지 못함(요약본이거나 표가 이미지일 수 있음),,https://www.schoolinfo.go.kr/ei/ss/Pneiss_b01_s0.do?SHL_IDF_CD=4f26925e-66aa-42f2-b7c8-42d59339a23b,https://www.schoolinfo.go.kr/ei/pp/Pneipp_b14_s0p.do?GS_HANGMOK_CD=14&GS_HANGMOK_NO=2-%EA%B0%80&GS_HANGMOK_NM=%ED%95%99%EA%B5%90%EA%B5%90%EC%9C%A1%EA%B3%BC%EC%A0%95+%ED%8E%B8%EC%84%B1%E3%86%8D%EC%9A%B4%EC%98%81+%EB%B0%8F+%ED%8F%89%EA%B0%80%EC%97%90+%EA%B4%80%ED%95%9C+%EC%82%AC%ED%95%AD&GS_BURYU_CD=JG100&JG_BURYU_CD=JG020&JG_HANGMOK_CD=05&JG_GUBUN=1&JG_YEAR2=2026&HG_NM=%EC%84%9C%EC%9A%B8%EC%86%A1%EC%9B%90%EC%B4%88%EB%93%B1%ED%95%99%EA%B5%90&SHL_IDF_CD=4f26925e-66aa-42f2-b7c8-42d59339a23b&GS_TYPE=Y&JG_YEAR=2026&SORT=BR&CHOSEN_JG_YEAR=2026&PRE_JG_YEAR=2026&LOAD_TYPE=single,2-가.학교교육과정 편성운영 및 평가에 관한 사항.pdf,https://www.schoolinfo.go.kr/ei/pp/Pneipp_b73_s0p.do?GS_HANGMOK_CD=73&GS_HANGMOK_NO=15-%EB%9D%BC&GS_HANGMOK_NM=%EB%B0%A9%EA%B3%BC%ED%9B%84%ED%95%99%EA%B5%90+%EC%9A%B4%EC%98%81+%EA%B3%84%ED%9A%8D+%EB%B0%8F+%EC%9A%B4%EC%98%81%E3%86%8D%EC%A7%80%EC%9B%90%ED%98%84%ED%99%A9&GS_BURYU_CD=JG130&JG_BURYU_CD=JG150&JG_HANGMOK_CD=59&JG_GUBUN=1&JG_YEAR2=2026&HG_NM=%EC%84%9C%EC%9A%B8%EC%86%A1%EC%9B%90%EC%B4%88%EB%93%B1%ED%95%99%EA%B5%90&SHL_IDF_CD=4f26925e-66aa-42f2-b7c8-42d59339a23b&GS_TYPE=Y&JG_YEAR=2026&SORT=BR&CHOSEN_JG_YEAR=2026&PRE_JG_YEAR=2026&LOAD_TYPE=single,2026학년도 송원초 초등돌봄교실 운영 계획.pdf / 2026학년도 송원초 방과후교실 운영 계획.pdf,,,,,,,,,,
wave2_seoul,B000002362,서울용답초등학교,서울특별시,2-가 문서에서 시정표를 찾지 못함(요약본이거나 표가 이미지일 수 있음),15-라 계획에 1학년 오후돌봄 종료 시각이 없음,https://www.schoolinfo.go.kr/ei/ss/Pneiss_b01_s0.do?SHL_IDF_CD=f5a4a5b9-e41b-4f9b-9c09-94dfdbda8dd3,https://www.schoolinfo.go.kr/ei/pp/Pneipp_b14_s0p.do?GS_HANGMOK_CD=14&GS_HANGMOK_NO=2-%EA%B0%80&GS_HANGMOK_NM=%ED%95%99%EA%B5%90%EA%B5%90%EC%9C%A1%EA%B3%BC%EC%A0%95+%ED%8E%B8%EC%84%B1%E3%86%8D%EC%9A%B4%EC%98%81+%EB%B0%8F+%ED%8F%89%EA%B0%80%EC%97%90+%EA%B4%80%ED%95%9C+%EC%82%AC%ED%95%AD&GS_BURYU_CD=JG100&JG_BURYU_CD=JG020&JG_HANGMOK_CD=05&JG_GUBUN=1&JG_YEAR2=2026&HG_NM=%EC%84%9C%EC%9A%B8%EC%9A%A9%EB%8B%B5%EC%B4%88%EB%93%B1%ED%95%99%EA%B5%90&SHL_IDF_CD=f5a4a5b9-e41b-4f9b-9c09-94dfdbda8dd3&GS_TYPE=Y&JG_YEAR=2026&SORT=BR&CHOSEN_JG_YEAR=2026&PRE_JG_YEAR=2026&LOAD_TYPE=single,(용답초) 2026학년도 학교교육과정 편성?운영?평가계획.hwp,https://www.schoolinfo.go.kr/ei/pp/Pneipp_b73_s0p.do?GS_HANGMOK_CD=73&GS_HANGMOK_NO=15-%EB%9D%BC&GS_HANGMOK_NM=%EB%B0%A9%EA%B3%BC%ED%9B%84%ED%95%99%EA%B5%90+%EC%9A%B4%EC%98%81+%EA%B3%84%ED%9A%8D+%EB%B0%8F+%EC%9A%B4%EC%98%81%E3%86%8D%EC%A7%80%EC%9B%90%ED%98%84%ED%99%A9&GS_BURYU_CD=JG130&JG_BURYU_CD=JG150&JG_HANGMOK_CD=59&JG_GUBUN=1&JG_YEAR2=2026&HG_NM=%EC%84%9C%EC%9A%B8%EC%9A%A9%EB%8B%B5%EC%B4%88%EB%93%B1%ED%95%99%EA%B5%90&SHL_IDF_CD=f5a4a5b9-e41b-4f9b-9c09-94dfdbda8dd3&GS_TYPE=Y&JG_YEAR=2026&SORT=BR&CHOSEN_JG_YEAR=2026&PRE_JG_YEAR=2026&LOAD_TYPE=single,"2026학년도 방과후교실,맞춤형교실 연간운영계획(안).hwp",,,,,,,,,,
wave2_seoul,B000002363,서울응봉초등학교,서울특별시,2-가 문서에서 시정표를 찾지 못함(요약본이거나 표가 이미지일 수 있음),,https://www.schoolinfo.go.kr/ei/ss/Pneiss_b01_s0.do?SHL_IDF_CD=7f794322-5b9f-4834-8d28-5e7de46dd061,https://www.schoolinfo.go.kr/ei/pp/Pneipp_b14_s0p.do?GS_HANGMOK_CD=14&GS_HANGMOK_NO=2-%EA%B0%80&GS_HANGMOK_NM=%ED%95%99%EA%B5%90%EA%B5%90%EC%9C%A1%EA%B3%BC%EC%A0%95+%ED%8E%B8%EC%84%B1%E3%86%8D%EC%9A%B4%EC%98%81+%EB%B0%8F+%ED%8F%89%EA%B0%80%EC%97%90+%EA%B4%80%ED%95%9C+%EC%82%AC%ED%95%AD&GS_BURYU_CD=JG100&JG_BURYU_CD=JG020&JG_HANGMOK_CD=05&JG_GUBUN=1&JG_YEAR2=2026&HG_NM=%EC%84%9C%EC%9A%B8%EC%9D%91%EB%B4%89%EC%B4%88%EB%93%B1%ED%95%99%EA%B5%90&SHL_IDF_CD=7f794322-5b9f-4834-8d28-5e7de46dd061&GS_TYPE=Y&JG_YEAR=2026&SORT=BR&CHOSEN_JG_YEAR=2026&PRE_JG_YEAR=2026&LOAD_TYPE=single,2026학년도 학교교육과정 편성·운영·평가 계획.hwp / 2026학년도 연간 학사일정.hwp,https://www.schoolinfo.go.kr/ei/pp/Pneipp_b73_s0p.do?GS_HANGMOK_CD=73&GS_HANGMOK_NO=15-%EB%9D%BC&GS_HANGMOK_NM=%EB%B0%A9%EA%B3%BC%ED%9B%84%ED%95%99%EA%B5%90+%EC%9A%B4%EC%98%81+%EA%B3%84%ED%9A%8D+%EB%B0%8F+%EC%9A%B4%EC%98%81%E3%86%8D%EC%A7%80%EC%9B%90%ED%98%84%ED%99%A9&GS_BURYU_CD=JG130&JG_BURYU_CD=JG150&JG_HANGMOK_CD=59&JG_GUBUN=1&JG_YEAR2=2026&HG_NM=%EC%84%9C%EC%9A%B8%EC%9D%91%EB%B4%89%EC%B4%88%EB%93%B1%ED%95%99%EA%B5%90&SHL_IDF_CD=7f794322-5b9f-4834-8d28-5e7de46dd061&GS_TYPE=Y&JG_YEAR=2026&SORT=BR&CHOSEN_JG_YEAR=2026&PRE_JG_YEAR=2026&LOAD_TYPE=single,2026학년도 서울응봉초등학교 초등돌봄교실 운영 계획.hwpx / 2026학년도 서울응봉초등학교 방과후학교 운영 계획.hwpx,,,,,,,,,,
wave2_seoul,B000002365,서울행현초등학교,서울특별시,2-가 문서에서 시정표를 찾지 못함(요약본이거나 표가 이미지일 수 있음),,https://www.schoolinfo.go.kr/ei/ss/Pneiss_b01_s0.do?SHL_IDF_CD=683023f2-e121-432a-93ad-05769bff4b00,https://www.schoolinfo.go.kr/ei/pp/Pneipp_b14_s0p.do?GS_HANGMOK_CD=14&GS_HANGMOK_NO=2-%EA%B0%80&GS_HANGMOK_NM=%ED%95%99%EA%B5%90%EA%B5%90%EC%9C%A1%EA%B3%BC%EC%A0%95+%ED%8E%B8%EC%84%B1%E3%86%8D%EC%9A%B4%EC%98%81+%EB%B0%8F+%ED%8F%89%EA%B0%80%EC%97%90+%EA%B4%80%ED%95%9C+%EC%82%AC%ED%95%AD&GS_BURYU_CD=JG100&JG_BURYU_CD=JG020&JG_HANGMOK_CD=05&JG_GUBUN=1&JG_YEAR2=2026&HG_NM=%EC%84%9C%EC%9A%B8%ED%96%89%ED%98%84%EC%B4%88%EB%93%B1%ED%95%99%EA%B5%90&SHL_IDF_CD=683023f2-e121-432a-93ad-05769bff4b00&GS_TYPE=Y&JG_YEAR=2026&SORT=BR&CHOSEN_JG_YEAR=2026&PRE_JG_YEAR=2026&LOAD_TYPE=single,(행현초)2026학년도 연간학사일정.hwp / (행현초)2026학년도 학교교육과정 편성·운영·평가 계획.hwp,https://www.schoolinfo.go.kr/ei/pp/Pneipp_b73_s0p.do?GS_HANGMOK_CD=73&GS_HANGMOK_NO=15-%EB%9D%BC&GS_HANGMOK_NM=%EB%B0%A9%EA%B3%BC%ED%9B%84%ED%95%99%EA%B5%90+%EC%9A%B4%EC%98%81+%EA%B3%84%ED%9A%8D+%EB%B0%8F+%EC%9A%B4%EC%98%81%E3%86%8D%EC%A7%80%EC%9B%90%ED%98%84%ED%99%A9&GS_BURYU_CD=JG130&JG_BURYU_CD=JG150&JG_HANGMOK_CD=59&JG_GUBUN=1&JG_YEAR2=2026&HG_NM=%EC%84%9C%EC%9A%B8%ED%96%89%ED%98%84%EC%B4%88%EB%93%B1%ED%95%99%EA%B5%90&SHL_IDF_CD=683023f2-e121-432a-93ad-05769bff4b00&GS_TYPE=Y&JG_YEAR=2026&SORT=BR&CHOSEN_JG_YEAR=2026&PRE_JG_YEAR=2026&LOAD_TYPE=single,2026학교교육과정_07_방과후·돌봄_236-264.hwp,,,,,,,,,,
wave2_seoul,B000002366,한양초등학교,서울특별시,"요일 학교 확인: 수(6교시), 금(6교시) — 1학년 4·5교시가 아닌 날이거나 NEIS 교시 수가 불확실",15-라 계획에 1학년 오후돌봄 종료 시각이 없음,https://www.schoolinfo.go.kr/ei/ss/Pneiss_b01_s0.do?SHL_IDF_CD=8bc3c248-5e5a-4278-a149-737222501934,https://www.schoolinfo.go.kr/ei/pp/Pneipp_b14_s0p.do?GS_HANGMOK_CD=14&GS_HANGMOK_NO=2-%EA%B0%80&GS_HANGMOK_NM=%ED%95%99%EA%B5%90%EA%B5%90%EC%9C%A1%EA%B3%BC%EC%A0%95+%ED%8E%B8%EC%84%B1%E3%86%8D%EC%9A%B4%EC%98%81+%EB%B0%8F+%ED%8F%89%EA%B0%80%EC%97%90+%EA%B4%80%ED%95%9C+%EC%82%AC%ED%95%AD&GS_BURYU_CD=JG100&JG_BURYU_CD=JG020&JG_HANGMOK_CD=05&JG_GUBUN=1&JG_YEAR2=2026&HG_NM=%ED%95%9C%EC%96%91%EC%B4%88%EB%93%B1%ED%95%99%EA%B5%90&SHL_IDF_CD=8bc3c248-5e5a-4278-a149-737222501934&GS_TYPE=Y&JG_YEAR=2026&SORT=BR&CHOSEN_JG_YEAR=2026&PRE_JG_YEAR=2026&LOAD_TYPE=single,2026학년도 학교교육과정운영계획(한양초).hwpx,https://www.schoolinfo.go.kr/ei/pp/Pneipp_b73_s0p.do?GS_HANGMOK_CD=73&GS_HANGMOK_NO=15-%EB%9D%BC&GS_HANGMOK_NM=%EB%B0%A9%EA%B3%BC%ED%9B%84%ED%95%99%EA%B5%90+%EC%9A%B4%EC%98%81+%EA%B3%84%ED%9A%8D+%EB%B0%8F+%EC%9A%B4%EC%98%81%E3%86%8D%EC%A7%80%EC%9B%90%ED%98%84%ED%99%A9&GS_BURYU_CD=JG130&JG_BURYU_CD=JG150&JG_HANGMOK_CD=59&JG_GUBUN=1&JG_YEAR2=2026&HG_NM=%ED%95%9C%EC%96%91%EC%B4%88%EB%93%B1%ED%95%99%EA%B5%90&SHL_IDF_CD=8bc3c248-5e5a-4278-a149-737222501934&GS_TYPE=Y&JG_YEAR=2026&SORT=BR&CHOSEN_JG_YEAR=2026&PRE_JG_YEAR=2026&LOAD_TYPE=single,2026학년도 한양초 방과후교실  운영 계획.hwp,,,,,,,,,,
wave2_seoul,B000002367,서울양진초등학교,서울특별시,2-가 문서에서 시정표를 찾지 못함(요약본이거나 표가 이미지일 수 있음),,https://www.schoolinfo.go.kr/ei/ss/Pneiss_b01_s0.do?SHL_IDF_CD=27b5bdfb-8090-4b6f-aa30-9a71dc8f0609,https://www.schoolinfo.go.kr/ei/pp/Pneipp_b14_s0p.do?GS_HANGMOK_CD=14&GS_HANGMOK_NO=2-%EA%B0%80&GS_HANGMOK_NM=%ED%95%99%EA%B5%90%EA%B5%90%EC%9C%A1%EA%B3%BC%EC%A0%95+%ED%8E%B8%EC%84%B1%E3%86%8D%EC%9A%B4%EC%98%81+%EB%B0%8F+%ED%8F%89%EA%B0%80%EC%97%90+%EA%B4%80%ED%95%9C+%EC%82%AC%ED%95%AD&GS_BURYU_CD=JG100&JG_BURYU_CD=JG020&JG_HANGMOK_CD=05&JG_GUBUN=1&JG_YEAR2=2026&HG_NM=%EC%84%9C%EC%9A%B8%EC%96%91%EC%A7%84%EC%B4%88%EB%93%B1%ED%95%99%EA%B5%90&SHL_IDF_CD=27b5bdfb-8090-4b6f-aa30-9a71dc8f0609&GS_TYPE=Y&JG_YEAR=2026&SORT=BR&CHOSEN_JG_YEAR=2026&PRE_JG_YEAR=2026&LOAD_TYPE=single,2026학년도 양진초 학교교육과정 편성 운영 평가 계획.pdf,https://www.schoolinfo.go.kr/ei/pp/Pneipp_b73_s0p.do?GS_HANGMOK_CD=73&GS_HANGMOK_NO=15-%EB%9D%BC&GS_HANGMOK_NM=%EB%B0%A9%EA%B3%BC%ED%9B%84%ED%95%99%EA%B5%90+%EC%9A%B4%EC%98%81+%EA%B3%84%ED%9A%8D+%EB%B0%8F+%EC%9A%B4%EC%98%81%E3%86%8D%EC%A7%80%EC%9B%90%ED%98%84%ED%99%A9&GS_BURYU_CD=JG130&JG_BURYU_CD=JG150&JG_HANGMOK_CD=59&JG_GUBUN=1&JG_YEAR2=2026&HG_NM=%EC%84%9C%EC%9A%B8%EC%96%91%EC%A7%84%EC%B4%88%EB%93%B1%ED%95%99%EA%B5%90&SHL_IDF_CD=27b5bdfb-8090-4b6f-aa30-9a71dc8f0609&GS_TYPE=Y&JG_YEAR=2026&SORT=BR&CHOSEN_JG_YEAR=2026&PRE_JG_YEAR=2026&LOAD_TYPE=single,(정보공시)2026 양진초 방과후교실 수익자 경비 부담 사항.hwp / (정보공시)2026 양진초 방과후돌봄 연간 운영 계획.hwp,,,,,,,,,,
wave2_seoul,B000002368,서울광남초등학교,서울특별시,2-가 문서에서 시정표를 찾지 못함(요약본이거나 표가 이미지일 수 있음),,https://www.schoolinfo.go.kr/ei/ss/Pneiss_b01_s0.do?SHL_IDF_CD=16c9e34f-5fe0-45b6-889d-723d4d57af75,https://www.schoolinfo.go.kr/ei/pp/Pneipp_b14_s0p.do?GS_HANGMOK_CD=14&GS_HANGMOK_NO=2-%EA%B0%80&GS_HANGMOK_NM=%ED%95%99%EA%B5%90%EA%B5%90%EC%9C%A1%EA%B3%BC%EC%A0%95+%ED%8E%B8%EC%84%B1%E3%86%8D%EC%9A%B4%EC%98%81+%EB%B0%8F+%ED%8F%89%EA%B0%80%EC%97%90+%EA%B4%80%ED%95%9C+%EC%82%AC%ED%95%AD&GS_BURYU_CD=JG100&JG_BURYU_CD=JG020&JG_HANGMOK_CD=05&JG_GUBUN=1&JG_YEAR2=2026&HG_NM=%EC%84%9C%EC%9A%B8%EA%B4%91%EB%82%A8%EC%B4%88%EB%93%B1%ED%95%99%EA%B5%90&SHL_IDF_CD=16c9e34f-5fe0-45b6-889d-723d4d57af75&GS_TYPE=Y&JG_YEAR=2026&SORT=BR&CHOSEN_JG_YEAR=2026&PRE_JG_YEAR=2026&LOAD_TYPE=single,2026 학교교육과정 편성운영 평가 계획.hwp,https://www.schoolinfo.go.kr/ei/pp/Pneipp_b73_s0p.do?GS_HANGMOK_CD=73&GS_HANGMOK_NO=15-%EB%9D%BC&GS_HANGMOK_NM=%EB%B0%A9%EA%B3%BC%ED%9B%84%ED%95%99%EA%B5%90+%EC%9A%B4%EC%98%81+%EA%B3%84%ED%9A%8D+%EB%B0%8F+%EC%9A%B4%EC%98%81%E3%86%8D%EC%A7%80%EC%9B%90%ED%98%84%ED%99%A9&GS_BURYU_CD=JG130&JG_BURYU_CD=JG150&JG_HANGMOK_CD=59&JG_GUBUN=1&JG_YEAR2=2026&HG_NM=%EC%84%9C%EC%9A%B8%EA%B4%91%EB%82%A8%EC%B4%88%EB%93%B1%ED%95%99%EA%B5%90&SHL_IDF_CD=16c9e34f-5fe0-45b6-889d-723d4d57af75&GS_TYPE=Y&JG_YEAR=2026&SORT=BR&CHOSEN_JG_YEAR=2026&PRE_JG_YEAR=2026&LOAD_TYPE=single,(광남초)2026 방과후·맞춤형교실 연간운영계획.hwpx / (광남초)2026학년도 초등돌봄교실 연간운영계획.hwp,,,,,,,,,,
wave2_seoul,B000002369,서울광장초등학교,서울특별시,,15-라 계획에 1학년 오후돌봄 종료 시각이 없음,https://www.schoolinfo.go.kr/ei/ss/Pneiss_b01_s0.do?SHL_IDF_CD=71a07ea9-85a5-4fbe-af11-2efe9cecfefb,https://www.schoolinfo.go.kr/ei/pp/Pneipp_b14_s0p.do?GS_HANGMOK_CD=14&GS_HANGMOK_NO=2-%EA%B0%80&GS_HANGMOK_NM=%ED%95%99%EA%B5%90%EA%B5%90%EC%9C%A1%EA%B3%BC%EC%A0%95+%ED%8E%B8%EC%84%B1%E3%86%8D%EC%9A%B4%EC%98%81+%EB%B0%8F+%ED%8F%89%EA%B0%80%EC%97%90+%EA%B4%80%ED%95%9C+%EC%82%AC%ED%95%AD&GS_BURYU_CD=JG100&JG_BURYU_CD=JG020&JG_HANGMOK_CD=05&JG_GUBUN=1&JG_YEAR2=2026&HG_NM=%EC%84%9C%EC%9A%B8%EA%B4%91%EC%9E%A5%EC%B4%88%EB%93%B1%ED%95%99%EA%B5%90&SHL_IDF_CD=71a07ea9-85a5-4fbe-af11-2efe9cecfefb&GS_TYPE=Y&JG_YEAR=2026&SORT=BR&CHOSEN_JG_YEAR=2026&PRE_JG_YEAR=2026&LOAD_TYPE=single,2026학년도 광장초 학교교육과정 편성·운영·평가 계획.pdf,https://www.schoolinfo.go.kr/ei/pp/Pneipp_b73_s0p.do?GS_HANGMOK_CD=73&GS_HANGMOK_NO=15-%EB%9D%BC&GS_HANGMOK_NM=%EB%B0%A9%EA%B3%BC%ED%9B%84%ED%95%99%EA%B5%90+%EC%9A%B4%EC%98%81+%EA%B3%84%ED%9A%8D+%EB%B0%8F+%EC%9A%B4%EC%98%81%E3%86%8D%EC%A7%80%EC%9B%90%ED%98%84%ED%99%A9&GS_BURYU_CD=JG130&JG_BURYU_CD=JG150&JG_HANGMOK_CD=59&JG_GUBUN=1&JG_YEAR2=2026&HG_NM=%EC%84%9C%EC%9A%B8%EA%B4%91%EC%9E%A5%EC%B4%88%EB%93%B1%ED%95%99%EA%B5%90&SHL_IDF_CD=71a07ea9-85a5-4fbe-af11-2efe9cecfefb&GS_TYPE=Y&JG_YEAR=2026&SORT=BR&CHOSEN_JG_YEAR=2026&PRE_JG_YEAR=2026&LOAD_TYPE=single,20○○학년도 방과후교실 운영계획.hwpx,,,,,,,,,,
wave2_seoul,B000002370,서울동의초등학교,서울특별시,2-가 문서에서 시정표를 찾지 못함(요약본이거나 표가 이미지일 수 있음),,https://www.schoolinfo.go.kr/ei/ss/Pneiss_b01_s0.do?SHL_IDF_CD=c591f5eb-8bf6-468c-a50e-2a8ebae7d1c4,https://www.schoolinfo.go.kr/ei/pp/Pneipp_b14_s0p.do?GS_HANGMOK_CD=14&GS_HANGMOK_NO=2-%EA%B0%80&GS_HANGMOK_NM=%ED%95%99%EA%B5%90%EA%B5%90%EC%9C%A1%EA%B3%BC%EC%A0%95+%ED%8E%B8%EC%84%B1%E3%86%8D%EC%9A%B4%EC%98%81+%EB%B0%8F+%ED%8F%89%EA%B0%80%EC%97%90+%EA%B4%80%ED%95%9C+%EC%82%AC%ED%95%AD&GS_BURYU_CD=JG100&JG_BURYU_CD=JG020&JG_HANGMOK_CD=05&JG_GUBUN=1&JG_YEAR2=2026&HG_NM=%EC%84%9C%EC%9A%B8%EB%8F%99%EC%9D%98%EC%B4%88%EB%93%B1%ED%95%99%EA%B5%90&SHL_IDF_CD=c591f5eb-8bf6-468c-a50e-2a8ebae7d1c4&GS_TYPE=Y&JG_YEAR=2026&SORT=BR&CHOSEN_JG_YEAR=2026&PRE_JG_YEAR=2026&LOAD_TYPE=single,2026학년도 동의행복교육 학교교육과정(공시).hwpx,https://www.schoolinfo.go.kr/ei/pp/Pneipp_b73_s0p.do?GS_HANGMOK_CD=73&GS_HANGMOK_NO=15-%EB%9D%BC&GS_HANGMOK_NM=%EB%B0%A9%EA%B3%BC%ED%9B%84%ED%95%99%EA%B5%90+%EC%9A%B4%EC%98%81+%EA%B3%84%ED%9A%8D+%EB%B0%8F+%EC%9A%B4%EC%98%81%E3%86%8D%EC%A7%80%EC%9B%90%ED%98%84%ED%99%A9&GS_BURYU_CD=JG130&JG_BURYU_CD=JG150&JG_HANGMOK_CD=59&JG_GUBUN=1&JG_YEAR2=2026&HG_NM=%EC%84%9C%EC%9A%B8%EB%8F%99%EC%9D%98%EC%B4%88%EB%93%B1%ED%95%99%EA%B5%90&SHL_IDF_CD=c591f5eb-8bf6-468c-a50e-2a8ebae7d1c4&GS_TYPE=Y&JG_YEAR=2026&SORT=BR&CHOSEN_JG_YEAR=2026&PRE_JG_YEAR=2026&LOAD_TYPE=single,2026학년도 돌봄교실 운영계획(안).hwp / 2026학년도 방과후학교 연간 운영 계획(안).hwp,,,,,,,,,,
wave2_seoul,B000002371,서울광진초등학교,서울특별시,2-가 문서에서 시정표를 찾지 못함(요약본이거나 표가 이미지일 수 있음),,https://www.schoolinfo.go.kr/ei/ss/Pneiss_b01_s0.do?SHL_IDF_CD=4fe8eb8c-943e-4f60-a061-bda6db860c77,https://www.schoolinfo.go.kr/ei/pp/Pneipp_b14_s0p.do?GS_HANGMOK_CD=14&GS_HANGMOK_NO=2-%EA%B0%80&GS_HANGMOK_NM=%ED%95%99%EA%B5%90%EA%B5%90%EC%9C%A1%EA%B3%BC%EC%A0%95+%ED%8E%B8%EC%84%B1%E3%86%8D%EC%9A%B4%EC%98%81+%EB%B0%8F+%ED%8F%89%EA%B0%80%EC%97%90+%EA%B4%80%ED%95%9C+%EC%82%AC%ED%95%AD&GS_BURYU_CD=JG100&JG_BURYU_CD=JG020&JG_HANGMOK_CD=05&JG_GUBUN=1&JG_YEAR2=2026&HG_NM=%EC%84%9C%EC%9A%B8%EA%B4%91%EC%A7%84%EC%B4%88%EB%93%B1%ED%95%99%EA%B5%90&SHL_IDF_CD=4fe8eb8c-943e-4f60-a061-bda6db860c77&GS_TYPE=Y&JG_YEAR=2026&SORT=BR&CHOSEN_JG_YEAR=2026&PRE_JG_YEAR=2026&LOAD_TYPE=single,2-가 학교교육과정 편성ㆍ운영 및 평가.pdf,https://www.schoolinfo.go.kr/ei/pp/Pneipp_b73_s0p.do?GS_HANGMOK_CD=73&GS_HANGMOK_NO=15-%EB%9D%BC&GS_HANGMOK_NM=%EB%B0%A9%EA%B3%BC%ED%9B%84%ED%95%99%EA%B5%90+%EC%9A%B4%EC%98%81+%EA%B3%84%ED%9A%8D+%EB%B0%8F+%EC%9A%B4%EC%98%81%E3%86%8D%EC%A7%80%EC%9B%90%ED%98%84%ED%99%A9&GS_BURYU_CD=JG130&JG_BURYU_CD=JG150&JG_HANGMOK_CD=59&JG_GUBUN=1&JG_YEAR2=2026&HG_NM=%EC%84%9C%EC%9A%B8%EA%B4%91%EC%A7%84%EC%B4%88%EB%93%B1%ED%95%99%EA%B5%90&SHL_IDF_CD=4fe8eb8c-943e-4f60-a061-bda6db860c77&GS_TYPE=Y&JG_YEAR=2026&SORT=BR&CHOSEN_JG_YEAR=2026&PRE_JG_YEAR=2026&LOAD_TYPE=single,(정보공시)2026학년도 방과후·맞춤형교실 연간운영계획.pdf / (정보공시)2026학년도 서울광진초등학교 돌봄교실 운영 계획.pdf,,,,,,,,,,
wave2_seoul,B000002372,서울구남초등학교,서울특별시,2-가 문서에서 시정표를 찾지 못함(요약본이거나 표가 이미지일 수 있음),15-라 계획에 1학년 오후돌봄 종료 시각이 없음,https://www.schoolinfo.go.kr/ei/ss/Pneiss_b01_s0.do?SHL_IDF_CD=49930ee6-8cbc-45ed-816b-4e17bc043fb3,https://www.schoolinfo.go.kr/ei/pp/Pneipp_b14_s0p.do?GS_HANGMOK_CD=14&GS_HANGMOK_NO=2-%EA%B0%80&GS_HANGMOK_NM=%ED%95%99%EA%B5%90%EA%B5%90%EC%9C%A1%EA%B3%BC%EC%A0%95+%ED%8E%B8%EC%84%B1%E3%86%8D%EC%9A%B4%EC%98%81+%EB%B0%8F+%ED%8F%89%EA%B0%80%EC%97%90+%EA%B4%80%ED%95%9C+%EC%82%AC%ED%95%AD&GS_BURYU_CD=JG100&JG_BURYU_CD=JG020&JG_HANGMOK_CD=05&JG_GUBUN=1&JG_YEAR2=2026&HG_NM=%EC%84%9C%EC%9A%B8%EA%B5%AC%EB%82%A8%EC%B4%88%EB%93%B1%ED%95%99%EA%B5%90&SHL_IDF_CD=49930ee6-8cbc-45ed-816b-4e17bc043fb3&GS_TYPE=Y&JG_YEAR=2026&SORT=BR&CHOSEN_JG_YEAR=2026&PRE_JG_YEAR=2026&LOAD_TYPE=single,"학교 교육과정 편성 운영 및 교육과정 평가.pdf / 2025학년도 학교평가 결과 및 2026학년도 교육계획 수립을 위한 설문 결과.pdf / 교내현장체험학습 운영 계획.pdf / 창의적 체험활동 운영 계획.pdf / 학교 교육과정 편성 운영의 기본 방향, 편제 및 시간 배당.pdf",https://www.schoolinfo.go.kr/ei/pp/Pneipp_b73_s0p.do?GS_HANGMOK_CD=73&GS_HANGMOK_NO=15-%EB%9D%BC&GS_HANGMOK_NM=%EB%B0%A9%EA%B3%BC%ED%9B%84%ED%95%99%EA%B5%90+%EC%9A%B4%EC%98%81+%EA%B3%84%ED%9A%8D+%EB%B0%8F+%EC%9A%B4%EC%98%81%E3%86%8D%EC%A7%80%EC%9B%90%ED%98%84%ED%99%A9&GS_BURYU_CD=JG130&JG_BURYU_CD=JG150&JG_HANGMOK_CD=59&JG_GUBUN=1&JG_YEAR2=2026&HG_NM=%EC%84%9C%EC%9A%B8%EA%B5%AC%EB%82%A8%EC%B4%88%EB%93%B1%ED%95%99%EA%B5%90&SHL_IDF_CD=49930ee6-8cbc-45ed-816b-4e17bc043fb3&GS_TYPE=Y&JG_YEAR=2026&SORT=BR&CHOSEN_JG_YEAR=2026&PRE_JG_YEAR=2026&LOAD_TYPE=single,_2026학년도 방과후·맞춤형 프로그램 연간 운영계획 및 1기 프로그램 개설 계획.hwp,,,,,,,,,,
wave2_seoul,B000002374,서울자양초등학교,서울특별시,2-가 문서에서 시정표를 찾지 못함(요약본이거나 표가 이미지일 수 있음),,https://www.schoolinfo.go.kr/ei/ss/Pneiss_b01_s0.do?SHL_IDF_CD=68ef8702-508d-43e8-b5d9-01e2dd647553,https://www.schoolinfo.go.kr/ei/pp/Pneipp_b14_s0p.do?GS_HANGMOK_CD=14&GS_HANGMOK_NO=2-%EA%B0%80&GS_HANGMOK_NM=%ED%95%99%EA%B5%90%EA%B5%90%EC%9C%A1%EA%B3%BC%EC%A0%95+%ED%8E%B8%EC%84%B1%E3%86%8D%EC%9A%B4%EC%98%81+%EB%B0%8F+%ED%8F%89%EA%B0%80%EC%97%90+%EA%B4%80%ED%95%9C+%EC%82%AC%ED%95%AD&GS_BURYU_CD=JG100&JG_BURYU_CD=JG020&JG_HANGMOK_CD=05&JG_GUBUN=1&JG_YEAR2=2026&HG_NM=%EC%84%9C%EC%9A%B8%EC%9E%90%EC%96%91%EC%B4%88%EB%93%B1%ED%95%99%EA%B5%90&SHL_IDF_CD=68ef8702-508d-43e8-b5d9-01e2dd647553&GS_TYPE=Y&JG_YEAR=2026&SORT=BR&CHOSEN_JG_YEAR=2026&PRE_JG_YEAR=2026&LOAD_TYPE=single,2026학년도 자양초 연간학사일정.pdf / 2026학년도 학교교육과정 편성 운영 및 평가 계획.pdf,https://www.schoolinfo.go.kr/ei/pp/Pneipp_b73_s0p.do?GS_HANGMOK_CD=73&GS_HANGMOK_NO=15-%EB%9D%BC&GS_HANGMOK_NM=%EB%B0%A9%EA%B3%BC%ED%9B%84%ED%95%99%EA%B5%90+%EC%9A%B4%EC%98%81+%EA%B3%84%ED%9A%8D+%EB%B0%8F+%EC%9A%B4%EC%98%81%E3%86%8D%EC%A7%80%EC%9B%90%ED%98%84%ED%99%A9&GS_BURYU_CD=JG130&JG_BURYU_CD=JG150&JG_HANGMOK_CD=59&JG_GUBUN=1&JG_YEAR2=2026&HG_NM=%EC%84%9C%EC%9A%B8%EC%9E%90%EC%96%91%EC%B4%88%EB%93%B1%ED%95%99%EA%B5%90&SHL_IDF_CD=68ef8702-508d-43e8-b5d9-01e2dd647553&GS_TYPE=Y&JG_YEAR=2026&SORT=BR&CHOSEN_JG_YEAR=2026&PRE_JG_YEAR=2026&LOAD_TYPE=single,2026학년도 서울자양초등학교 방과후·맞춤형교실 운영 계획 및 위탁운영 계획(안).hwp / 2026학년도 서울자양초등학교 방과후·맞춤형교실 연간 운영 계획(안).hwpx / 2026학년도 서울자양초등학교 돌봄교실 운영 계획(안).hwp,,,,,,,,,,
wave2_seoul,B000002376,서울신양초등학교,서울특별시,,15-라 계획에 1학년 오후돌봄 종료 시각이 없음,https://www.schoolinfo.go.kr/ei/ss/Pneiss_b01_s0.do?SHL_IDF_CD=23be4f9a-c331-4547-b630-3cf284873100,https://www.schoolinfo.go.kr/ei/pp/Pneipp_b14_s0p.do?GS_HANGMOK_CD=14&GS_HANGMOK_NO=2-%EA%B0%80&GS_HANGMOK_NM=%ED%95%99%EA%B5%90%EA%B5%90%EC%9C%A1%EA%B3%BC%EC%A0%95+%ED%8E%B8%EC%84%B1%E3%86%8D%EC%9A%B4%EC%98%81+%EB%B0%8F+%ED%8F%89%EA%B0%80%EC%97%90+%EA%B4%80%ED%95%9C+%EC%82%AC%ED%95%AD&GS_BURYU_CD=JG100&JG_BURYU_CD=JG020&JG_HANGMOK_CD=05&JG_GUBUN=1&JG_YEAR2=2026&HG_NM=%EC%84%9C%EC%9A%B8%EC%8B%A0%EC%96%91%EC%B4%88%EB%93%B1%ED%95%99%EA%B5%90&SHL_IDF_CD=23be4f9a-c331-4547-b630-3cf284873100&GS_TYPE=Y&JG_YEAR=2026&SORT=BR&CHOSEN_JG_YEAR=2026&PRE_JG_YEAR=2026&LOAD_TYPE=single,2026학년도 신양학교교육계획.pdf / 2026학년도 신양초 연간학사일정.hwp,https://www.schoolinfo.go.kr/ei/pp/Pneipp_b73_s0p.do?GS_HANGMOK_CD=73&GS_HANGMOK_NO=15-%EB%9D%BC&GS_HANGMOK_NM=%EB%B0%A9%EA%B3%BC%ED%9B%84%ED%95%99%EA%B5%90+%EC%9A%B4%EC%98%81+%EA%B3%84%ED%9A%8D+%EB%B0%8F+%EC%9A%B4%EC%98%81%E3%86%8D%EC%A7%80%EC%9B%90%ED%98%84%ED%99%A9&GS_BURYU_CD=JG130&JG_BURYU_CD=JG150&JG_HANGMOK_CD=59&JG_GUBUN=1&JG_YEAR2=2026&HG_NM=%EC%84%9C%EC%9A%B8%EC%8B%A0%EC%96%91%EC%B4%88%EB%93%B1%ED%95%99%EA%B5%90&SHL_IDF_CD=23be4f9a-c331-4547-b630-3cf284873100&GS_TYPE=Y&JG_YEAR=2026&SORT=BR&CHOSEN_JG_YEAR=2026&PRE_JG_YEAR=2026&LOAD_TYPE=single,2026학년도 방과후·맞춤형교실 연간 세부 운영 계획 심의(안).hwp,,,,,,,,,,
wave2_seoul,B000002377,서울신자초등학교,서울특별시,2-가 문서에서 시정표를 찾지 못함(요약본이거나 표가 이미지일 수 있음),15-라 계획에 1학년 오후돌봄 종료 시각이 없음,https://www.schoolinfo.go.kr/ei/ss/Pneiss_b01_s0.do?SHL_IDF_CD=15de14f5-b2e8-460f-937c-0c4d5690cef0,https://www.schoolinfo.go.kr/ei/pp/Pneipp_b14_s0p.do?GS_HANGMOK_CD=14&GS_HANGMOK_NO=2-%EA%B0%80&GS_HANGMOK_NM=%ED%95%99%EA%B5%90%EA%B5%90%EC%9C%A1%EA%B3%BC%EC%A0%95+%ED%8E%B8%EC%84%B1%E3%86%8D%EC%9A%B4%EC%98%81+%EB%B0%8F+%ED%8F%89%EA%B0%80%EC%97%90+%EA%B4%80%ED%95%9C+%EC%82%AC%ED%95%AD&GS_BURYU_CD=JG100&JG_BURYU_CD=JG020&JG_HANGMOK_CD=05&JG_GUBUN=1&JG_YEAR2=2026&HG_NM=%EC%84%9C%EC%9A%B8%EC%8B%A0%EC%9E%90%EC%B4%88%EB%93%B1%ED%95%99%EA%B5%90&SHL_IDF_CD=15de14f5-b2e8-460f-937c-0c4d5690cef0&GS_TYPE=Y&JG_YEAR=2026&SORT=BR&CHOSEN_JG_YEAR=2026&PRE_JG_YEAR=2026&LOAD_TYPE=single,학교교육과정 편성 운영 및 평가에 관한 사항.pdf,https://www.schoolinfo.go.kr/ei/pp/Pneipp_b73_s0p.do?GS_HANGMOK_CD=73&GS_HANGMOK_NO=15-%EB%9D%BC&GS_HANGMOK_NM=%EB%B0%A9%EA%B3%BC%ED%9B%84%ED%95%99%EA%B5%90+%EC%9A%B4%EC%98%81+%EA%B3%84%ED%9A%8D+%EB%B0%8F+%EC%9A%B4%EC%98%81%E3%86%8D%EC%A7%80%EC%9B%90%ED%98%84%ED%99%A9&GS_BURYU_CD=JG130&JG_BURYU_CD=JG150&JG_HANGMOK_CD=59&JG_GUBUN=1&JG_YEAR2=2026&HG_NM=%EC%84%9C%EC%9A%B8%EC%8B%A0%EC%9E%90%EC%B4%88%EB%93%B1%ED%95%99%EA%B5%90&SHL_IDF_CD=15de14f5-b2e8-460f-937c-0c4d5690cef0&GS_TYPE=Y&JG_YEAR=2026&SORT=BR&CHOSEN_JG_YEAR=2026&PRE_JG_YEAR=2026&LOAD_TYPE=single,2026학년도 방과후교실 및 맞춤형교실 연간운영계획(안) 학운위 심의자료(정보공시자료).hwp,,,,,,,,,,
wave2_seoul,B000002378,서울성자초등학교,서울특별시,2-가 문서에서 시정표를 찾지 못함(요약본이거나 표가 이미지일 수 있음),15-라 계획에 1학년 오후돌봄 종료 시각이 없음,https://www.schoolinfo.go.kr/ei/ss/Pneiss_b01_s0.do?SHL_IDF_CD=f16a3a08-daa5-43aa-9e0a-795d93ac3f0f,https://www.schoolinfo.go.kr/ei/pp/Pneipp_b14_s0p.do?GS_HANGMOK_CD=14&GS_HANGMOK_NO=2-%EA%B0%80&GS_HANGMOK_NM=%ED%95%99%EA%B5%90%EA%B5%90%EC%9C%A1%EA%B3%BC%EC%A0%95+%ED%8E%B8%EC%84%B1%E3%86%8D%EC%9A%B4%EC%98%81+%EB%B0%8F+%ED%8F%89%EA%B0%80%EC%97%90+%EA%B4%80%ED%95%9C+%EC%82%AC%ED%95%AD&GS_BURYU_CD=JG100&JG_BURYU_CD=JG020&JG_HANGMOK_CD=05&JG_GUBUN=1&JG_YEAR2=2026&HG_NM=%EC%84%9C%EC%9A%B8%EC%84%B1%EC%9E%90%EC%B4%88%EB%93%B1%ED%95%99%EA%B5%90&SHL_IDF_CD=f16a3a08-daa5-43aa-9e0a-795d93ac3f0f&GS_TYPE=Y&JG_YEAR=2026&SORT=BR&CHOSEN_JG_YEAR=2026&PRE_JG_YEAR=2026&LOAD_TYPE=single,2026학년도 성자초 학교교육과정 편성운영평가계획.pdf / 2026학년도 성자초 연간학사일정.pdf,https://www.schoolinfo.go.kr/ei/pp/Pneipp_b73_s0p.do?GS_HANGMOK_CD=73&GS_HANGMOK_NO=15-%EB%9D%BC&GS_HANGMOK_NM=%EB%B0%A9%EA%B3%BC%ED%9B%84%ED%95%99%EA%B5%90+%EC%9A%B4%EC%98%81+%EA%B3%84%ED%9A%8D+%EB%B0%8F+%EC%9A%B4%EC%98%81%E3%86%8D%EC%A7%80%EC%9B%90%ED%98%84%ED%99%A9&GS_BURYU_CD=JG130&JG_BURYU_CD=JG150&JG_HANGMOK_CD=59&JG_GUBUN=1&JG_YEAR2=2026&HG_NM=%EC%84%9C%EC%9A%B8%EC%84%B1%EC%9E%90%EC%B4%88%EB%93%B1%ED%95%99%EA%B5%90&SHL_IDF_CD=f16a3a08-daa5-43aa-9e0a-795d93ac3f0f&GS_TYPE=Y&JG_YEAR=2026&SORT=BR&CHOSEN_JG_YEAR=2026&PRE_JG_YEAR=2026&LOAD_TYPE=single,2026학년도 방과후·맞춤형교실 연간 운영 계획(안).hwp,,,,,,,,,,
wave2_seoul,B000002379,서울양남초등학교,서울특별시,2-가 문서에서 시정표를 찾지 못함(요약본이거나 표가 이미지일 수 있음),,https://www.schoolinfo.go.kr/ei/ss/Pneiss_b01_s0.do?SHL_IDF_CD=43613bcd-669e-4287-bc24-5ee74fc84b91,https://www.schoolinfo.go.kr/ei/pp/Pneipp_b14_s0p.do?GS_HANGMOK_CD=14&GS_HANGMOK_NO=2-%EA%B0%80&GS_HANGMOK_NM=%ED%95%99%EA%B5%90%EA%B5%90%EC%9C%A1%EA%B3%BC%EC%A0%95+%ED%8E%B8%EC%84%B1%E3%86%8D%EC%9A%B4%EC%98%81+%EB%B0%8F+%ED%8F%89%EA%B0%80%EC%97%90+%EA%B4%80%ED%95%9C+%EC%82%AC%ED%95%AD&GS_BURYU_CD=JG100&JG_BURYU_CD=JG020&JG_HANGMOK_CD=05&JG_GUBUN=1&JG_YEAR2=2026&HG_NM=%EC%84%9C%EC%9A%B8%EC%96%91%EB%82%A8%EC%B4%88%EB%93%B1%ED%95%99%EA%B5%90&SHL_IDF_CD=43613bcd-669e-4287-bc24-5ee74fc84b91&GS_TYPE=Y&JG_YEAR=2026&SORT=BR&CHOSEN_JG_YEAR=2026&PRE_JG_YEAR=2026&LOAD_TYPE=single,2026 양남초 학교교육과정 편성·운영 및 평가.hwp,https://www.schoolinfo.go.kr/ei/pp/Pneipp_b73_s0p.do?GS_HANGMOK_CD=73&GS_HANGMOK_NO=15-%EB%9D%BC&GS_HANGMOK_NM=%EB%B0%A9%EA%B3%BC%ED%9B%84%ED%95%99%EA%B5%90+%EC%9A%B4%EC%98%81+%EA%B3%84%ED%9A%8D+%EB%B0%8F+%EC%9A%B4%EC%98%81%E3%86%8D%EC%A7%80%EC%9B%90%ED%98%84%ED%99%A9&GS_BURYU_CD=JG130&JG_BURYU_CD=JG150&JG_HANGMOK_CD=59&JG_GUBUN=1&JG_YEAR2=2026&HG_NM=%EC%84%9C%EC%9A%B8%EC%96%91%EB%82%A8%EC%B4%88%EB%93%B1%ED%95%99%EA%B5%90&SHL_IDF_CD=43613bcd-669e-4287-bc24-5ee74fc84b91&GS_TYPE=Y&JG_YEAR=2026&SORT=BR&CHOSEN_JG_YEAR=2026&PRE_JG_YEAR=2026&LOAD_TYPE=single,"2026학년도 방과후,맞춤형교실 연간 운영 계획(안),1분기 운영계획(안).pdf / 2026학년도 초등돌봄교실 연간 운영계획(안).hwp",,,,,,,,,,
wave2_seoul,B000002380,서울용마초등학교,서울특별시,2-가 문서에서 시정표를 찾지 못함(요약본이거나 표가 이미지일 수 있음),,https://www.schoolinfo.go.kr/ei/ss/Pneiss_b01_s0.do?SHL_IDF_CD=b4026963-6a94-4768-aaae-8b36818d68bb,https://www.schoolinfo.go.kr/ei/pp/Pneipp_b14_s0p.do?GS_HANGMOK_CD=14&GS_HANGMOK_NO=2-%EA%B0%80&GS_HANGMOK_NM=%ED%95%99%EA%B5%90%EA%B5%90%EC%9C%A1%EA%B3%BC%EC%A0%95+%ED%8E%B8%EC%84%B1%E3%86%8D%EC%9A%B4%EC%98%81+%EB%B0%8F+%ED%8F%89%EA%B0%80%EC%97%90+%EA%B4%80%ED%95%9C+%EC%82%AC%ED%95%AD&GS_BURYU_CD=JG100&JG_BURYU_CD=JG020&JG_HANGMOK_CD=05&JG_GUBUN=1&JG_YEAR2=2026&HG_NM=%EC%84%9C%EC%9A%B8%EC%9A%A9%EB%A7%88%EC%B4%88%EB%93%B1%ED%95%99%EA%B5%90&SHL_IDF_CD=b4026963-6a94-4768-aaae-8b36818d68bb&GS_TYPE=Y&JG_YEAR=2026&SORT=BR&CHOSEN_JG_YEAR=2026&PRE_JG_YEAR=2026&LOAD_TYPE=single,2026학년도 서울용마초등학교 학교교육과정 편성운영평가 계획.hwp,https://www.schoolinfo.go.kr/ei/pp/Pneipp_b73_s0p.do?GS_HANGMOK_CD=73&GS_HANGMOK_NO=15-%EB%9D%BC&GS_HANGMOK_NM=%EB%B0%A9%EA%B3%BC%ED%9B%84%ED%95%99%EA%B5%90+%EC%9A%B4%EC%98%81+%EA%B3%84%ED%9A%8D+%EB%B0%8F+%EC%9A%B4%EC%98%81%E3%86%8D%EC%A7%80%EC%9B%90%ED%98%84%ED%99%A9&GS_BURYU_CD=JG130&JG_BURYU_CD=JG150&JG_HANGMOK_CD=59&JG_GUBUN=1&JG_YEAR2=2026&HG_NM=%EC%84%9C%EC%9A%B8%EC%9A%A9%EB%A7%88%EC%B4%88%EB%93%B1%ED%95%99%EA%B5%90&SHL_IDF_CD=b4026963-6a94-4768-aaae-8b36818d68bb&GS_TYPE=Y&JG_YEAR=2026&SORT=BR&CHOSEN_JG_YEAR=2026&PRE_JG_YEAR=2026&LOAD_TYPE=single,2026학년도 돌봄교실 운영 계획(안).hwp / 2026학년도 방과후·맞춤형교실 운영 계획(안).hwp,,,,,,,,,,
wave2_seoul,B000002381,서울중광초등학교,서울특별시,2-가 문서에서 시정표를 찾지 못함(요약본이거나 표가 이미지일 수 있음),,https://www.schoolinfo.go.kr/ei/ss/Pneiss_b01_s0.do?SHL_IDF_CD=f131c8d1-3260-4266-a78b-d802ab454e8f,https://www.schoolinfo.go.kr/ei/pp/Pneipp_b14_s0p.do?GS_HANGMOK_CD=14&GS_HANGMOK_NO=2-%EA%B0%80&GS_HANGMOK_NM=%ED%95%99%EA%B5%90%EA%B5%90%EC%9C%A1%EA%B3%BC%EC%A0%95+%ED%8E%B8%EC%84%B1%E3%86%8D%EC%9A%B4%EC%98%81+%EB%B0%8F+%ED%8F%89%EA%B0%80%EC%97%90+%EA%B4%80%ED%95%9C+%EC%82%AC%ED%95%AD&GS_BURYU_CD=JG100&JG_BURYU_CD=JG020&JG_HANGMOK_CD=05&JG_GUBUN=1&JG_YEAR2=2026&HG_NM=%EC%84%9C%EC%9A%B8%EC%A4%91%EA%B4%91%EC%B4%88%EB%93%B1%ED%95%99%EA%B5%90&SHL_IDF_CD=f131c8d1-3260-4266-a78b-d802ab454e8f&GS_TYPE=Y&JG_YEAR=2026&SORT=BR&CHOSEN_JG_YEAR=2026&PRE_JG_YEAR=2026&LOAD_TYPE=single,(중광초)2-가_연간학사일정.hwpx / (중광초)2-가_학교교육과정_편성운영평가.hwpx,https://www.schoolinfo.go.kr/ei/pp/Pneipp_b73_s0p.do?GS_HANGMOK_CD=73&GS_HANGMOK_NO=15-%EB%9D%BC&GS_HANGMOK_NM=%EB%B0%A9%EA%B3%BC%ED%9B%84%ED%95%99%EA%B5%90+%EC%9A%B4%EC%98%81+%EA%B3%84%ED%9A%8D+%EB%B0%8F+%EC%9A%B4%EC%98%81%E3%86%8D%EC%A7%80%EC%9B%90%ED%98%84%ED%99%A9&GS_BURYU_CD=JG130&JG_BURYU_CD=JG150&JG_HANGMOK_CD=59&JG_GUBUN=1&JG_YEAR2=2026&HG_NM=%EC%84%9C%EC%9A%B8%EC%A4%91%EA%B4%91%EC%B4%88%EB%93%B1%ED%95%99%EA%B5%90&SHL_IDF_CD=f131c8d1-3260-4266-a78b-d802ab454e8f&GS_TYPE=Y&JG_YEAR=2026&SORT=BR&CHOSEN_JG_YEAR=2026&PRE_JG_YEAR=2026&LOAD_TYPE=single,2026학년도 서울중광초등학교 초등돌봄교실 운영 계획(수정).pdf / 2026학년도 서울중광초등학교 방과후교실 연간운영계획.pdf,,,,,,,,,,
wave2_seoul,B000002382,서울중마초등학교,서울특별시,2-가 문서에서 시정표를 찾지 못함(요약본이거나 표가 이미지일 수 있음),,https://www.schoolinfo.go.kr/ei/ss/Pneiss_b01_s0.do?SHL_IDF_CD=6f488ecb-2a4d-4729-a7e5-bf2d2f7bbb90,https://www.schoolinfo.go.kr/ei/pp/Pneipp_b14_s0p.do?GS_HANGMOK_CD=14&GS_HANGMOK_NO=2-%EA%B0%80&GS_HANGMOK_NM=%ED%95%99%EA%B5%90%EA%B5%90%EC%9C%A1%EA%B3%BC%EC%A0%95+%ED%8E%B8%EC%84%B1%E3%86%8D%EC%9A%B4%EC%98%81+%EB%B0%8F+%ED%8F%89%EA%B0%80%EC%97%90+%EA%B4%80%ED%95%9C+%EC%82%AC%ED%95%AD&GS_BURYU_CD=JG100&JG_BURYU_CD=JG020&JG_HANGMOK_CD=05&JG_GUBUN=1&JG_YEAR2=2026&HG_NM=%EC%84%9C%EC%9A%B8%EC%A4%91%EB%A7%88%EC%B4%88%EB%93%B1%ED%95%99%EA%B5%90&SHL_IDF_CD=6f488ecb-2a4d-4729-a7e5-bf2d2f7bbb90&GS_TYPE=Y&JG_YEAR=2026&SORT=BR&CHOSEN_JG_YEAR=2026&PRE_JG_YEAR=2026&LOAD_TYPE=single,2026 중마초 연간 학사일정 및 행사 계획.pdf / 2026 서울중마초등학교 학교교육과정 편성_운영_평가 계획.pdf,https://www.schoolinfo.go.kr/ei/pp/Pneipp_b73_s0p.do?GS_HANGMOK_CD=73&GS_HANGMOK_NO=15-%EB%9D%BC&GS_HANGMOK_NM=%EB%B0%A9%EA%B3%BC%ED%9B%84%ED%95%99%EA%B5%90+%EC%9A%B4%EC%98%81+%EA%B3%84%ED%9A%8D+%EB%B0%8F+%EC%9A%B4%EC%98%81%E3%86%8D%EC%A7%80%EC%9B%90%ED%98%84%ED%99%A9&GS_BURYU_CD=JG130&JG_BURYU_CD=JG150&JG_HANGMOK_CD=59&JG_GUBUN=1&JG_YEAR2=2026&HG_NM=%EC%84%9C%EC%9A%B8%EC%A4%91%EB%A7%88%EC%B4%88%EB%93%B1%ED%95%99%EA%B5%90&SHL_IDF_CD=6f488ecb-2a4d-4729-a7e5-bf2d2f7bbb90&GS_TYPE=Y&JG_YEAR=2026&SORT=BR&CHOSEN_JG_YEAR=2026&PRE_JG_YEAR=2026&LOAD_TYPE=single,2026학년도 중마초 초등돌봄교실 운영 계획.hwp / 2026학년도 중마초 방과후 맞춤형 운영 계획.hwp,,,,,,,,,,
wave2_seoul,B000002383,서울용곡초등학교,서울특별시,2-가 문서에서 시정표를 찾지 못함(요약본이거나 표가 이미지일 수 있음),15-라 계획에 1학년 오후돌봄 종료 시각이 없음,https://www.schoolinfo.go.kr/ei/ss/Pneiss_b01_s0.do?SHL_IDF_CD=55eedd1a-2238-4e4d-85f0-6029211556b8,https://www.schoolinfo.go.kr/ei/pp/Pneipp_b14_s0p.do?GS_HANGMOK_CD=14&GS_HANGMOK_NO=2-%EA%B0%80&GS_HANGMOK_NM=%ED%95%99%EA%B5%90%EA%B5%90%EC%9C%A1%EA%B3%BC%EC%A0%95+%ED%8E%B8%EC%84%B1%E3%86%8D%EC%9A%B4%EC%98%81+%EB%B0%8F+%ED%8F%89%EA%B0%80%EC%97%90+%EA%B4%80%ED%95%9C+%EC%82%AC%ED%95%AD&GS_BURYU_CD=JG100&JG_BURYU_CD=JG020&JG_HANGMOK_CD=05&JG_GUBUN=1&JG_YEAR2=2026&HG_NM=%EC%84%9C%EC%9A%B8%EC%9A%A9%EA%B3%A1%EC%B4%88%EB%93%B1%ED%95%99%EA%B5%90&SHL_IDF_CD=55eedd1a-2238-4e4d-85f0-6029211556b8&GS_TYPE=Y&JG_YEAR=2026&SORT=BR&CHOSEN_JG_YEAR=2026&PRE_JG_YEAR=2026&LOAD_TYPE=single,"2026학년도 용곡초 학교교육과정 평가 계획.hwpx / 2026학년도 용곡초 학교교육과정 편성, 운영의 기본 방향, 편제 및 시간배당.hwpx / 2026학년도 용곡초 연간 학사일정.hwpx",https://www.schoolinfo.go.kr/ei/pp/Pneipp_b73_s0p.do?GS_HANGMOK_CD=73&GS_HANGMOK_NO=15-%EB%9D%BC&GS_HANGMOK_NM=%EB%B0%A9%EA%B3%BC%ED%9B%84%ED%95%99%EA%B5%90+%EC%9A%B4%EC%98%81+%EA%B3%84%ED%9A%8D+%EB%B0%8F+%EC%9A%B4%EC%98%81%E3%86%8D%EC%A7%80%EC%9B%90%ED%98%84%ED%99%A9&GS_BURYU_CD=JG130&JG_BURYU_CD=JG150&JG_HANGMOK_CD=59&JG_GUBUN=1&JG_YEAR2=2026&HG_NM=%EC%84%9C%EC%9A%B8%EC%9A%A9%EA%B3%A1%EC%B4%88%EB%93%B1%ED%95%99%EA%B5%90&SHL_IDF_CD=55eedd1a-2238-4e4d-85f0-6029211556b8&GS_TYPE=Y&JG_YEAR=2026&SORT=BR&CHOSEN_JG_YEAR=2026&PRE_JG_YEAR=2026&LOAD_TYPE=single,2026학년도 방과후학교 운영계획.hwpx,,,,,,,,,,
wave2_seoul,B000002385,서울구의초등학교,서울특별시,2-가 문서에서 시정표를 찾지 못함(요약본이거나 표가 이미지일 수 있음),,https://www.schoolinfo.go.kr/ei/ss/Pneiss_b01_s0.do?SHL_IDF_CD=58666d40-0067-4289-82e8-1cb15aea5c2b,https://www.schoolinfo.go.kr/ei/pp/Pneipp_b14_s0p.do?GS_HANGMOK_CD=14&GS_HANGMOK_NO=2-%EA%B0%80&GS_HANGMOK_NM=%ED%95%99%EA%B5%90%EA%B5%90%EC%9C%A1%EA%B3%BC%EC%A0%95+%ED%8E%B8%EC%84%B1%E3%86%8D%EC%9A%B4%EC%98%81+%EB%B0%8F+%ED%8F%89%EA%B0%80%EC%97%90+%EA%B4%80%ED%95%9C+%EC%82%AC%ED%95%AD&GS_BURYU_CD=JG100&JG_BURYU_CD=JG020&JG_HANGMOK_CD=05&JG_GUBUN=1&JG_YEAR2=2026&HG_NM=%EC%84%9C%EC%9A%B8%EA%B5%AC%EC%9D%98%EC%B4%88%EB%93%B1%ED%95%99%EA%B5%90&SHL_IDF_CD=58666d40-0067-4289-82e8-1cb15aea5c2b&GS_TYPE=Y&JG_YEAR=2026&SORT=BR&CHOSEN_JG_YEAR=2026&PRE_JG_YEAR=2026&LOAD_TYPE=single,2026 구의초 연간학사일정.pdf / 2026 구의초등학교 교육과정 편성·운영.pdf / 2026 구의초등학교  교육과정 평가.pdf,https://www.schoolinfo.go.kr/ei/pp/Pneipp_b73_s0p.do?GS_HANGMOK_CD=73&GS_HANGMOK_NO=15-%EB%9D%BC&GS_HANGMOK_NM=%EB%B0%A9%EA%B3%BC%ED%9B%84%ED%95%99%EA%B5%90+%EC%9A%B4%EC%98%81+%EA%B3%84%ED%9A%8D+%EB%B0%8F+%EC%9A%B4%EC%98%81%E3%86%8D%EC%A7%80%EC%9B%90%ED%98%84%ED%99%A9&GS_BURYU_CD=JG130&JG_BURYU_CD=JG150&JG_HANGMOK_CD=59&JG_GUBUN=1&JG_YEAR2=2026&HG_NM=%EC%84%9C%EC%9A%B8%EA%B5%AC%EC%9D%98%EC%B4%88%EB%93%B1%ED%95%99%EA%B5%90&SHL_IDF_CD=58666d40-0067-4289-82e8-1cb15aea5c2b&GS_TYPE=Y&JG_YEAR=2026&SORT=BR&CHOSEN_JG_YEAR=2026&PRE_JG_YEAR=2026&LOAD_TYPE=single,(구의초) 2025학년도 1~4분기 방과후 자유수강권 지원 실적 및 상한액 소진자 현황(공시).xlsx / (학운위)2026학년도 초등돌봄교실 운영 계획(안).hwp / 2026학년도 서울구의초 방과후교실 운영계획(안).hwp,,,,,,,,,,
wave2_seoul,B000002386,세종초등학교,서울특별시,2-가 문서에서 시정표를 찾지 못함(요약본이거나 표가 이미지일 수 있음),15-라 계획에 1학년 오후돌봄 종료 시각이 없음,https://www.schoolinfo.go.kr/ei/ss/Pneiss_b01_s0.do?SHL_IDF_CD=c5e26642-adec-46b4-9b98-924367f25492,https://www.schoolinfo.go.kr/ei/pp/Pneipp_b14_s0p.do?GS_HANGMOK_CD=14&GS_HANGMOK_NO=2-%EA%B0%80&GS_HANGMOK_NM=%ED%95%99%EA%B5%90%EA%B5%90%EC%9C%A1%EA%B3%BC%EC%A0%95+%ED%8E%B8%EC%84%B1%E3%86%8D%EC%9A%B4%EC%98%81+%EB%B0%8F+%ED%8F%89%EA%B0%80%EC%97%90+%EA%B4%80%ED%95%9C+%EC%82%AC%ED%95%AD&GS_BURYU_CD=JG100&JG_BURYU_CD=JG020&JG_HANGMOK_CD=05&JG_GUBUN=1&JG_YEAR2=2026&HG_NM=%EC%84%B8%EC%A2%85%EC%B4%88%EB%93%B1%ED%95%99%EA%B5%90&SHL_IDF_CD=c5e26642-adec-46b4-9b98-924367f25492&GS_TYPE=Y&JG_YEAR=2026&SORT=BR&CHOSEN_JG_YEAR=2026&PRE_JG_YEAR=2026&LOAD_TYPE=single,2026 학교교육과정 편성운영평가계획.hwp,https://www.schoolinfo.go.kr/ei/pp/Pneipp_b73_s0p.do?GS_HANGMOK_CD=73&GS_HANGMOK_NO=15-%EB%9D%BC&GS_HANGMOK_NM=%EB%B0%A9%EA%B3%BC%ED%9B%84%ED%95%99%EA%B5%90+%EC%9A%B4%EC%98%81+%EA%B3%84%ED%9A%8D+%EB%B0%8F+%EC%9A%B4%EC%98%81%E3%86%8D%EC%A7%80%EC%9B%90%ED%98%84%ED%99%A9&GS_BURYU_CD=JG130&JG_BURYU_CD=JG150&JG_HANGMOK_CD=59&JG_GUBUN=1&JG_YEAR2=2026&HG_NM=%EC%84%B8%EC%A2%85%EC%B4%88%EB%93%B1%ED%95%99%EA%B5%90&SHL_IDF_CD=c5e26642-adec-46b4-9b98-924367f25492&GS_TYPE=Y&JG_YEAR=2026&SORT=BR&CHOSEN_JG_YEAR=2026&PRE_JG_YEAR=2026&LOAD_TYPE=single,2026 방과후교실 연간운영계획.hwp,,,,,,,,,,
wave2_seoul,B000002387,경복초등학교,서울특별시,"요일 학교 확인: 월(6교시), 수(6교시), 금(3교시) — 1학년 4·5교시가 아닌 날이거나 NEIS 교시 수가 불확실",15-라 계획에 1학년 오후돌봄 종료 시각이 없음,https://www.schoolinfo.go.kr/ei/ss/Pneiss_b01_s0.do?SHL_IDF_CD=cbc4749a-ebaa-4e21-a164-ee341251c615,https://www.schoolinfo.go.kr/ei/pp/Pneipp_b14_s0p.do?GS_HANGMOK_CD=14&GS_HANGMOK_NO=2-%EA%B0%80&GS_HANGMOK_NM=%ED%95%99%EA%B5%90%EA%B5%90%EC%9C%A1%EA%B3%BC%EC%A0%95+%ED%8E%B8%EC%84%B1%E3%86%8D%EC%9A%B4%EC%98%81+%EB%B0%8F+%ED%8F%89%EA%B0%80%EC%97%90+%EA%B4%80%ED%95%9C+%EC%82%AC%ED%95%AD&GS_BURYU_CD=JG100&JG_BURYU_CD=JG020&JG_HANGMOK_CD=05&JG_GUBUN=1&JG_YEAR2=2026&HG_NM=%EA%B2%BD%EB%B3%B5%EC%B4%88%EB%93%B1%ED%95%99%EA%B5%90&SHL_IDF_CD=cbc4749a-ebaa-4e21-a164-ee341251c615&GS_TYPE=Y&JG_YEAR=2026&SORT=BR&CHOSEN_JG_YEAR=2026&PRE_JG_YEAR=2026&LOAD_TYPE=single,2026 경복교육과정 편성 운영 및 평가에 관한 사항__.pdf,https://www.schoolinfo.go.kr/ei/pp/Pneipp_b73_s0p.do?GS_HANGMOK_CD=73&GS_HANGMOK_NO=15-%EB%9D%BC&GS_HANGMOK_NM=%EB%B0%A9%EA%B3%BC%ED%9B%84%ED%95%99%EA%B5%90+%EC%9A%B4%EC%98%81+%EA%B3%84%ED%9A%8D+%EB%B0%8F+%EC%9A%B4%EC%98%81%E3%86%8D%EC%A7%80%EC%9B%90%ED%98%84%ED%99%A9&GS_BURYU_CD=JG130&JG_BURYU_CD=JG150&JG_HANGMOK_CD=59&JG_GUBUN=1&JG_YEAR2=2026&HG_NM=%EA%B2%BD%EB%B3%B5%EC%B4%88%EB%93%B1%ED%95%99%EA%B5%90&SHL_IDF_CD=cbc4749a-ebaa-4e21-a164-ee341251c615&GS_TYPE=Y&JG_YEAR=2026&SORT=BR&CHOSEN_JG_YEAR=2026&PRE_JG_YEAR=2026&LOAD_TYPE=single,2026 경복초등학교 방과후학교 운영계획서(보고용).hwp,,,,,,,,,,
wave2_seoul,B000002388,성동초등학교,서울특별시,2-가 문서에서 시정표를 찾지 못함(요약본이거나 표가 이미지일 수 있음),15-라 계획에 1학년 오후돌봄 종료 시각이 없음,https://www.schoolinfo.go.kr/ei/ss/Pneiss_b01_s0.do?SHL_IDF_CD=55059a42-eda3-41ca-a94c-4584afd984a3,https://www.schoolinfo.go.kr/ei/pp/Pneipp_b14_s0p.do?GS_HANGMOK_CD=14&GS_HANGMOK_NO=2-%EA%B0%80&GS_HANGMOK_NM=%ED%95%99%EA%B5%90%EA%B5%90%EC%9C%A1%EA%B3%BC%EC%A0%95+%ED%8E%B8%EC%84%B1%E3%86%8D%EC%9A%B4%EC%98%81+%EB%B0%8F+%ED%8F%89%EA%B0%80%EC%97%90+%EA%B4%80%ED%95%9C+%EC%82%AC%ED%95%AD&GS_BURYU_CD=JG100&JG_BURYU_CD=JG020&JG_HANGMOK_CD=05&JG_GUBUN=1&JG_YEAR2=2026&HG_NM=%EC%84%B1%EB%8F%99%EC%B4%88%EB%93%B1%ED%95%99%EA%B5%90&SHL_IDF_CD=55059a42-eda3-41ca-a94c-4584afd984a3&GS_TYPE=Y&JG_YEAR=2026&SORT=BR&CHOSEN_JG_YEAR=2026&PRE_JG_YEAR=2026&LOAD_TYPE=single,"2026학년도 성동초 학교교육과정 편성, 운영, 평가 계획.hwp",https://www.schoolinfo.go.kr/ei/pp/Pneipp_b73_s0p.do?GS_HANGMOK_CD=73&GS_HANGMOK_NO=15-%EB%9D%BC&GS_HANGMOK_NM=%EB%B0%A9%EA%B3%BC%ED%9B%84%ED%95%99%EA%B5%90+%EC%9A%B4%EC%98%81+%EA%B3%84%ED%9A%8D+%EB%B0%8F+%EC%9A%B4%EC%98%81%E3%86%8D%EC%A7%80%EC%9B%90%ED%98%84%ED%99%A9&GS_BURYU_CD=JG130&JG_BURYU_CD=JG150&JG_HANGMOK_CD=59&JG_GUBUN=1&JG_YEAR2=2026&HG_NM=%EC%84%B1%EB%8F%99%EC%B4%88%EB%93%B1%ED%95%99%EA%B5%90&SHL_IDF_CD=55059a42-eda3-41ca-a94c-4584afd984a3&GS_TYPE=Y&JG_YEAR=2026&SORT=BR&CHOSEN_JG_YEAR=2026&PRE_JG_YEAR=2026&LOAD_TYPE=single,2026학년도 1학기 방과후교실 운영 계획.hwp,,,,,,,,,,
wave2_seoul,B000002389,서울돈암초등학교,서울특별시,2-가 문서에서 시정표를 찾지 못함(요약본이거나 표가 이미지일 수 있음),,https://www.schoolinfo.go.kr/ei/ss/Pneiss_b01_s0.do?SHL_IDF_CD=27a67e7f-66e6-4ac9-8312-76af7af00ef2,https://www.schoolinfo.go.kr/ei/pp/Pneipp_b14_s0p.do?GS_HANGMOK_CD=14&GS_HANGMOK_NO=2-%EA%B0%80&GS_HANGMOK_NM=%ED%95%99%EA%B5%90%EA%B5%90%EC%9C%A1%EA%B3%BC%EC%A0%95+%ED%8E%B8%EC%84%B1%E3%86%8D%EC%9A%B4%EC%98%81+%EB%B0%8F+%ED%8F%89%EA%B0%80%EC%97%90+%EA%B4%80%ED%95%9C+%EC%82%AC%ED%95%AD&GS_BURYU_CD=JG100&JG_BURYU_CD=JG020&JG_HANGMOK_CD=05&JG_GUBUN=1&JG_YEAR2=2026&HG_NM=%EC%84%9C%EC%9A%B8%EB%8F%88%EC%95%94%EC%B4%88%EB%93%B1%ED%95%99%EA%B5%90&SHL_IDF_CD=27a67e7f-66e6-4ac9-8312-76af7af00ef2&GS_TYPE=Y&JG_YEAR=2026&SORT=BR&CHOSEN_JG_YEAR=2026&PRE_JG_YEAR=2026&LOAD_TYPE=single,(돈암초)2026학년도 학교교육과정 편성·운영·평가 계획.hwp,https://www.schoolinfo.go.kr/ei/pp/Pneipp_b73_s0p.do?GS_HANGMOK_CD=73&GS_HANGMOK_NO=15-%EB%9D%BC&GS_HANGMOK_NM=%EB%B0%A9%EA%B3%BC%ED%9B%84%ED%95%99%EA%B5%90+%EC%9A%B4%EC%98%81+%EA%B3%84%ED%9A%8D+%EB%B0%8F+%EC%9A%B4%EC%98%81%E3%86%8D%EC%A7%80%EC%9B%90%ED%98%84%ED%99%A9&GS_BURYU_CD=JG130&JG_BURYU_CD=JG150&JG_HANGMOK_CD=59&JG_GUBUN=1&JG_YEAR2=2026&HG_NM=%EC%84%9C%EC%9A%B8%EB%8F%88%EC%95%94%EC%B4%88%EB%93%B1%ED%95%99%EA%B5%90&SHL_IDF_CD=27a67e7f-66e6-4ac9-8312-76af7af00ef2&GS_TYPE=Y&JG_YEAR=2026&SORT=BR&CHOSEN_JG_YEAR=2026&PRE_JG_YEAR=2026&LOAD_TYPE=single,"2026학년도 서울돈암초등학교 맞춤형, 방과후교실  운영 계획(정보공시).hwp / 2026학년도 서울돈암초등학교 돌봄교실 운영계획(정보공시).hwp",,,,,,,,,,
wave2_seoul,B000002391,서울삼선초등학교,서울특별시,2-가 문서에서 시정표를 찾지 못함(요약본이거나 표가 이미지일 수 있음),15-라 계획에 1학년 오후돌봄 종료 시각이 없음,https://www.schoolinfo.go.kr/ei/ss/Pneiss_b01_s0.do?SHL_IDF_CD=c7538437-28c6-4979-948a-efd82f2334a9,https://www.schoolinfo.go.kr/ei/pp/Pneipp_b14_s0p.do?GS_HANGMOK_CD=14&GS_HANGMOK_NO=2-%EA%B0%80&GS_HANGMOK_NM=%ED%95%99%EA%B5%90%EA%B5%90%EC%9C%A1%EA%B3%BC%EC%A0%95+%ED%8E%B8%EC%84%B1%E3%86%8D%EC%9A%B4%EC%98%81+%EB%B0%8F+%ED%8F%89%EA%B0%80%EC%97%90+%EA%B4%80%ED%95%9C+%EC%82%AC%ED%95%AD&GS_BURYU_CD=JG100&JG_BURYU_CD=JG020&JG_HANGMOK_CD=05&JG_GUBUN=1&JG_YEAR2=2026&HG_NM=%EC%84%9C%EC%9A%B8%EC%82%BC%EC%84%A0%EC%B4%88%EB%93%B1%ED%95%99%EA%B5%90&SHL_IDF_CD=c7538437-28c6-4979-948a-efd82f2334a9&GS_TYPE=Y&JG_YEAR=2026&SORT=BR&CHOSEN_JG_YEAR=2026&PRE_JG_YEAR=2026&LOAD_TYPE=single,2026학년도 삼선초 연간학사일정 (1).hwpx / 2026학년도 삼선초 학교교육과정 편성ㆍ운영ㆍ평가 계획(수정).hwp,https://www.schoolinfo.go.kr/ei/pp/Pneipp_b73_s0p.do?GS_HANGMOK_CD=73&GS_HANGMOK_NO=15-%EB%9D%BC&GS_HANGMOK_NM=%EB%B0%A9%EA%B3%BC%ED%9B%84%ED%95%99%EA%B5%90+%EC%9A%B4%EC%98%81+%EA%B3%84%ED%9A%8D+%EB%B0%8F+%EC%9A%B4%EC%98%81%E3%86%8D%EC%A7%80%EC%9B%90%ED%98%84%ED%99%A9&GS_BURYU_CD=JG130&JG_BURYU_CD=JG150&JG_HANGMOK_CD=59&JG_GUBUN=1&JG_YEAR2=2026&HG_NM=%EC%84%9C%EC%9A%B8%EC%82%BC%EC%84%A0%EC%B4%88%EB%93%B1%ED%95%99%EA%B5%90&SHL_IDF_CD=c7538437-28c6-4979-948a-efd82f2334a9&GS_TYPE=Y&JG_YEAR=2026&SORT=BR&CHOSEN_JG_YEAR=2026&PRE_JG_YEAR=2026&LOAD_TYPE=single,"2026학년도 방과후, 맞춤형 프로그램 운영 계획 및 교재교구 활용 계획 심의(안).hwp",,,,,,,,,,
wave2_seoul,B000002392,서울안암초등학교,서울특별시,2-가 문서에서 시정표를 찾지 못함(요약본이거나 표가 이미지일 수 있음),,https://www.schoolinfo.go.kr/ei/ss/Pneiss_b01_s0.do?SHL_IDF_CD=e34ca80e-152d-4b92-9fad-b70ccef920ed,https://www.schoolinfo.go.kr/ei/pp/Pneipp_b14_s0p.do?GS_HANGMOK_CD=14&GS_HANGMOK_NO=2-%EA%B0%80&GS_HANGMOK_NM=%ED%95%99%EA%B5%90%EA%B5%90%EC%9C%A1%EA%B3%BC%EC%A0%95+%ED%8E%B8%EC%84%B1%E3%86%8D%EC%9A%B4%EC%98%81+%EB%B0%8F+%ED%8F%89%EA%B0%80%EC%97%90+%EA%B4%80%ED%95%9C+%EC%82%AC%ED%95%AD&GS_BURYU_CD=JG100&JG_BURYU_CD=JG020&JG_HANGMOK_CD=05&JG_GUBUN=1&JG_YEAR2=2026&HG_NM=%EC%84%9C%EC%9A%B8%EC%95%88%EC%95%94%EC%B4%88%EB%93%B1%ED%95%99%EA%B5%90&SHL_IDF_CD=e34ca80e-152d-4b92-9fad-b70ccef920ed&GS_TYPE=Y&JG_YEAR=2026&SORT=BR&CHOSEN_JG_YEAR=2026&PRE_JG_YEAR=2026&LOAD_TYPE=single,2026학년도 안암초 학교교육과정 편성·운영·평가 계획.hwpx,https://www.schoolinfo.go.kr/ei/pp/Pneipp_b73_s0p.do?GS_HANGMOK_CD=73&GS_HANGMOK_NO=15-%EB%9D%BC&GS_HANGMOK_NM=%EB%B0%A9%EA%B3%BC%ED%9B%84%ED%95%99%EA%B5%90+%EC%9A%B4%EC%98%81+%EA%B3%84%ED%9A%8D+%EB%B0%8F+%EC%9A%B4%EC%98%81%E3%86%8D%EC%A7%80%EC%9B%90%ED%98%84%ED%99%A9&GS_BURYU_CD=JG130&JG_BURYU_CD=JG150&JG_HANGMOK_CD=59&JG_GUBUN=1&JG_YEAR2=2026&HG_NM=%EC%84%9C%EC%9A%B8%EC%95%88%EC%95%94%EC%B4%88%EB%93%B1%ED%95%99%EA%B5%90&SHL_IDF_CD=e34ca80e-152d-4b92-9fad-b70ccef920ed&GS_TYPE=Y&JG_YEAR=2026&SORT=BR&CHOSEN_JG_YEAR=2026&PRE_JG_YEAR=2026&LOAD_TYPE=single,학운위)2026학년도 초등돌봄교실 연간 운영 계획.hwpx / 2026 방과후·맞춤형 프로그램 연간운영계획.hwp,,,,,,,,,,
wave2_seoul,B000002393,서울동신초등학교,서울특별시,2-가 문서에서 시정표를 찾지 못함(요약본이거나 표가 이미지일 수 있음),,https://www.schoolinfo.go.kr/ei/ss/Pneiss_b01_s0.do?SHL_IDF_CD=cd60063c-f9b5-4777-9294-f365803da298,https://www.schoolinfo.go.kr/ei/pp/Pneipp_b14_s0p.do?GS_HANGMOK_CD=14&GS_HANGMOK_NO=2-%EA%B0%80&GS_HANGMOK_NM=%ED%95%99%EA%B5%90%EA%B5%90%EC%9C%A1%EA%B3%BC%EC%A0%95+%ED%8E%B8%EC%84%B1%E3%86%8D%EC%9A%B4%EC%98%81+%EB%B0%8F+%ED%8F%89%EA%B0%80%EC%97%90+%EA%B4%80%ED%95%9C+%EC%82%AC%ED%95%AD&GS_BURYU_CD=JG100&JG_BURYU_CD=JG020&JG_HANGMOK_CD=05&JG_GUBUN=1&JG_YEAR2=2026&HG_NM=%EC%84%9C%EC%9A%B8%EB%8F%99%EC%8B%A0%EC%B4%88%EB%93%B1%ED%95%99%EA%B5%90&SHL_IDF_CD=cd60063c-f9b5-4777-9294-f365803da298&GS_TYPE=Y&JG_YEAR=2026&SORT=BR&CHOSEN_JG_YEAR=2026&PRE_JG_YEAR=2026&LOAD_TYPE=single,2026학년도 학사일정.pdf / 2026 학교교육과정 편성 운영 평가계획.pdf,https://www.schoolinfo.go.kr/ei/pp/Pneipp_b73_s0p.do?GS_HANGMOK_CD=73&GS_HANGMOK_NO=15-%EB%9D%BC&GS_HANGMOK_NM=%EB%B0%A9%EA%B3%BC%ED%9B%84%ED%95%99%EA%B5%90+%EC%9A%B4%EC%98%81+%EA%B3%84%ED%9A%8D+%EB%B0%8F+%EC%9A%B4%EC%98%81%E3%86%8D%EC%A7%80%EC%9B%90%ED%98%84%ED%99%A9&GS_BURYU_CD=JG130&JG_BURYU_CD=JG150&JG_HANGMOK_CD=59&JG_GUBUN=1&JG_YEAR2=2026&HG_NM=%EC%84%9C%EC%9A%B8%EB%8F%99%EC%8B%A0%EC%B4%88%EB%93%B1%ED%95%99%EA%B5%90&SHL_IDF_CD=cd60063c-f9b5-4777-9294-f365803da298&GS_TYPE=Y&JG_YEAR=2026&SORT=BR&CHOSEN_JG_YEAR=2026&PRE_JG_YEAR=2026&LOAD_TYPE=single,2026학년도 돌봄교실 운영 계획안.hwp / 2026학년도 동신초 방과후학교 운영 계획.pdf,,,,,,,,,,
wave2_seoul,B000002394,서울숭덕초등학교,서울특별시,2-가 문서에서 시정표를 찾지 못함(요약본이거나 표가 이미지일 수 있음),15-라 계획에 1학년 오후돌봄 종료 시각이 없음,https://www.schoolinfo.go.kr/ei/ss/Pneiss_b01_s0.do?SHL_IDF_CD=0d4fc82c-0a95-4cb8-b6dd-b6c217c893cd,https://www.schoolinfo.go.kr/ei/pp/Pneipp_b14_s0p.do?GS_HANGMOK_CD=14&GS_HANGMOK_NO=2-%EA%B0%80&GS_HANGMOK_NM=%ED%95%99%EA%B5%90%EA%B5%90%EC%9C%A1%EA%B3%BC%EC%A0%95+%ED%8E%B8%EC%84%B1%E3%86%8D%EC%9A%B4%EC%98%81+%EB%B0%8F+%ED%8F%89%EA%B0%80%EC%97%90+%EA%B4%80%ED%95%9C+%EC%82%AC%ED%95%AD&GS_BURYU_CD=JG100&JG_BURYU_CD=JG020&JG_HANGMOK_CD=05&JG_GUBUN=1&JG_YEAR2=2026&HG_NM=%EC%84%9C%EC%9A%B8%EC%88%AD%EB%8D%95%EC%B4%88%EB%93%B1%ED%95%99%EA%B5%90&SHL_IDF_CD=0d4fc82c-0a95-4cb8-b6dd-b6c217c893cd&GS_TYPE=Y&JG_YEAR=2026&SORT=BR&CHOSEN_JG_YEAR=2026&PRE_JG_YEAR=2026&LOAD_TYPE=single,"2026-서울숭덕초-학교교육과정편성,운영,평가에관한사항(학교교육계획서29-62쪽).hwp",https://www.schoolinfo.go.kr/ei/pp/Pneipp_b73_s0p.do?GS_HANGMOK_CD=73&GS_HANGMOK_NO=15-%EB%9D%BC&GS_HANGMOK_NM=%EB%B0%A9%EA%B3%BC%ED%9B%84%ED%95%99%EA%B5%90+%EC%9A%B4%EC%98%81+%EA%B3%84%ED%9A%8D+%EB%B0%8F+%EC%9A%B4%EC%98%81%E3%86%8D%EC%A7%80%EC%9B%90%ED%98%84%ED%99%A9&GS_BURYU_CD=JG130&JG_BURYU_CD=JG150&JG_HANGMOK_CD=59&JG_GUBUN=1&JG_YEAR2=2026&HG_NM=%EC%84%9C%EC%9A%B8%EC%88%AD%EB%8D%95%EC%B4%88%EB%93%B1%ED%95%99%EA%B5%90&SHL_IDF_CD=0d4fc82c-0a95-4cb8-b6dd-b6c217c893cd&GS_TYPE=Y&JG_YEAR=2026&SORT=BR&CHOSEN_JG_YEAR=2026&PRE_JG_YEAR=2026&LOAD_TYPE=single,2026학년도 방과후 교실 연간 운영 계획.hwp,,,,,,,,,,
wave2_seoul,B000002395,서울길원초등학교,서울특별시,2-가 문서에서 시정표를 찾지 못함(요약본이거나 표가 이미지일 수 있음),,https://www.schoolinfo.go.kr/ei/ss/Pneiss_b01_s0.do?SHL_IDF_CD=49ba5b35-06d1-4186-ba65-d4de2d0b1ab1,https://www.schoolinfo.go.kr/ei/pp/Pneipp_b14_s0p.do?GS_HANGMOK_CD=14&GS_HANGMOK_NO=2-%EA%B0%80&GS_HANGMOK_NM=%ED%95%99%EA%B5%90%EA%B5%90%EC%9C%A1%EA%B3%BC%EC%A0%95+%ED%8E%B8%EC%84%B1%E3%86%8D%EC%9A%B4%EC%98%81+%EB%B0%8F+%ED%8F%89%EA%B0%80%EC%97%90+%EA%B4%80%ED%95%9C+%EC%82%AC%ED%95%AD&GS_BURYU_CD=JG100&JG_BURYU_CD=JG020&JG_HANGMOK_CD=05&JG_GUBUN=1&JG_YEAR2=2026&HG_NM=%EC%84%9C%EC%9A%B8%EA%B8%B8%EC%9B%90%EC%B4%88%EB%93%B1%ED%95%99%EA%B5%90&SHL_IDF_CD=49ba5b35-06d1-4186-ba65-d4de2d0b1ab1&GS_TYPE=Y&JG_YEAR=2026&SORT=BR&CHOSEN_JG_YEAR=2026&PRE_JG_YEAR=2026&LOAD_TYPE=single,2026학년도 길원초 학교교육과정 편성·운영·평가 계획.hwp,https://www.schoolinfo.go.kr/ei/pp/Pneipp_b73_s0p.do?GS_HANGMOK_CD=73&GS_HANGMOK_NO=15-%EB%9D%BC&GS_HANGMOK_NM=%EB%B0%A9%EA%B3%BC%ED%9B%84%ED%95%99%EA%B5%90+%EC%9A%B4%EC%98%81+%EA%B3%84%ED%9A%8D+%EB%B0%8F+%EC%9A%B4%EC%98%81%E3%86%8D%EC%A7%80%EC%9B%90%ED%98%84%ED%99%A9&GS_BURYU_CD=JG130&JG_BURYU_CD=JG150&JG_HANGMOK_CD=59&JG_GUBUN=1&JG_YEAR2=2026&HG_NM=%EC%84%9C%EC%9A%B8%EA%B8%B8%EC%9B%90%EC%B4%88%EB%93%B1%ED%95%99%EA%B5%90&SHL_IDF_CD=49ba5b35-06d1-4186-ba65-d4de2d0b1ab1&GS_TYPE=Y&JG_YEAR=2026&SORT=BR&CHOSEN_JG_YEAR=2026&PRE_JG_YEAR=2026&LOAD_TYPE=single,방과후돌봄 연간운영계획.hwp,,,,,,,,,,
wave2_seoul,B000002396,서울숭곡초등학교,서울특별시,2-가 문서에서 시정표를 찾지 못함(요약본이거나 표가 이미지일 수 있음),,https://www.schoolinfo.go.kr/ei/ss/Pneiss_b01_s0.do?SHL_IDF_CD=42d23f7f-0845-492f-be28-2213d410de00,https://www.schoolinfo.go.kr/ei/pp/Pneipp_b14_s0p.do?GS_HANGMOK_CD=14&GS_HANGMOK_NO=2-%EA%B0%80&GS_HANGMOK_NM=%ED%95%99%EA%B5%90%EA%B5%90%EC%9C%A1%EA%B3%BC%EC%A0%95+%ED%8E%B8%EC%84%B1%E3%86%8D%EC%9A%B4%EC%98%81+%EB%B0%8F+%ED%8F%89%EA%B0%80%EC%97%90+%EA%B4%80%ED%95%9C+%EC%82%AC%ED%95%AD&GS_BURYU_CD=JG100&JG_BURYU_CD=JG020&JG_HANGMOK_CD=05&JG_GUBUN=1&JG_YEAR2=2026&HG_NM=%EC%84%9C%EC%9A%B8%EC%88%AD%EA%B3%A1%EC%B4%88%EB%93%B1%ED%95%99%EA%B5%90&SHL_IDF_CD=42d23f7f-0845-492f-be28-2213d410de00&GS_TYPE=Y&JG_YEAR=2026&SORT=BR&CHOSEN_JG_YEAR=2026&PRE_JG_YEAR=2026&LOAD_TYPE=single,2026학년도 숭곡초 연간학사일정.hwpx / 2026학년도 숭곡초 학교교육과정 편성.운영.평가계획.hwpx,https://www.schoolinfo.go.kr/ei/pp/Pneipp_b73_s0p.do?GS_HANGMOK_CD=73&GS_HANGMOK_NO=15-%EB%9D%BC&GS_HANGMOK_NM=%EB%B0%A9%EA%B3%BC%ED%9B%84%ED%95%99%EA%B5%90+%EC%9A%B4%EC%98%81+%EA%B3%84%ED%9A%8D+%EB%B0%8F+%EC%9A%B4%EC%98%81%E3%86%8D%EC%A7%80%EC%9B%90%ED%98%84%ED%99%A9&GS_BURYU_CD=JG130&JG_BURYU_CD=JG150&JG_HANGMOK_CD=59&JG_GUBUN=1&JG_YEAR2=2026&HG_NM=%EC%84%9C%EC%9A%B8%EC%88%AD%EA%B3%A1%EC%B4%88%EB%93%B1%ED%95%99%EA%B5%90&SHL_IDF_CD=42d23f7f-0845-492f-be28-2213d410de00&GS_TYPE=Y&JG_YEAR=2026&SORT=BR&CHOSEN_JG_YEAR=2026&PRE_JG_YEAR=2026&LOAD_TYPE=single,(숭곡초)2026학년도 돌봄교실 운영계획.hwp / (숭곡초)2026학년도 방과후 및 맞춤형 프로그램 연간 운영 계획.hwp,,,,,,,,,,
wave2_seoul,B000002397,서울장월초등학교,서울특별시,2-가 문서에서 시정표를 찾지 못함(요약본이거나 표가 이미지일 수 있음),,https://www.schoolinfo.go.kr/ei/ss/Pneiss_b01_s0.do?SHL_IDF_CD=0539b3eb-cd60-452e-ace4-2ba79921f1f2,https://www.schoolinfo.go.kr/ei/pp/Pneipp_b14_s0p.do?GS_HANGMOK_CD=14&GS_HANGMOK_NO=2-%EA%B0%80&GS_HANGMOK_NM=%ED%95%99%EA%B5%90%EA%B5%90%EC%9C%A1%EA%B3%BC%EC%A0%95+%ED%8E%B8%EC%84%B1%E3%86%8D%EC%9A%B4%EC%98%81+%EB%B0%8F+%ED%8F%89%EA%B0%80%EC%97%90+%EA%B4%80%ED%95%9C+%EC%82%AC%ED%95%AD&GS_BURYU_CD=JG100&JG_BURYU_CD=JG020&JG_HANGMOK_CD=05&JG_GUBUN=1&JG_YEAR2=2026&HG_NM=%EC%84%9C%EC%9A%B8%EC%9E%A5%EC%9B%94%EC%B4%88%EB%93%B1%ED%95%99%EA%B5%90&SHL_IDF_CD=0539b3eb-cd60-452e-ace4-2ba79921f1f2&GS_TYPE=Y&JG_YEAR=2026&SORT=BR&CHOSEN_JG_YEAR=2026&PRE_JG_YEAR=2026&LOAD_TYPE=single,(장월초) 2-가. 학교교육과정 편성운영 및 평가에 관한 사항.pdf,https://www.schoolinfo.go.kr/ei/pp/Pneipp_b73_s0p.do?GS_HANGMOK_CD=73&GS_HANGMOK_NO=15-%EB%9D%BC&GS_HANGMOK_NM=%EB%B0%A9%EA%B3%BC%ED%9B%84%ED%95%99%EA%B5%90+%EC%9A%B4%EC%98%81+%EA%B3%84%ED%9A%8D+%EB%B0%8F+%EC%9A%B4%EC%98%81%E3%86%8D%EC%A7%80%EC%9B%90%ED%98%84%ED%99%A9&GS_BURYU_CD=JG130&JG_BURYU_CD=JG150&JG_HANGMOK_CD=59&JG_GUBUN=1&JG_YEAR2=2026&HG_NM=%EC%84%9C%EC%9A%B8%EC%9E%A5%EC%9B%94%EC%B4%88%EB%93%B1%ED%95%99%EA%B5%90&SHL_IDF_CD=0539b3eb-cd60-452e-ace4-2ba79921f1f2&GS_TYPE=Y&JG_YEAR=2026&SORT=BR&CHOSEN_JG_YEAR=2026&PRE_JG_YEAR=2026&LOAD_TYPE=single,"2026학년도 서울 장월초 돌봄교실 운영계획서.hwp / 2026학년도 서울 장월초 방과후,맞춤형교실 연간 운영 계획.hwp",,,,,,,,,,
wave2_seoul,B000002399,서울길음초등학교,서울특별시,2-가 문서에서 시정표를 찾지 못함(요약본이거나 표가 이미지일 수 있음),,https://www.schoolinfo.go.kr/ei/ss/Pneiss_b01_s0.do?SHL_IDF_CD=e55b330a-0d44-4fd3-9490-6505236f136a,https://www.schoolinfo.go.kr/ei/pp/Pneipp_b14_s0p.do?GS_HANGMOK_CD=14&GS_HANGMOK_NO=2-%EA%B0%80&GS_HANGMOK_NM=%ED%95%99%EA%B5%90%EA%B5%90%EC%9C%A1%EA%B3%BC%EC%A0%95+%ED%8E%B8%EC%84%B1%E3%86%8D%EC%9A%B4%EC%98%81+%EB%B0%8F+%ED%8F%89%EA%B0%80%EC%97%90+%EA%B4%80%ED%95%9C+%EC%82%AC%ED%95%AD&GS_BURYU_CD=JG100&JG_BURYU_CD=JG020&JG_HANGMOK_CD=05&JG_GUBUN=1&JG_YEAR2=2026&HG_NM=%EC%84%9C%EC%9A%B8%EA%B8%B8%EC%9D%8C%EC%B4%88%EB%93%B1%ED%95%99%EA%B5%90&SHL_IDF_CD=e55b330a-0d44-4fd3-9490-6505236f136a&GS_TYPE=Y&JG_YEAR=2026&SORT=BR&CHOSEN_JG_YEAR=2026&PRE_JG_YEAR=2026&LOAD_TYPE=single,2026학년도 서울길음초등학교 학교교육과정 편성·운영·평가계획.hwp / 2026학년도 서울길음초등학교 연간학사일정.hwpx,https://www.schoolinfo.go.kr/ei/pp/Pneipp_b73_s0p.do?GS_HANGMOK_CD=73&GS_HANGMOK_NO=15-%EB%9D%BC&GS_HANGMOK_NM=%EB%B0%A9%EA%B3%BC%ED%9B%84%ED%95%99%EA%B5%90+%EC%9A%B4%EC%98%81+%EA%B3%84%ED%9A%8D+%EB%B0%8F+%EC%9A%B4%EC%98%81%E3%86%8D%EC%A7%80%EC%9B%90%ED%98%84%ED%99%A9&GS_BURYU_CD=JG130&JG_BURYU_CD=JG150&JG_HANGMOK_CD=59&JG_GUBUN=1&JG_YEAR2=2026&HG_NM=%EC%84%9C%EC%9A%B8%EA%B8%B8%EC%9D%8C%EC%B4%88%EB%93%B1%ED%95%99%EA%B5%90&SHL_IDF_CD=e55b330a-0d44-4fd3-9490-6505236f136a&GS_TYPE=Y&JG_YEAR=2026&SORT=BR&CHOSEN_JG_YEAR=2026&PRE_JG_YEAR=2026&LOAD_TYPE=single,2026학년도 길음초 방과후학교 운영 계획.hwp / 2026학년도 길음초 초등돌봄교실 운영 계획.hwp,,,,,,,,,,
wave2_seoul,B000002400,서울미아초등학교,서울특별시,,15-라 계획에 1학년 오후돌봄 종료 시각이 없음 (맞춤형교실 시간만 있고 돌봄 종료 시각 문구 없음),https://www.schoolinfo.go.kr/ei/ss/Pneiss_b01_s0.do?SHL_IDF_CD=87a489bd-5dcd-43df-b46b-b86fcf3be2bd,https://www.schoolinfo.go.kr/ei/pp/Pneipp_b14_s0p.do?GS_HANGMOK_CD=14&GS_HANGMOK_NO=2-%EA%B0%80&GS_HANGMOK_NM=%ED%95%99%EA%B5%90%EA%B5%90%EC%9C%A1%EA%B3%BC%EC%A0%95+%ED%8E%B8%EC%84%B1%E3%86%8D%EC%9A%B4%EC%98%81+%EB%B0%8F+%ED%8F%89%EA%B0%80%EC%97%90+%EA%B4%80%ED%95%9C+%EC%82%AC%ED%95%AD&GS_BURYU_CD=JG100&JG_BURYU_CD=JG020&JG_HANGMOK_CD=05&JG_GUBUN=1&JG_YEAR2=2026&HG_NM=%EC%84%9C%EC%9A%B8%EB%AF%B8%EC%95%84%EC%B4%88%EB%93%B1%ED%95%99%EA%B5%90&SHL_IDF_CD=87a489bd-5dcd-43df-b46b-b86fcf3be2bd&GS_TYPE=Y&JG_YEAR=2026&SORT=BR&CHOSEN_JG_YEAR=2026&PRE_JG_YEAR=2026&LOAD_TYPE=single,2026학년도 미아초 학교교육계획서.hwp / 2026학년도 미아초 연간 학사 일정.hwp,https://www.schoolinfo.go.kr/ei/pp/Pneipp_b73_s0p.do?GS_HANGMOK_CD=73&GS_HANGMOK_NO=15-%EB%9D%BC&GS_HANGMOK_NM=%EB%B0%A9%EA%B3%BC%ED%9B%84%ED%95%99%EA%B5%90+%EC%9A%B4%EC%98%81+%EA%B3%84%ED%9A%8D+%EB%B0%8F+%EC%9A%B4%EC%98%81%E3%86%8D%EC%A7%80%EC%9B%90%ED%98%84%ED%99%A9&GS_BURYU_CD=JG130&JG_BURYU_CD=JG150&JG_HANGMOK_CD=59&JG_GUBUN=1&JG_YEAR2=2026&HG_NM=%EC%84%9C%EC%9A%B8%EB%AF%B8%EC%95%84%EC%B4%88%EB%93%B1%ED%95%99%EA%B5%90&SHL_IDF_CD=87a489bd-5dcd-43df-b46b-b86fcf3be2bd&GS_TYPE=Y&JG_YEAR=2026&SORT=BR&CHOSEN_JG_YEAR=2026&PRE_JG_YEAR=2026&LOAD_TYPE=single,2026학년도 방과후·맞춤형교실 운영계획.pdf,,,,,,,,,,
wave2_seoul,B000002401,서울개운초등학교,서울특별시,2-가 문서에서 시정표를 찾지 못함(요약본이거나 표가 이미지일 수 있음),,https://www.schoolinfo.go.kr/ei/ss/Pneiss_b01_s0.do?SHL_IDF_CD=23fbcc0b-2563-4cbe-8d42-cf30e2212732,https://www.schoolinfo.go.kr/ei/pp/Pneipp_b14_s0p.do?GS_HANGMOK_CD=14&GS_HANGMOK_NO=2-%EA%B0%80&GS_HANGMOK_NM=%ED%95%99%EA%B5%90%EA%B5%90%EC%9C%A1%EA%B3%BC%EC%A0%95+%ED%8E%B8%EC%84%B1%E3%86%8D%EC%9A%B4%EC%98%81+%EB%B0%8F+%ED%8F%89%EA%B0%80%EC%97%90+%EA%B4%80%ED%95%9C+%EC%82%AC%ED%95%AD&GS_BURYU_CD=JG100&JG_BURYU_CD=JG020&JG_HANGMOK_CD=05&JG_GUBUN=1&JG_YEAR2=2026&HG_NM=%EC%84%9C%EC%9A%B8%EA%B0%9C%EC%9A%B4%EC%B4%88%EB%93%B1%ED%95%99%EA%B5%90&SHL_IDF_CD=23fbcc0b-2563-4cbe-8d42-cf30e2212732&GS_TYPE=Y&JG_YEAR=2026&SORT=BR&CHOSEN_JG_YEAR=2026&PRE_JG_YEAR=2026&LOAD_TYPE=single,2026학년도 개운초 학교교육과정 편성·운영·평가계획.pdf / 2026학년도 개운초 연간학사일정.pdf,https://www.schoolinfo.go.kr/ei/pp/Pneipp_b73_s0p.do?GS_HANGMOK_CD=73&GS_HANGMOK_NO=15-%EB%9D%BC&GS_HANGMOK_NM=%EB%B0%A9%EA%B3%BC%ED%9B%84%ED%95%99%EA%B5%90+%EC%9A%B4%EC%98%81+%EA%B3%84%ED%9A%8D+%EB%B0%8F+%EC%9A%B4%EC%98%81%E3%86%8D%EC%A7%80%EC%9B%90%ED%98%84%ED%99%A9&GS_BURYU_CD=JG130&JG_BURYU_CD=JG150&JG_HANGMOK_CD=59&JG_GUBUN=1&JG_YEAR2=2026&HG_NM=%EC%84%9C%EC%9A%B8%EA%B0%9C%EC%9A%B4%EC%B4%88%EB%93%B1%ED%95%99%EA%B5%90&SHL_IDF_CD=23fbcc0b-2563-4cbe-8d42-cf30e2212732&GS_TYPE=Y&JG_YEAR=2026&SORT=BR&CHOSEN_JG_YEAR=2026&PRE_JG_YEAR=2026&LOAD_TYPE=single,2026학년도 서울개운초등학교 방과후·맞춤형교실 운영계획.hwp,,,,,,,,,,
wave2_seoul,B000002402,서울석계초등학교,서울특별시,시정표 제목만 있고 표 글자가 없음(이미지 표 가능),,https://www.schoolinfo.go.kr/ei/ss/Pneiss_b01_s0.do?SHL_IDF_CD=a782369e-c7e2-4072-a0ec-8cd96e8334f5,https://www.schoolinfo.go.kr/ei/pp/Pneipp_b14_s0p.do?GS_HANGMOK_CD=14&GS_HANGMOK_NO=2-%EA%B0%80&GS_HANGMOK_NM=%ED%95%99%EA%B5%90%EA%B5%90%EC%9C%A1%EA%B3%BC%EC%A0%95+%ED%8E%B8%EC%84%B1%E3%86%8D%EC%9A%B4%EC%98%81+%EB%B0%8F+%ED%8F%89%EA%B0%80%EC%97%90+%EA%B4%80%ED%95%9C+%EC%82%AC%ED%95%AD&GS_BURYU_CD=JG100&JG_BURYU_CD=JG020&JG_HANGMOK_CD=05&JG_GUBUN=1&JG_YEAR2=2026&HG_NM=%EC%84%9C%EC%9A%B8%EC%84%9D%EA%B3%84%EC%B4%88%EB%93%B1%ED%95%99%EA%B5%90&SHL_IDF_CD=a782369e-c7e2-4072-a0ec-8cd96e8334f5&GS_TYPE=Y&JG_YEAR=2026&SORT=BR&CHOSEN_JG_YEAR=2026&PRE_JG_YEAR=2026&LOAD_TYPE=single,2026학년도 석계초 학교교육과정 편성운영 및 평가에 관한 사항.hwpx / 2026학년도 석계초 연간 학사일정.hwpx,https://www.schoolinfo.go.kr/ei/pp/Pneipp_b73_s0p.do?GS_HANGMOK_CD=73&GS_HANGMOK_NO=15-%EB%9D%BC&GS_HANGMOK_NM=%EB%B0%A9%EA%B3%BC%ED%9B%84%ED%95%99%EA%B5%90+%EC%9A%B4%EC%98%81+%EA%B3%84%ED%9A%8D+%EB%B0%8F+%EC%9A%B4%EC%98%81%E3%86%8D%EC%A7%80%EC%9B%90%ED%98%84%ED%99%A9&GS_BURYU_CD=JG130&JG_BURYU_CD=JG150&JG_HANGMOK_CD=59&JG_GUBUN=1&JG_YEAR2=2026&HG_NM=%EC%84%9C%EC%9A%B8%EC%84%9D%EA%B3%84%EC%B4%88%EB%93%B1%ED%95%99%EA%B5%90&SHL_IDF_CD=a782369e-c7e2-4072-a0ec-8cd96e8334f5&GS_TYPE=Y&JG_YEAR=2026&SORT=BR&CHOSEN_JG_YEAR=2026&PRE_JG_YEAR=2026&LOAD_TYPE=single,2026학년도 석계초 초등돌봄교실 운영계획.hwp / 2026학년도 석계초 방과후·맞춤형 교실 연간운영계획.hwp,,,,,,,,,,
wave2_seoul,B000002403,서울석관초등학교,서울특별시,2-가 문서에서 시정표를 찾지 못함(요약본이거나 표가 이미지일 수 있음),,https://www.schoolinfo.go.kr/ei/ss/Pneiss_b01_s0.do?SHL_IDF_CD=9f377f3e-8194-469d-a574-3d772156186c,https://www.schoolinfo.go.kr/ei/pp/Pneipp_b14_s0p.do?GS_HANGMOK_CD=14&GS_HANGMOK_NO=2-%EA%B0%80&GS_HANGMOK_NM=%ED%95%99%EA%B5%90%EA%B5%90%EC%9C%A1%EA%B3%BC%EC%A0%95+%ED%8E%B8%EC%84%B1%E3%86%8D%EC%9A%B4%EC%98%81+%EB%B0%8F+%ED%8F%89%EA%B0%80%EC%97%90+%EA%B4%80%ED%95%9C+%EC%82%AC%ED%95%AD&GS_BURYU_CD=JG100&JG_BURYU_CD=JG020&JG_HANGMOK_CD=05&JG_GUBUN=1&JG_YEAR2=2026&HG_NM=%EC%84%9C%EC%9A%B8%EC%84%9D%EA%B4%80%EC%B4%88%EB%93%B1%ED%95%99%EA%B5%90&SHL_IDF_CD=9f377f3e-8194-469d-a574-3d772156186c&GS_TYPE=Y&JG_YEAR=2026&SORT=BR&CHOSEN_JG_YEAR=2026&PRE_JG_YEAR=2026&LOAD_TYPE=single,(서울석관초)2026학년도 학교교육과정 편성운영평가에 관한 사항.hwp,https://www.schoolinfo.go.kr/ei/pp/Pneipp_b73_s0p.do?GS_HANGMOK_CD=73&GS_HANGMOK_NO=15-%EB%9D%BC&GS_HANGMOK_NM=%EB%B0%A9%EA%B3%BC%ED%9B%84%ED%95%99%EA%B5%90+%EC%9A%B4%EC%98%81+%EA%B3%84%ED%9A%8D+%EB%B0%8F+%EC%9A%B4%EC%98%81%E3%86%8D%EC%A7%80%EC%9B%90%ED%98%84%ED%99%A9&GS_BURYU_CD=JG130&JG_BURYU_CD=JG150&JG_HANGMOK_CD=59&JG_GUBUN=1&JG_YEAR2=2026&HG_NM=%EC%84%9C%EC%9A%B8%EC%84%9D%EA%B4%80%EC%B4%88%EB%93%B1%ED%95%99%EA%B5%90&SHL_IDF_CD=9f377f3e-8194-469d-a574-3d772156186c&GS_TYPE=Y&JG_YEAR=2026&SORT=BR&CHOSEN_JG_YEAR=2026&PRE_JG_YEAR=2026&LOAD_TYPE=single,2026학년도 맞춤형 방과후교실 운영계획.hwp / 2026학년도 초등돌봄교실 연간 운영 계획.hwp,,,,,,,,,,
wave2_seoul,B000002404,서울성북초등학교,서울특별시,2-가 문서에서 시정표를 찾지 못함(요약본이거나 표가 이미지일 수 있음),,https://www.schoolinfo.go.kr/ei/ss/Pneiss_b01_s0.do?SHL_IDF_CD=e749b093-cb30-4e96-9c8e-d45759595103,https://www.schoolinfo.go.kr/ei/pp/Pneipp_b14_s0p.do?GS_HANGMOK_CD=14&GS_HANGMOK_NO=2-%EA%B0%80&GS_HANGMOK_NM=%ED%95%99%EA%B5%90%EA%B5%90%EC%9C%A1%EA%B3%BC%EC%A0%95+%ED%8E%B8%EC%84%B1%E3%86%8D%EC%9A%B4%EC%98%81+%EB%B0%8F+%ED%8F%89%EA%B0%80%EC%97%90+%EA%B4%80%ED%95%9C+%EC%82%AC%ED%95%AD&GS_BURYU_CD=JG100&JG_BURYU_CD=JG020&JG_HANGMOK_CD=05&JG_GUBUN=1&JG_YEAR2=2026&HG_NM=%EC%84%9C%EC%9A%B8%EC%84%B1%EB%B6%81%EC%B4%88%EB%93%B1%ED%95%99%EA%B5%90&SHL_IDF_CD=e749b093-cb30-4e96-9c8e-d45759595103&GS_TYPE=Y&JG_YEAR=2026&SORT=BR&CHOSEN_JG_YEAR=2026&PRE_JG_YEAR=2026&LOAD_TYPE=single,2026학년도 성북초 연간학사일정.hwpx / 2026학년도 성북초 체험학습.hwpx / 2026학년도 성북초 학교교육과정 편성_운영_평가 계획.hwpx,https://www.schoolinfo.go.kr/ei/pp/Pneipp_b73_s0p.do?GS_HANGMOK_CD=73&GS_HANGMOK_NO=15-%EB%9D%BC&GS_HANGMOK_NM=%EB%B0%A9%EA%B3%BC%ED%9B%84%ED%95%99%EA%B5%90+%EC%9A%B4%EC%98%81+%EA%B3%84%ED%9A%8D+%EB%B0%8F+%EC%9A%B4%EC%98%81%E3%86%8D%EC%A7%80%EC%9B%90%ED%98%84%ED%99%A9&GS_BURYU_CD=JG130&JG_BURYU_CD=JG150&JG_HANGMOK_CD=59&JG_GUBUN=1&JG_YEAR2=2026&HG_NM=%EC%84%9C%EC%9A%B8%EC%84%B1%EB%B6%81%EC%B4%88%EB%93%B1%ED%95%99%EA%B5%90&SHL_IDF_CD=e749b093-cb30-4e96-9c8e-d45759595103&GS_TYPE=Y&JG_YEAR=2026&SORT=BR&CHOSEN_JG_YEAR=2026&PRE_JG_YEAR=2026&LOAD_TYPE=single,2026학년도 성북초등학교 방과후교실 운영계획.hwpx / 2026학년도 성북초등학교 돌봄교실 운영계획.hwp,,,,,,,,,,
wave2_seoul,B000002405,서울장위초등학교,서울특별시,2-가 문서에서 시정표를 찾지 못함(요약본이거나 표가 이미지일 수 있음),15-라 계획에 1학년 오후돌봄 종료 시각이 없음,https://www.schoolinfo.go.kr/ei/ss/Pneiss_b01_s0.do?SHL_IDF_CD=842bc8e0-194d-4eff-a6fc-5b65302cd972,https://www.schoolinfo.go.kr/ei/pp/Pneipp_b14_s0p.do?GS_HANGMOK_CD=14&GS_HANGMOK_NO=2-%EA%B0%80&GS_HANGMOK_NM=%ED%95%99%EA%B5%90%EA%B5%90%EC%9C%A1%EA%B3%BC%EC%A0%95+%ED%8E%B8%EC%84%B1%E3%86%8D%EC%9A%B4%EC%98%81+%EB%B0%8F+%ED%8F%89%EA%B0%80%EC%97%90+%EA%B4%80%ED%95%9C+%EC%82%AC%ED%95%AD&GS_BURYU_CD=JG100&JG_BURYU_CD=JG020&JG_HANGMOK_CD=05&JG_GUBUN=1&JG_YEAR2=2026&HG_NM=%EC%84%9C%EC%9A%B8%EC%9E%A5%EC%9C%84%EC%B4%88%EB%93%B1%ED%95%99%EA%B5%90&SHL_IDF_CD=842bc8e0-194d-4eff-a6fc-5b65302cd972&GS_TYPE=Y&JG_YEAR=2026&SORT=BR&CHOSEN_JG_YEAR=2026&PRE_JG_YEAR=2026&LOAD_TYPE=single,2026학년도 장위초 (진로)체험활동운영계획.hwpx / 2026학년도 창위초 학교교육과정 편성운영평가 계획.hwpx / 2026학년도 장위초 연간학사일정.hwpx,https://www.schoolinfo.go.kr/ei/pp/Pneipp_b73_s0p.do?GS_HANGMOK_CD=73&GS_HANGMOK_NO=15-%EB%9D%BC&GS_HANGMOK_NM=%EB%B0%A9%EA%B3%BC%ED%9B%84%ED%95%99%EA%B5%90+%EC%9A%B4%EC%98%81+%EA%B3%84%ED%9A%8D+%EB%B0%8F+%EC%9A%B4%EC%98%81%E3%86%8D%EC%A7%80%EC%9B%90%ED%98%84%ED%99%A9&GS_BURYU_CD=JG130&JG_BURYU_CD=JG150&JG_HANGMOK_CD=59&JG_GUBUN=1&JG_YEAR2=2026&HG_NM=%EC%84%9C%EC%9A%B8%EC%9E%A5%EC%9C%84%EC%B4%88%EB%93%B1%ED%95%99%EA%B5%90&SHL_IDF_CD=842bc8e0-194d-4eff-a6fc-5b65302cd972&GS_TYPE=Y&JG_YEAR=2026&SORT=BR&CHOSEN_JG_YEAR=2026&PRE_JG_YEAR=2026&LOAD_TYPE=single,2026학년도 방과후.맞춤형 프로그램 연간 운영 계획 및 1분기 운영계획 (안)-.hwp,,,,,,,,,,
wave2_seoul,B000002407,서울정수초등학교,서울특별시,2-가 문서에서 시정표를 찾지 못함(요약본이거나 표가 이미지일 수 있음),,https://www.schoolinfo.go.kr/ei/ss/Pneiss_b01_s0.do?SHL_IDF_CD=f4a7863e-b4f4-4a4c-96dc-a74a00bad27d,https://www.schoolinfo.go.kr/ei/pp/Pneipp_b14_s0p.do?GS_HANGMOK_CD=14&GS_HANGMOK_NO=2-%EA%B0%80&GS_HANGMOK_NM=%ED%95%99%EA%B5%90%EA%B5%90%EC%9C%A1%EA%B3%BC%EC%A0%95+%ED%8E%B8%EC%84%B1%E3%86%8D%EC%9A%B4%EC%98%81+%EB%B0%8F+%ED%8F%89%EA%B0%80%EC%97%90+%EA%B4%80%ED%95%9C+%EC%82%AC%ED%95%AD&GS_BURYU_CD=JG100&JG_BURYU_CD=JG020&JG_HANGMOK_CD=05&JG_GUBUN=1&JG_YEAR2=2026&HG_NM=%EC%84%9C%EC%9A%B8%EC%A0%95%EC%88%98%EC%B4%88%EB%93%B1%ED%95%99%EA%B5%90&SHL_IDF_CD=f4a7863e-b4f4-4a4c-96dc-a74a00bad27d&GS_TYPE=Y&JG_YEAR=2026&SORT=BR&CHOSEN_JG_YEAR=2026&PRE_JG_YEAR=2026&LOAD_TYPE=single,2026학년도 정수초 연간학사일정.hwpx / 2026학년도 정수초 학교교육과정 편성·운영·평가 계획.hwpx,https://www.schoolinfo.go.kr/ei/pp/Pneipp_b73_s0p.do?GS_HANGMOK_CD=73&GS_HANGMOK_NO=15-%EB%9D%BC&GS_HANGMOK_NM=%EB%B0%A9%EA%B3%BC%ED%9B%84%ED%95%99%EA%B5%90+%EC%9A%B4%EC%98%81+%EA%B3%84%ED%9A%8D+%EB%B0%8F+%EC%9A%B4%EC%98%81%E3%86%8D%EC%A7%80%EC%9B%90%ED%98%84%ED%99%A9&GS_BURYU_CD=JG130&JG_BURYU_CD=JG150&JG_HANGMOK_CD=59&JG_GUBUN=1&JG_YEAR2=2026&HG_NM=%EC%84%9C%EC%9A%B8%EC%A0%95%EC%88%98%EC%B4%88%EB%93%B1%ED%95%99%EA%B5%90&SHL_IDF_CD=f4a7863e-b4f4-4a4c-96dc-a74a00bad27d&GS_TYPE=Y&JG_YEAR=2026&SORT=BR&CHOSEN_JG_YEAR=2026&PRE_JG_YEAR=2026&LOAD_TYPE=single,2026학년도 정수초 방과후학교 및 초등돌봄교실 운영계획.hwp,,,,,,,,,,
wave2_seoul,B000002410,서울일신초등학교,서울특별시,2-가 문서에서 시정표를 찾지 못함(요약본이거나 표가 이미지일 수 있음),,https://www.schoolinfo.go.kr/ei/ss/Pneiss_b01_s0.do?SHL_IDF_CD=670faa94-2abd-4838-9b2f-0ad5b48449e3,https://www.schoolinfo.go.kr/ei/pp/Pneipp_b14_s0p.do?GS_HANGMOK_CD=14&GS_HANGMOK_NO=2-%EA%B0%80&GS_HANGMOK_NM=%ED%95%99%EA%B5%90%EA%B5%90%EC%9C%A1%EA%B3%BC%EC%A0%95+%ED%8E%B8%EC%84%B1%E3%86%8D%EC%9A%B4%EC%98%81+%EB%B0%8F+%ED%8F%89%EA%B0%80%EC%97%90+%EA%B4%80%ED%95%9C+%EC%82%AC%ED%95%AD&GS_BURYU_CD=JG100&JG_BURYU_CD=JG020&JG_HANGMOK_CD=05&JG_GUBUN=1&JG_YEAR2=2026&HG_NM=%EC%84%9C%EC%9A%B8%EC%9D%BC%EC%8B%A0%EC%B4%88%EB%93%B1%ED%95%99%EA%B5%90&SHL_IDF_CD=670faa94-2abd-4838-9b2f-0ad5b48449e3&GS_TYPE=Y&JG_YEAR=2026&SORT=BR&CHOSEN_JG_YEAR=2026&PRE_JG_YEAR=2026&LOAD_TYPE=single,2026 학교교육과정 편성운영 및 평가.hwpx,https://www.schoolinfo.go.kr/ei/pp/Pneipp_b73_s0p.do?GS_HANGMOK_CD=73&GS_HANGMOK_NO=15-%EB%9D%BC&GS_HANGMOK_NM=%EB%B0%A9%EA%B3%BC%ED%9B%84%ED%95%99%EA%B5%90+%EC%9A%B4%EC%98%81+%EA%B3%84%ED%9A%8D+%EB%B0%8F+%EC%9A%B4%EC%98%81%E3%86%8D%EC%A7%80%EC%9B%90%ED%98%84%ED%99%A9&GS_BURYU_CD=JG130&JG_BURYU_CD=JG150&JG_HANGMOK_CD=59&JG_GUBUN=1&JG_YEAR2=2026&HG_NM=%EC%84%9C%EC%9A%B8%EC%9D%BC%EC%8B%A0%EC%B4%88%EB%93%B1%ED%95%99%EA%B5%90&SHL_IDF_CD=670faa94-2abd-4838-9b2f-0ad5b48449e3&GS_TYPE=Y&JG_YEAR=2026&SORT=BR&CHOSEN_JG_YEAR=2026&PRE_JG_YEAR=2026&LOAD_TYPE=single,2026학년도 방과후학교 운영 계획.hwp / 2026학년도 초등돌봄교실 운영 계획.hwp,,,,,,,,,,
wave2_seoul,B000002413,성신초등학교,서울특별시,2-가 문서에서 시정표를 찾지 못함(요약본이거나 표가 이미지일 수 있음),15-라 계획에 1학년 오후돌봄 종료 시각이 없음,https://www.schoolinfo.go.kr/ei/ss/Pneiss_b01_s0.do?SHL_IDF_CD=5a337163-36fb-4d16-90bd-340aead6de9d,https://www.schoolinfo.go.kr/ei/pp/Pneipp_b14_s0p.do?GS_HANGMOK_CD=14&GS_HANGMOK_NO=2-%EA%B0%80&GS_HANGMOK_NM=%ED%95%99%EA%B5%90%EA%B5%90%EC%9C%A1%EA%B3%BC%EC%A0%95+%ED%8E%B8%EC%84%B1%E3%86%8D%EC%9A%B4%EC%98%81+%EB%B0%8F+%ED%8F%89%EA%B0%80%EC%97%90+%EA%B4%80%ED%95%9C+%EC%82%AC%ED%95%AD&GS_BURYU_CD=JG100&JG_BURYU_CD=JG020&JG_HANGMOK_CD=05&JG_GUBUN=1&JG_YEAR2=2026&HG_NM=%EC%84%B1%EC%8B%A0%EC%B4%88%EB%93%B1%ED%95%99%EA%B5%90&SHL_IDF_CD=5a337163-36fb-4d16-90bd-340aead6de9d&GS_TYPE=Y&JG_YEAR=2026&SORT=BR&CHOSEN_JG_YEAR=2026&PRE_JG_YEAR=2026&LOAD_TYPE=single,학교 교육과정 편성운영 및 평가에 관한 사항.hwpx,https://www.schoolinfo.go.kr/ei/pp/Pneipp_b73_s0p.do?GS_HANGMOK_CD=73&GS_HANGMOK_NO=15-%EB%9D%BC&GS_HANGMOK_NM=%EB%B0%A9%EA%B3%BC%ED%9B%84%ED%95%99%EA%B5%90+%EC%9A%B4%EC%98%81+%EA%B3%84%ED%9A%8D+%EB%B0%8F+%EC%9A%B4%EC%98%81%E3%86%8D%EC%A7%80%EC%9B%90%ED%98%84%ED%99%A9&GS_BURYU_CD=JG130&JG_BURYU_CD=JG150&JG_HANGMOK_CD=59&JG_GUBUN=1&JG_YEAR2=2026&HG_NM=%EC%84%B1%EC%8B%A0%EC%B4%88%EB%93%B1%ED%95%99%EA%B5%90&SHL_IDF_CD=5a337163-36fb-4d16-90bd-340aead6de9d&GS_TYPE=Y&JG_YEAR=2026&SORT=BR&CHOSEN_JG_YEAR=2026&PRE_JG_YEAR=2026&LOAD_TYPE=single,(정보공시)2026학년도 성신초등학교 방과후 프로그램 운영계획.hwp,,,,,,,,,,
wave2_seoul,B000002414,우촌초등학교,서울특별시,2-가 문서에서 시정표를 찾지 못함(요약본이거나 표가 이미지일 수 있음),15-라 계획에 1학년 오후돌봄 종료 시각이 없음,https://www.schoolinfo.go.kr/ei/ss/Pneiss_b01_s0.do?SHL_IDF_CD=bb8d87b0-edfa-4bd9-9c24-b11debc3ba3c,https://www.schoolinfo.go.kr/ei/pp/Pneipp_b14_s0p.do?GS_HANGMOK_CD=14&GS_HANGMOK_NO=2-%EA%B0%80&GS_HANGMOK_NM=%ED%95%99%EA%B5%90%EA%B5%90%EC%9C%A1%EA%B3%BC%EC%A0%95+%ED%8E%B8%EC%84%B1%E3%86%8D%EC%9A%B4%EC%98%81+%EB%B0%8F+%ED%8F%89%EA%B0%80%EC%97%90+%EA%B4%80%ED%95%9C+%EC%82%AC%ED%95%AD&GS_BURYU_CD=JG100&JG_BURYU_CD=JG020&JG_HANGMOK_CD=05&JG_GUBUN=1&JG_YEAR2=2026&HG_NM=%EC%9A%B0%EC%B4%8C%EC%B4%88%EB%93%B1%ED%95%99%EA%B5%90&SHL_IDF_CD=bb8d87b0-edfa-4bd9-9c24-b11debc3ba3c&GS_TYPE=Y&JG_YEAR=2026&SORT=BR&CHOSEN_JG_YEAR=2026&PRE_JG_YEAR=2026&LOAD_TYPE=single,(정보공시) 2026 학교교육과정 편성 운영 및 평가에 관한 사항.hwpx,https://www.schoolinfo.go.kr/ei/pp/Pneipp_b73_s0p.do?GS_HANGMOK_CD=73&GS_HANGMOK_NO=15-%EB%9D%BC&GS_HANGMOK_NM=%EB%B0%A9%EA%B3%BC%ED%9B%84%ED%95%99%EA%B5%90+%EC%9A%B4%EC%98%81+%EA%B3%84%ED%9A%8D+%EB%B0%8F+%EC%9A%B4%EC%98%81%E3%86%8D%EC%A7%80%EC%9B%90%ED%98%84%ED%99%A9&GS_BURYU_CD=JG130&JG_BURYU_CD=JG150&JG_HANGMOK_CD=59&JG_GUBUN=1&JG_YEAR2=2026&HG_NM=%EC%9A%B0%EC%B4%8C%EC%B4%88%EB%93%B1%ED%95%99%EA%B5%90&SHL_IDF_CD=bb8d87b0-edfa-4bd9-9c24-b11debc3ba3c&GS_TYPE=Y&JG_YEAR=2026&SORT=BR&CHOSEN_JG_YEAR=2026&PRE_JG_YEAR=2026&LOAD_TYPE=single,2026학년도 1학기 우촌초등학교 방과후학교 운영 계획.hwpx,,,,,,,,,,
wave2_seoul,B000002415,대광초등학교,서울특별시,2-가 문서에서 시정표를 찾지 못함(요약본이거나 표가 이미지일 수 있음),15-라 계획에 1학년 오후돌봄 종료 시각이 없음,https://www.schoolinfo.go.kr/ei/ss/Pneiss_b01_s0.do?SHL_IDF_CD=778effb5-d9b1-4fac-9c3a-67e3908ee13e,https://www.schoolinfo.go.kr/ei/pp/Pneipp_b14_s0p.do?GS_HANGMOK_CD=14&GS_HANGMOK_NO=2-%EA%B0%80&GS_HANGMOK_NM=%ED%95%99%EA%B5%90%EA%B5%90%EC%9C%A1%EA%B3%BC%EC%A0%95+%ED%8E%B8%EC%84%B1%E3%86%8D%EC%9A%B4%EC%98%81+%EB%B0%8F+%ED%8F%89%EA%B0%80%EC%97%90+%EA%B4%80%ED%95%9C+%EC%82%AC%ED%95%AD&GS_BURYU_CD=JG100&JG_BURYU_CD=JG020&JG_HANGMOK_CD=05&JG_GUBUN=1&JG_YEAR2=2026&HG_NM=%EB%8C%80%EA%B4%91%EC%B4%88%EB%93%B1%ED%95%99%EA%B5%90&SHL_IDF_CD=778effb5-d9b1-4fac-9c3a-67e3908ee13e&GS_TYPE=Y&JG_YEAR=2026&SORT=BR&CHOSEN_JG_YEAR=2026&PRE_JG_YEAR=2026&LOAD_TYPE=single,대광초-2026-교육과정편성운영.pdf,https://www.schoolinfo.go.kr/ei/pp/Pneipp_b73_s0p.do?GS_HANGMOK_CD=73&GS_HANGMOK_NO=15-%EB%9D%BC&GS_HANGMOK_NM=%EB%B0%A9%EA%B3%BC%ED%9B%84%ED%95%99%EA%B5%90+%EC%9A%B4%EC%98%81+%EA%B3%84%ED%9A%8D+%EB%B0%8F+%EC%9A%B4%EC%98%81%E3%86%8D%EC%A7%80%EC%9B%90%ED%98%84%ED%99%A9&GS_BURYU_CD=JG130&JG_BURYU_CD=JG150&JG_HANGMOK_CD=59&JG_GUBUN=1&JG_YEAR2=2026&HG_NM=%EB%8C%80%EA%B4%91%EC%B4%88%EB%93%B1%ED%95%99%EA%B5%90&SHL_IDF_CD=778effb5-d9b1-4fac-9c3a-67e3908ee13e&GS_TYPE=Y&JG_YEAR=2026&SORT=BR&CHOSEN_JG_YEAR=2026&PRE_JG_YEAR=2026&LOAD_TYPE=single,방과후학교운영계획.hwpx,,,,,,,,,,
wave2_seoul,B000002416,광운초등학교,서울특별시,2-가 문서에서 시정표를 찾지 못함(요약본이거나 표가 이미지일 수 있음),15-라 계획에 1학년 오후돌봄 종료 시각이 없음,https://www.schoolinfo.go.kr/ei/ss/Pneiss_b01_s0.do?SHL_IDF_CD=65f954be-36fd-4012-87c3-4051b07a4012,https://www.schoolinfo.go.kr/ei/pp/Pneipp_b14_s0p.do?GS_HANGMOK_CD=14&GS_HANGMOK_NO=2-%EA%B0%80&GS_HANGMOK_NM=%ED%95%99%EA%B5%90%EA%B5%90%EC%9C%A1%EA%B3%BC%EC%A0%95+%ED%8E%B8%EC%84%B1%E3%86%8D%EC%9A%B4%EC%98%81+%EB%B0%8F+%ED%8F%89%EA%B0%80%EC%97%90+%EA%B4%80%ED%95%9C+%EC%82%AC%ED%95%AD&GS_BURYU_CD=JG100&JG_BURYU_CD=JG020&JG_HANGMOK_CD=05&JG_GUBUN=1&JG_YEAR2=2026&HG_NM=%EA%B4%91%EC%9A%B4%EC%B4%88%EB%93%B1%ED%95%99%EA%B5%90&SHL_IDF_CD=65f954be-36fd-4012-87c3-4051b07a4012&GS_TYPE=Y&JG_YEAR=2026&SORT=BR&CHOSEN_JG_YEAR=2026&PRE_JG_YEAR=2026&LOAD_TYPE=single,2026학년도 광운초 학교교육과정 편성.운영 및 평가 계획.hwp,https://www.schoolinfo.go.kr/ei/pp/Pneipp_b73_s0p.do?GS_HANGMOK_CD=73&GS_HANGMOK_NO=15-%EB%9D%BC&GS_HANGMOK_NM=%EB%B0%A9%EA%B3%BC%ED%9B%84%ED%95%99%EA%B5%90+%EC%9A%B4%EC%98%81+%EA%B3%84%ED%9A%8D+%EB%B0%8F+%EC%9A%B4%EC%98%81%E3%86%8D%EC%A7%80%EC%9B%90%ED%98%84%ED%99%A9&GS_BURYU_CD=JG130&JG_BURYU_CD=JG150&JG_HANGMOK_CD=59&JG_GUBUN=1&JG_YEAR2=2026&HG_NM=%EA%B4%91%EC%9A%B4%EC%B4%88%EB%93%B1%ED%95%99%EA%B5%90&SHL_IDF_CD=65f954be-36fd-4012-87c3-4051b07a4012&GS_TYPE=Y&JG_YEAR=2026&SORT=BR&CHOSEN_JG_YEAR=2026&PRE_JG_YEAR=2026&LOAD_TYPE=single,2026년 방과후학교 운영계획.hwp,,,,,,,,,,
wave2_seoul,B000002417,매원초등학교,서울특별시,시정표 제목만 있고 표 글자가 없음(이미지 표 가능),15-라 계획에 1학년 오후돌봄 종료 시각이 없음,https://www.schoolinfo.go.kr/ei/ss/Pneiss_b01_s0.do?SHL_IDF_CD=9218020d-ddfd-4a75-be96-7bf6262b8b8f,https://www.schoolinfo.go.kr/ei/pp/Pneipp_b14_s0p.do?GS_HANGMOK_CD=14&GS_HANGMOK_NO=2-%EA%B0%80&GS_HANGMOK_NM=%ED%95%99%EA%B5%90%EA%B5%90%EC%9C%A1%EA%B3%BC%EC%A0%95+%ED%8E%B8%EC%84%B1%E3%86%8D%EC%9A%B4%EC%98%81+%EB%B0%8F+%ED%8F%89%EA%B0%80%EC%97%90+%EA%B4%80%ED%95%9C+%EC%82%AC%ED%95%AD&GS_BURYU_CD=JG100&JG_BURYU_CD=JG020&JG_HANGMOK_CD=05&JG_GUBUN=1&JG_YEAR2=2026&HG_NM=%EB%A7%A4%EC%9B%90%EC%B4%88%EB%93%B1%ED%95%99%EA%B5%90&SHL_IDF_CD=9218020d-ddfd-4a75-be96-7bf6262b8b8f&GS_TYPE=Y&JG_YEAR=2026&SORT=BR&CHOSEN_JG_YEAR=2026&PRE_JG_YEAR=2026&LOAD_TYPE=single,2026학년도 매원초등학교 학교교육과정 편성 운영 평가 계획.hwp / 2026학년도 매원초 연간학사일정.hwp,https://www.schoolinfo.go.kr/ei/pp/Pneipp_b73_s0p.do?GS_HANGMOK_CD=73&GS_HANGMOK_NO=15-%EB%9D%BC&GS_HANGMOK_NM=%EB%B0%A9%EA%B3%BC%ED%9B%84%ED%95%99%EA%B5%90+%EC%9A%B4%EC%98%81+%EA%B3%84%ED%9A%8D+%EB%B0%8F+%EC%9A%B4%EC%98%81%E3%86%8D%EC%A7%80%EC%9B%90%ED%98%84%ED%99%A9&GS_BURYU_CD=JG130&JG_BURYU_CD=JG150&JG_HANGMOK_CD=59&JG_GUBUN=1&JG_YEAR2=2026&HG_NM=%EB%A7%A4%EC%9B%90%EC%B4%88%EB%93%B1%ED%95%99%EA%B5%90&SHL_IDF_CD=9218020d-ddfd-4a75-be96-7bf6262b8b8f&GS_TYPE=Y&JG_YEAR=2026&SORT=BR&CHOSEN_JG_YEAR=2026&PRE_JG_YEAR=2026&LOAD_TYPE=single,방과후학교부(완성-260212).hwp,,,,,,,,,,
wave2_seoul,B000002418,서울번동초등학교,서울특별시,2-가 문서에서 시정표를 찾지 못함(요약본이거나 표가 이미지일 수 있음),,https://www.schoolinfo.go.kr/ei/ss/Pneiss_b01_s0.do?SHL_IDF_CD=52c9a0bd-0f05-4d25-aadb-4bc6835fb7b8,https://www.schoolinfo.go.kr/ei/pp/Pneipp_b14_s0p.do?GS_HANGMOK_CD=14&GS_HANGMOK_NO=2-%EA%B0%80&GS_HANGMOK_NM=%ED%95%99%EA%B5%90%EA%B5%90%EC%9C%A1%EA%B3%BC%EC%A0%95+%ED%8E%B8%EC%84%B1%E3%86%8D%EC%9A%B4%EC%98%81+%EB%B0%8F+%ED%8F%89%EA%B0%80%EC%97%90+%EA%B4%80%ED%95%9C+%EC%82%AC%ED%95%AD&GS_BURYU_CD=JG100&JG_BURYU_CD=JG020&JG_HANGMOK_CD=05&JG_GUBUN=1&JG_YEAR2=2026&HG_NM=%EC%84%9C%EC%9A%B8%EB%B2%88%EB%8F%99%EC%B4%88%EB%93%B1%ED%95%99%EA%B5%90&SHL_IDF_CD=52c9a0bd-0f05-4d25-aadb-4bc6835fb7b8&GS_TYPE=Y&JG_YEAR=2026&SORT=BR&CHOSEN_JG_YEAR=2026&PRE_JG_YEAR=2026&LOAD_TYPE=single,2026학년도 번동초 연간학사일정.pdf / 2026학년도 번동초 학교교육과정 편성운영평가계획.pdf,https://www.schoolinfo.go.kr/ei/pp/Pneipp_b73_s0p.do?GS_HANGMOK_CD=73&GS_HANGMOK_NO=15-%EB%9D%BC&GS_HANGMOK_NM=%EB%B0%A9%EA%B3%BC%ED%9B%84%ED%95%99%EA%B5%90+%EC%9A%B4%EC%98%81+%EA%B3%84%ED%9A%8D+%EB%B0%8F+%EC%9A%B4%EC%98%81%E3%86%8D%EC%A7%80%EC%9B%90%ED%98%84%ED%99%A9&GS_BURYU_CD=JG130&JG_BURYU_CD=JG150&JG_HANGMOK_CD=59&JG_GUBUN=1&JG_YEAR2=2026&HG_NM=%EC%84%9C%EC%9A%B8%EB%B2%88%EB%8F%99%EC%B4%88%EB%93%B1%ED%95%99%EA%B5%90&SHL_IDF_CD=52c9a0bd-0f05-4d25-aadb-4bc6835fb7b8&GS_TYPE=Y&JG_YEAR=2026&SORT=BR&CHOSEN_JG_YEAR=2026&PRE_JG_YEAR=2026&LOAD_TYPE=single,2026학년도 번동초등학교 방과후교실 운영계획.hwp / 2026학년도 번동초등학교 초등돌봄교실 운영계획.hwp,,,,,,,,,,
wave2_seoul,B000002419,서울오현초등학교,서울특별시,2-가 문서에서 시정표를 찾지 못함(요약본이거나 표가 이미지일 수 있음),,https://www.schoolinfo.go.kr/ei/ss/Pneiss_b01_s0.do?SHL_IDF_CD=eb8054ff-6279-46b8-9f5e-dd76255136f9,https://www.schoolinfo.go.kr/ei/pp/Pneipp_b14_s0p.do?GS_HANGMOK_CD=14&GS_HANGMOK_NO=2-%EA%B0%80&GS_HANGMOK_NM=%ED%95%99%EA%B5%90%EA%B5%90%EC%9C%A1%EA%B3%BC%EC%A0%95+%ED%8E%B8%EC%84%B1%E3%86%8D%EC%9A%B4%EC%98%81+%EB%B0%8F+%ED%8F%89%EA%B0%80%EC%97%90+%EA%B4%80%ED%95%9C+%EC%82%AC%ED%95%AD&GS_BURYU_CD=JG100&JG_BURYU_CD=JG020&JG_HANGMOK_CD=05&JG_GUBUN=1&JG_YEAR2=2026&HG_NM=%EC%84%9C%EC%9A%B8%EC%98%A4%ED%98%84%EC%B4%88%EB%93%B1%ED%95%99%EA%B5%90&SHL_IDF_CD=eb8054ff-6279-46b8-9f5e-dd76255136f9&GS_TYPE=Y&JG_YEAR=2026&SORT=BR&CHOSEN_JG_YEAR=2026&PRE_JG_YEAR=2026&LOAD_TYPE=single,2026학년도 오현초 연간학사일정.pdf / 2026학년도 오현초 학교교육과정 편성·운영·평가 계획.pdf,https://www.schoolinfo.go.kr/ei/pp/Pneipp_b73_s0p.do?GS_HANGMOK_CD=73&GS_HANGMOK_NO=15-%EB%9D%BC&GS_HANGMOK_NM=%EB%B0%A9%EA%B3%BC%ED%9B%84%ED%95%99%EA%B5%90+%EC%9A%B4%EC%98%81+%EA%B3%84%ED%9A%8D+%EB%B0%8F+%EC%9A%B4%EC%98%81%E3%86%8D%EC%A7%80%EC%9B%90%ED%98%84%ED%99%A9&GS_BURYU_CD=JG130&JG_BURYU_CD=JG150&JG_HANGMOK_CD=59&JG_GUBUN=1&JG_YEAR2=2026&HG_NM=%EC%84%9C%EC%9A%B8%EC%98%A4%ED%98%84%EC%B4%88%EB%93%B1%ED%95%99%EA%B5%90&SHL_IDF_CD=eb8054ff-6279-46b8-9f5e-dd76255136f9&GS_TYPE=Y&JG_YEAR=2026&SORT=BR&CHOSEN_JG_YEAR=2026&PRE_JG_YEAR=2026&LOAD_TYPE=single,"2026 초등돌봄교실 운영 계획.hwp / 2026학년도 방과후,맞춤형교실 운영 계획(안).hwp",,,,,,,,,,
wave2_seoul,B000002420,서울삼양초등학교,서울특별시,2-가 문서에서 시정표를 찾지 못함(요약본이거나 표가 이미지일 수 있음),,https://www.schoolinfo.go.kr/ei/ss/Pneiss_b01_s0.do?SHL_IDF_CD=a7cb85f3-559c-46e1-af75-264ddac78ed2,https://www.schoolinfo.go.kr/ei/pp/Pneipp_b14_s0p.do?GS_HANGMOK_CD=14&GS_HANGMOK_NO=2-%EA%B0%80&GS_HANGMOK_NM=%ED%95%99%EA%B5%90%EA%B5%90%EC%9C%A1%EA%B3%BC%EC%A0%95+%ED%8E%B8%EC%84%B1%E3%86%8D%EC%9A%B4%EC%98%81+%EB%B0%8F+%ED%8F%89%EA%B0%80%EC%97%90+%EA%B4%80%ED%95%9C+%EC%82%AC%ED%95%AD&GS_BURYU_CD=JG100&JG_BURYU_CD=JG020&JG_HANGMOK_CD=05&JG_GUBUN=1&JG_YEAR2=2026&HG_NM=%EC%84%9C%EC%9A%B8%EC%82%BC%EC%96%91%EC%B4%88%EB%93%B1%ED%95%99%EA%B5%90&SHL_IDF_CD=a7cb85f3-559c-46e1-af75-264ddac78ed2&GS_TYPE=Y&JG_YEAR=2026&SORT=BR&CHOSEN_JG_YEAR=2026&PRE_JG_YEAR=2026&LOAD_TYPE=single,2-가. 2026학년도 서울삼양초등학교 학교교육과정 편성·운영·평가 계획.hwpx / 2-가. 2026학년도 서울삼양초등학교 연간학사일정.hwpx,https://www.schoolinfo.go.kr/ei/pp/Pneipp_b73_s0p.do?GS_HANGMOK_CD=73&GS_HANGMOK_NO=15-%EB%9D%BC&GS_HANGMOK_NM=%EB%B0%A9%EA%B3%BC%ED%9B%84%ED%95%99%EA%B5%90+%EC%9A%B4%EC%98%81+%EA%B3%84%ED%9A%8D+%EB%B0%8F+%EC%9A%B4%EC%98%81%E3%86%8D%EC%A7%80%EC%9B%90%ED%98%84%ED%99%A9&GS_BURYU_CD=JG130&JG_BURYU_CD=JG150&JG_HANGMOK_CD=59&JG_GUBUN=1&JG_YEAR2=2026&HG_NM=%EC%84%9C%EC%9A%B8%EC%82%BC%EC%96%91%EC%B4%88%EB%93%B1%ED%95%99%EA%B5%90&SHL_IDF_CD=a7cb85f3-559c-46e1-af75-264ddac78ed2&GS_TYPE=Y&JG_YEAR=2026&SORT=BR&CHOSEN_JG_YEAR=2026&PRE_JG_YEAR=2026&LOAD_TYPE=single,2026학년도 서울삼양초등학교 초등돌봄교실 운영 계획.hwp / 2026학년도 서울삼양초등학교 방과후학교 운영 계획.hwp,,,,,,,,,,
wave2_seoul,B000002422,서울송천초등학교,서울특별시,2-가 문서에서 시정표를 찾지 못함(요약본이거나 표가 이미지일 수 있음),,https://www.schoolinfo.go.kr/ei/ss/Pneiss_b01_s0.do?SHL_IDF_CD=1b1c83fa-2d68-4182-8396-b0dfda7f24ae,https://www.schoolinfo.go.kr/ei/pp/Pneipp_b14_s0p.do?GS_HANGMOK_CD=14&GS_HANGMOK_NO=2-%EA%B0%80&GS_HANGMOK_NM=%ED%95%99%EA%B5%90%EA%B5%90%EC%9C%A1%EA%B3%BC%EC%A0%95+%ED%8E%B8%EC%84%B1%E3%86%8D%EC%9A%B4%EC%98%81+%EB%B0%8F+%ED%8F%89%EA%B0%80%EC%97%90+%EA%B4%80%ED%95%9C+%EC%82%AC%ED%95%AD&GS_BURYU_CD=JG100&JG_BURYU_CD=JG020&JG_HANGMOK_CD=05&JG_GUBUN=1&JG_YEAR2=2026&HG_NM=%EC%84%9C%EC%9A%B8%EC%86%A1%EC%B2%9C%EC%B4%88%EB%93%B1%ED%95%99%EA%B5%90&SHL_IDF_CD=1b1c83fa-2d68-4182-8396-b0dfda7f24ae&GS_TYPE=Y&JG_YEAR=2026&SORT=BR&CHOSEN_JG_YEAR=2026&PRE_JG_YEAR=2026&LOAD_TYPE=single,2026학년도 서울송천초 연간학사일정.hwp / 2026학년도 서울송천초 학교교육과정 편성·운영·평가계획.hwp,https://www.schoolinfo.go.kr/ei/pp/Pneipp_b73_s0p.do?GS_HANGMOK_CD=73&GS_HANGMOK_NO=15-%EB%9D%BC&GS_HANGMOK_NM=%EB%B0%A9%EA%B3%BC%ED%9B%84%ED%95%99%EA%B5%90+%EC%9A%B4%EC%98%81+%EA%B3%84%ED%9A%8D+%EB%B0%8F+%EC%9A%B4%EC%98%81%E3%86%8D%EC%A7%80%EC%9B%90%ED%98%84%ED%99%A9&GS_BURYU_CD=JG130&JG_BURYU_CD=JG150&JG_HANGMOK_CD=59&JG_GUBUN=1&JG_YEAR2=2026&HG_NM=%EC%84%9C%EC%9A%B8%EC%86%A1%EC%B2%9C%EC%B4%88%EB%93%B1%ED%95%99%EA%B5%90&SHL_IDF_CD=1b1c83fa-2d68-4182-8396-b0dfda7f24ae&GS_TYPE=Y&JG_YEAR=2026&SORT=BR&CHOSEN_JG_YEAR=2026&PRE_JG_YEAR=2026&LOAD_TYPE=single,2026학년도 돌봄교실 운영계획.hwp / 2026학년도 방과후·맞춤형 제2기 운영계획(안).hwp / 2026학년도 방과후·맞춤형 운영계획(안).hwp,,,,,,,,,,
wave2_seoul,B000002423,서울송중초등학교,서울특별시,2-가 문서에서 시정표를 찾지 못함(요약본이거나 표가 이미지일 수 있음),15-라 계획에 1학년 오후돌봄 종료 시각이 없음,https://www.schoolinfo.go.kr/ei/ss/Pneiss_b01_s0.do?SHL_IDF_CD=3ec64ef6-5f91-48df-b450-8a044c9292e5,https://www.schoolinfo.go.kr/ei/pp/Pneipp_b14_s0p.do?GS_HANGMOK_CD=14&GS_HANGMOK_NO=2-%EA%B0%80&GS_HANGMOK_NM=%ED%95%99%EA%B5%90%EA%B5%90%EC%9C%A1%EA%B3%BC%EC%A0%95+%ED%8E%B8%EC%84%B1%E3%86%8D%EC%9A%B4%EC%98%81+%EB%B0%8F+%ED%8F%89%EA%B0%80%EC%97%90+%EA%B4%80%ED%95%9C+%EC%82%AC%ED%95%AD&GS_BURYU_CD=JG100&JG_BURYU_CD=JG020&JG_HANGMOK_CD=05&JG_GUBUN=1&JG_YEAR2=2026&HG_NM=%EC%84%9C%EC%9A%B8%EC%86%A1%EC%A4%91%EC%B4%88%EB%93%B1%ED%95%99%EA%B5%90&SHL_IDF_CD=3ec64ef6-5f91-48df-b450-8a044c9292e5&GS_TYPE=Y&JG_YEAR=2026&SORT=BR&CHOSEN_JG_YEAR=2026&PRE_JG_YEAR=2026&LOAD_TYPE=single,2026년 학교교육과정 편성운영 및 평가에 관한 사항.hwp,https://www.schoolinfo.go.kr/ei/pp/Pneipp_b73_s0p.do?GS_HANGMOK_CD=73&GS_HANGMOK_NO=15-%EB%9D%BC&GS_HANGMOK_NM=%EB%B0%A9%EA%B3%BC%ED%9B%84%ED%95%99%EA%B5%90+%EC%9A%B4%EC%98%81+%EA%B3%84%ED%9A%8D+%EB%B0%8F+%EC%9A%B4%EC%98%81%E3%86%8D%EC%A7%80%EC%9B%90%ED%98%84%ED%99%A9&GS_BURYU_CD=JG130&JG_BURYU_CD=JG150&JG_HANGMOK_CD=59&JG_GUBUN=1&JG_YEAR2=2026&HG_NM=%EC%84%9C%EC%9A%B8%EC%86%A1%EC%A4%91%EC%B4%88%EB%93%B1%ED%95%99%EA%B5%90&SHL_IDF_CD=3ec64ef6-5f91-48df-b450-8a044c9292e5&GS_TYPE=Y&JG_YEAR=2026&SORT=BR&CHOSEN_JG_YEAR=2026&PRE_JG_YEAR=2026&LOAD_TYPE=single,(송중초)2026학년도 방과후·맞춤형교실 운영계획(안).hwp,,,,,,,,,,
wave2_seoul,B000002424,서울화계초등학교,서울특별시,2-가 문서에서 시정표를 찾지 못함(요약본이거나 표가 이미지일 수 있음),,https://www.schoolinfo.go.kr/ei/ss/Pneiss_b01_s0.do?SHL_IDF_CD=4b756d28-f4a2-4194-b1b8-e599dbec8d9c,https://www.schoolinfo.go.kr/ei/pp/Pneipp_b14_s0p.do?GS_HANGMOK_CD=14&GS_HANGMOK_NO=2-%EA%B0%80&GS_HANGMOK_NM=%ED%95%99%EA%B5%90%EA%B5%90%EC%9C%A1%EA%B3%BC%EC%A0%95+%ED%8E%B8%EC%84%B1%E3%86%8D%EC%9A%B4%EC%98%81+%EB%B0%8F+%ED%8F%89%EA%B0%80%EC%97%90+%EA%B4%80%ED%95%9C+%EC%82%AC%ED%95%AD&GS_BURYU_CD=JG100&JG_BURYU_CD=JG020&JG_HANGMOK_CD=05&JG_GUBUN=1&JG_YEAR2=2026&HG_NM=%EC%84%9C%EC%9A%B8%ED%99%94%EA%B3%84%EC%B4%88%EB%93%B1%ED%95%99%EA%B5%90&SHL_IDF_CD=4b756d28-f4a2-4194-b1b8-e599dbec8d9c&GS_TYPE=Y&JG_YEAR=2026&SORT=BR&CHOSEN_JG_YEAR=2026&PRE_JG_YEAR=2026&LOAD_TYPE=single,2026학년도 학교교육과정 기본 운영 계획(안).hwp / 2026학년도 화계초 학교교육과정 편성 운영 평가 계획.hwpx,https://www.schoolinfo.go.kr/ei/pp/Pneipp_b73_s0p.do?GS_HANGMOK_CD=73&GS_HANGMOK_NO=15-%EB%9D%BC&GS_HANGMOK_NM=%EB%B0%A9%EA%B3%BC%ED%9B%84%ED%95%99%EA%B5%90+%EC%9A%B4%EC%98%81+%EA%B3%84%ED%9A%8D+%EB%B0%8F+%EC%9A%B4%EC%98%81%E3%86%8D%EC%A7%80%EC%9B%90%ED%98%84%ED%99%A9&GS_BURYU_CD=JG130&JG_BURYU_CD=JG150&JG_HANGMOK_CD=59&JG_GUBUN=1&JG_YEAR2=2026&HG_NM=%EC%84%9C%EC%9A%B8%ED%99%94%EA%B3%84%EC%B4%88%EB%93%B1%ED%95%99%EA%B5%90&SHL_IDF_CD=4b756d28-f4a2-4194-b1b8-e599dbec8d9c&GS_TYPE=Y&JG_YEAR=2026&SORT=BR&CHOSEN_JG_YEAR=2026&PRE_JG_YEAR=2026&LOAD_TYPE=single,2026학년도 화계초 돌봄교실 운영 계획.hwp / 2026학년도 화계초 방과후학교 운영계획.hwp,,,,,,,,,,
wave2_seoul,B000002425,서울미양초등학교,서울특별시,,15-라 계획에 1학년 오후돌봄 종료 시각이 없음,https://www.schoolinfo.go.kr/ei/ss/Pneiss_b01_s0.do?SHL_IDF_CD=98515d63-7a04-4c8a-82b1-3ec23bd2e3d6,https://www.schoolinfo.go.kr/ei/pp/Pneipp_b14_s0p.do?GS_HANGMOK_CD=14&GS_HANGMOK_NO=2-%EA%B0%80&GS_HANGMOK_NM=%ED%95%99%EA%B5%90%EA%B5%90%EC%9C%A1%EA%B3%BC%EC%A0%95+%ED%8E%B8%EC%84%B1%E3%86%8D%EC%9A%B4%EC%98%81+%EB%B0%8F+%ED%8F%89%EA%B0%80%EC%97%90+%EA%B4%80%ED%95%9C+%EC%82%AC%ED%95%AD&GS_BURYU_CD=JG100&JG_BURYU_CD=JG020&JG_HANGMOK_CD=05&JG_GUBUN=1&JG_YEAR2=2026&HG_NM=%EC%84%9C%EC%9A%B8%EB%AF%B8%EC%96%91%EC%B4%88%EB%93%B1%ED%95%99%EA%B5%90&SHL_IDF_CD=98515d63-7a04-4c8a-82b1-3ec23bd2e3d6&GS_TYPE=Y&JG_YEAR=2026&SORT=BR&CHOSEN_JG_YEAR=2026&PRE_JG_YEAR=2026&LOAD_TYPE=single,2026학년도 학교교육과정 편성?운영?평가계획.pdf,https://www.schoolinfo.go.kr/ei/pp/Pneipp_b73_s0p.do?GS_HANGMOK_CD=73&GS_HANGMOK_NO=15-%EB%9D%BC&GS_HANGMOK_NM=%EB%B0%A9%EA%B3%BC%ED%9B%84%ED%95%99%EA%B5%90+%EC%9A%B4%EC%98%81+%EA%B3%84%ED%9A%8D+%EB%B0%8F+%EC%9A%B4%EC%98%81%E3%86%8D%EC%A7%80%EC%9B%90%ED%98%84%ED%99%A9&GS_BURYU_CD=JG130&JG_BURYU_CD=JG150&JG_HANGMOK_CD=59&JG_GUBUN=1&JG_YEAR2=2026&HG_NM=%EC%84%9C%EC%9A%B8%EB%AF%B8%EC%96%91%EC%B4%88%EB%93%B1%ED%95%99%EA%B5%90&SHL_IDF_CD=98515d63-7a04-4c8a-82b1-3ec23bd2e3d6&GS_TYPE=Y&JG_YEAR=2026&SORT=BR&CHOSEN_JG_YEAR=2026&PRE_JG_YEAR=2026&LOAD_TYPE=single,2026학년도 미양초 방과후학교 운영 계획.hwp,,,,,,,,,,
wave2_seoul,B000002426,서울수송초등학교,서울특별시,2-가 문서에서 시정표를 찾지 못함(요약본이거나 표가 이미지일 수 있음),,https://www.schoolinfo.go.kr/ei/ss/Pneiss_b01_s0.do?SHL_IDF_CD=25054056-7f22-45f5-af45-14d105c7fb14,https://www.schoolinfo.go.kr/ei/pp/Pneipp_b14_s0p.do?GS_HANGMOK_CD=14&GS_HANGMOK_NO=2-%EA%B0%80&GS_HANGMOK_NM=%ED%95%99%EA%B5%90%EA%B5%90%EC%9C%A1%EA%B3%BC%EC%A0%95+%ED%8E%B8%EC%84%B1%E3%86%8D%EC%9A%B4%EC%98%81+%EB%B0%8F+%ED%8F%89%EA%B0%80%EC%97%90+%EA%B4%80%ED%95%9C+%EC%82%AC%ED%95%AD&GS_BURYU_CD=JG100&JG_BURYU_CD=JG020&JG_HANGMOK_CD=05&JG_GUBUN=1&JG_YEAR2=2026&HG_NM=%EC%84%9C%EC%9A%B8%EC%88%98%EC%86%A1%EC%B4%88%EB%93%B1%ED%95%99%EA%B5%90&SHL_IDF_CD=25054056-7f22-45f5-af45-14d105c7fb14&GS_TYPE=Y&JG_YEAR=2026&SORT=BR&CHOSEN_JG_YEAR=2026&PRE_JG_YEAR=2026&LOAD_TYPE=single,2026학년도 수송초 연간 학사일정.hwp / 2026학년도 수송초 학교교육과정 편성·운영·평가 계획.hwp,https://www.schoolinfo.go.kr/ei/pp/Pneipp_b73_s0p.do?GS_HANGMOK_CD=73&GS_HANGMOK_NO=15-%EB%9D%BC&GS_HANGMOK_NM=%EB%B0%A9%EA%B3%BC%ED%9B%84%ED%95%99%EA%B5%90+%EC%9A%B4%EC%98%81+%EA%B3%84%ED%9A%8D+%EB%B0%8F+%EC%9A%B4%EC%98%81%E3%86%8D%EC%A7%80%EC%9B%90%ED%98%84%ED%99%A9&GS_BURYU_CD=JG130&JG_BURYU_CD=JG150&JG_HANGMOK_CD=59&JG_GUBUN=1&JG_YEAR2=2026&HG_NM=%EC%84%9C%EC%9A%B8%EC%88%98%EC%86%A1%EC%B4%88%EB%93%B1%ED%95%99%EA%B5%90&SHL_IDF_CD=25054056-7f22-45f5-af45-14d105c7fb14&GS_TYPE=Y&JG_YEAR=2026&SORT=BR&CHOSEN_JG_YEAR=2026&PRE_JG_YEAR=2026&LOAD_TYPE=single,2026학년도 수송초등학교 초등돌봄교실 운영계획.hwp / 2026학년도 수송초등학교 방과후교실 운영 계획.pdf,,,,,,,,,,
wave2_seoul,B000002431,영훈초등학교,서울특별시,시정표 제목만 있고 표 글자가 없음(이미지 표 가능),15-라 계획에 1학년 오후돌봄 종료 시각이 없음,https://www.schoolinfo.go.kr/ei/ss/Pneiss_b01_s0.do?SHL_IDF_CD=552149de-4c96-4160-a462-52fd4e970818,https://www.schoolinfo.go.kr/ei/pp/Pneipp_b14_s0p.do?GS_HANGMOK_CD=14&GS_HANGMOK_NO=2-%EA%B0%80&GS_HANGMOK_NM=%ED%95%99%EA%B5%90%EA%B5%90%EC%9C%A1%EA%B3%BC%EC%A0%95+%ED%8E%B8%EC%84%B1%E3%86%8D%EC%9A%B4%EC%98%81+%EB%B0%8F+%ED%8F%89%EA%B0%80%EC%97%90+%EA%B4%80%ED%95%9C+%EC%82%AC%ED%95%AD&GS_BURYU_CD=JG100&JG_BURYU_CD=JG020&JG_HANGMOK_CD=05&JG_GUBUN=1&JG_YEAR2=2026&HG_NM=%EC%98%81%ED%9B%88%EC%B4%88%EB%93%B1%ED%95%99%EA%B5%90&SHL_IDF_CD=552149de-4c96-4160-a462-52fd4e970818&GS_TYPE=Y&JG_YEAR=2026&SORT=BR&CHOSEN_JG_YEAR=2026&PRE_JG_YEAR=2026&LOAD_TYPE=single,2026학년도 영훈초등학교 학교교육계획서 완성본.pdf,https://www.schoolinfo.go.kr/ei/pp/Pneipp_b73_s0p.do?GS_HANGMOK_CD=73&GS_HANGMOK_NO=15-%EB%9D%BC&GS_HANGMOK_NM=%EB%B0%A9%EA%B3%BC%ED%9B%84%ED%95%99%EA%B5%90+%EC%9A%B4%EC%98%81+%EA%B3%84%ED%9A%8D+%EB%B0%8F+%EC%9A%B4%EC%98%81%E3%86%8D%EC%A7%80%EC%9B%90%ED%98%84%ED%99%A9&GS_BURYU_CD=JG130&JG_BURYU_CD=JG150&JG_HANGMOK_CD=59&JG_GUBUN=1&JG_YEAR2=2026&HG_NM=%EC%98%81%ED%9B%88%EC%B4%88%EB%93%B1%ED%95%99%EA%B5%90&SHL_IDF_CD=552149de-4c96-4160-a462-52fd4e970818&GS_TYPE=Y&JG_YEAR=2026&SORT=BR&CHOSEN_JG_YEAR=2026&PRE_JG_YEAR=2026&LOAD_TYPE=single,2026학년도 방과후·돌봄·학년특별프로그램 운영 계획(탑재용).hwp,,,,,,,,,,
wave2_seoul,B000022762,서울공진초등학교,서울특별시,2-가 문서에서 시정표를 찾지 못함(요약본이거나 표가 이미지일 수 있음),,https://www.schoolinfo.go.kr/ei/ss/Pneiss_b01_s0.do?SHL_IDF_CD=57d0d467-182a-4d06-be9e-b654e9b08b7c,https://www.schoolinfo.go.kr/ei/pp/Pneipp_b14_s0p.do?GS_HANGMOK_CD=14&GS_HANGMOK_NO=2-%EA%B0%80&GS_HANGMOK_NM=%ED%95%99%EA%B5%90%EA%B5%90%EC%9C%A1%EA%B3%BC%EC%A0%95+%ED%8E%B8%EC%84%B1%E3%86%8D%EC%9A%B4%EC%98%81+%EB%B0%8F+%ED%8F%89%EA%B0%80%EC%97%90+%EA%B4%80%ED%95%9C+%EC%82%AC%ED%95%AD&GS_BURYU_CD=JG100&JG_BURYU_CD=JG020&JG_HANGMOK_CD=05&JG_GUBUN=1&JG_YEAR2=2026&HG_NM=%EC%84%9C%EC%9A%B8%EA%B3%B5%EC%A7%84%EC%B4%88%EB%93%B1%ED%95%99%EA%B5%90&SHL_IDF_CD=57d0d467-182a-4d06-be9e-b654e9b08b7c&GS_TYPE=Y&JG_YEAR=2026&SORT=BR&CHOSEN_JG_YEAR=2026&PRE_JG_YEAR=2026&LOAD_TYPE=single,2026 학교 교육과정 편성 운영 및 평가에 관한 사항.hwpx,https://www.schoolinfo.go.kr/ei/pp/Pneipp_b73_s0p.do?GS_HANGMOK_CD=73&GS_HANGMOK_NO=15-%EB%9D%BC&GS_HANGMOK_NM=%EB%B0%A9%EA%B3%BC%ED%9B%84%ED%95%99%EA%B5%90+%EC%9A%B4%EC%98%81+%EA%B3%84%ED%9A%8D+%EB%B0%8F+%EC%9A%B4%EC%98%81%E3%86%8D%EC%A7%80%EC%9B%90%ED%98%84%ED%99%A9&GS_BURYU_CD=JG130&JG_BURYU_CD=JG150&JG_HANGMOK_CD=59&JG_GUBUN=1&JG_YEAR2=2026&HG_NM=%EC%84%9C%EC%9A%B8%EA%B3%B5%EC%A7%84%EC%B4%88%EB%93%B1%ED%95%99%EA%B5%90&SHL_IDF_CD=57d0d467-182a-4d06-be9e-b654e9b08b7c&GS_TYPE=Y&JG_YEAR=2026&SORT=BR&CHOSEN_JG_YEAR=2026&PRE_JG_YEAR=2026&LOAD_TYPE=single,2026학년도 공진초 방과후·맞춤형 프로그램 운영계획(안)).pdf / 2026학년도 공진초 초등돌봄교실 운영 계획(안).pdf,,,,,,,,,,
wave2_seoul,B000022763,서울공항초등학교,서울특별시,,"15-라 계획에 1학년 오후돌봄 종료 시각이 없음 (돌봄 시간표가 표 해체로 반별 대응 불명확(방과후~18:30, 방과후~17:00 등))",https://www.schoolinfo.go.kr/ei/ss/Pneiss_b01_s0.do?SHL_IDF_CD=14aa891a-a61c-4704-9943-50f3e64b74f6,https://www.schoolinfo.go.kr/ei/pp/Pneipp_b14_s0p.do?GS_HANGMOK_CD=14&GS_HANGMOK_NO=2-%EA%B0%80&GS_HANGMOK_NM=%ED%95%99%EA%B5%90%EA%B5%90%EC%9C%A1%EA%B3%BC%EC%A0%95+%ED%8E%B8%EC%84%B1%E3%86%8D%EC%9A%B4%EC%98%81+%EB%B0%8F+%ED%8F%89%EA%B0%80%EC%97%90+%EA%B4%80%ED%95%9C+%EC%82%AC%ED%95%AD&GS_BURYU_CD=JG100&JG_BURYU_CD=JG020&JG_HANGMOK_CD=05&JG_GUBUN=1&JG_YEAR2=2026&HG_NM=%EC%84%9C%EC%9A%B8%EA%B3%B5%ED%95%AD%EC%B4%88%EB%93%B1%ED%95%99%EA%B5%90&SHL_IDF_CD=14aa891a-a61c-4704-9943-50f3e64b74f6&GS_TYPE=Y&JG_YEAR=2026&SORT=BR&CHOSEN_JG_YEAR=2026&PRE_JG_YEAR=2026&LOAD_TYPE=single,2026 공항초 교육과정 편성운영.hwpx,https://www.schoolinfo.go.kr/ei/pp/Pneipp_b73_s0p.do?GS_HANGMOK_CD=73&GS_HANGMOK_NO=15-%EB%9D%BC&GS_HANGMOK_NM=%EB%B0%A9%EA%B3%BC%ED%9B%84%ED%95%99%EA%B5%90+%EC%9A%B4%EC%98%81+%EA%B3%84%ED%9A%8D+%EB%B0%8F+%EC%9A%B4%EC%98%81%E3%86%8D%EC%A7%80%EC%9B%90%ED%98%84%ED%99%A9&GS_BURYU_CD=JG130&JG_BURYU_CD=JG150&JG_HANGMOK_CD=59&JG_GUBUN=1&JG_YEAR2=2026&HG_NM=%EC%84%9C%EC%9A%B8%EA%B3%B5%ED%95%AD%EC%B4%88%EB%93%B1%ED%95%99%EA%B5%90&SHL_IDF_CD=14aa891a-a61c-4704-9943-50f3e64b74f6&GS_TYPE=Y&JG_YEAR=2026&SORT=BR&CHOSEN_JG_YEAR=2026&PRE_JG_YEAR=2026&LOAD_TYPE=single,"학운위심의안(최종)2026학년도 서울공항초 방과후,맞춤형,돌봄 연간운영계획.pdf",,,,,,,,,,
wave2_seoul,B000024031,서울가재울초등학교,서울특별시,2-가 문서에서 시정표를 찾지 못함(요약본이거나 표가 이미지일 수 있음),,https://www.schoolinfo.go.kr/ei/ss/Pneiss_b01_s0.do?SHL_IDF_CD=814f2533-8c0c-42f0-8e5c-e7cdbbf11d5a,https://www.schoolinfo.go.kr/ei/pp/Pneipp_b14_s0p.do?GS_HANGMOK_CD=14&GS_HANGMOK_NO=2-%EA%B0%80&GS_HANGMOK_NM=%ED%95%99%EA%B5%90%EA%B5%90%EC%9C%A1%EA%B3%BC%EC%A0%95+%ED%8E%B8%EC%84%B1%E3%86%8D%EC%9A%B4%EC%98%81+%EB%B0%8F+%ED%8F%89%EA%B0%80%EC%97%90+%EA%B4%80%ED%95%9C+%EC%82%AC%ED%95%AD&GS_BURYU_CD=JG100&JG_BURYU_CD=JG020&JG_HANGMOK_CD=05&JG_GUBUN=1&JG_YEAR2=2026&HG_NM=%EC%84%9C%EC%9A%B8%EA%B0%80%EC%9E%AC%EC%9A%B8%EC%B4%88%EB%93%B1%ED%95%99%EA%B5%90&SHL_IDF_CD=814f2533-8c0c-42f0-8e5c-e7cdbbf11d5a&GS_TYPE=Y&JG_YEAR=2026&SORT=BR&CHOSEN_JG_YEAR=2026&PRE_JG_YEAR=2026&LOAD_TYPE=single,2026학년도 서울가재울초 학교교육과정 편성·운영·평가 계획.pdf,https://www.schoolinfo.go.kr/ei/pp/Pneipp_b73_s0p.do?GS_HANGMOK_CD=73&GS_HANGMOK_NO=15-%EB%9D%BC&GS_HANGMOK_NM=%EB%B0%A9%EA%B3%BC%ED%9B%84%ED%95%99%EA%B5%90+%EC%9A%B4%EC%98%81+%EA%B3%84%ED%9A%8D+%EB%B0%8F+%EC%9A%B4%EC%98%81%E3%86%8D%EC%A7%80%EC%9B%90%ED%98%84%ED%99%A9&GS_BURYU_CD=JG130&JG_BURYU_CD=JG150&JG_HANGMOK_CD=59&JG_GUBUN=1&JG_YEAR2=2026&HG_NM=%EC%84%9C%EC%9A%B8%EA%B0%80%EC%9E%AC%EC%9A%B8%EC%B4%88%EB%93%B1%ED%95%99%EA%B5%90&SHL_IDF_CD=814f2533-8c0c-42f0-8e5c-e7cdbbf11d5a&GS_TYPE=Y&JG_YEAR=2026&SORT=BR&CHOSEN_JG_YEAR=2026&PRE_JG_YEAR=2026&LOAD_TYPE=single,2026학년도 서울가재울초 돌봄교실 운영 계획.pdf / 2026학년도 서울가재울초 방과후교실 운영 계획.pdf,,,,,,,,,,
wave2_seoul,B000024102,서울어울초등학교,서울특별시,2-가 문서에서 시정표를 찾지 못함(요약본이거나 표가 이미지일 수 있음),15-라 계획에 1학년 오후돌봄 종료 시각이 없음,https://www.schoolinfo.go.kr/ei/ss/Pneiss_b01_s0.do?SHL_IDF_CD=80c28529-4416-4acc-be5f-bd172f9a57b9,https://www.schoolinfo.go.kr/ei/pp/Pneipp_b14_s0p.do?GS_HANGMOK_CD=14&GS_HANGMOK_NO=2-%EA%B0%80&GS_HANGMOK_NM=%ED%95%99%EA%B5%90%EA%B5%90%EC%9C%A1%EA%B3%BC%EC%A0%95+%ED%8E%B8%EC%84%B1%E3%86%8D%EC%9A%B4%EC%98%81+%EB%B0%8F+%ED%8F%89%EA%B0%80%EC%97%90+%EA%B4%80%ED%95%9C+%EC%82%AC%ED%95%AD&GS_BURYU_CD=JG100&JG_BURYU_CD=JG020&JG_HANGMOK_CD=05&JG_GUBUN=1&JG_YEAR2=2026&HG_NM=%EC%84%9C%EC%9A%B8%EC%96%B4%EC%9A%B8%EC%B4%88%EB%93%B1%ED%95%99%EA%B5%90&SHL_IDF_CD=80c28529-4416-4acc-be5f-bd172f9a57b9&GS_TYPE=Y&JG_YEAR=2026&SORT=BR&CHOSEN_JG_YEAR=2026&PRE_JG_YEAR=2026&LOAD_TYPE=single,"2026학년도 어울초 연간학사일정.hwp / 2026학년도 어울초 학교교육과정 편성, 운영, 평가 계획.hwp",https://www.schoolinfo.go.kr/ei/pp/Pneipp_b73_s0p.do?GS_HANGMOK_CD=73&GS_HANGMOK_NO=15-%EB%9D%BC&GS_HANGMOK_NM=%EB%B0%A9%EA%B3%BC%ED%9B%84%ED%95%99%EA%B5%90+%EC%9A%B4%EC%98%81+%EA%B3%84%ED%9A%8D+%EB%B0%8F+%EC%9A%B4%EC%98%81%E3%86%8D%EC%A7%80%EC%9B%90%ED%98%84%ED%99%A9&GS_BURYU_CD=JG130&JG_BURYU_CD=JG150&JG_HANGMOK_CD=59&JG_GUBUN=1&JG_YEAR2=2026&HG_NM=%EC%84%9C%EC%9A%B8%EC%96%B4%EC%9A%B8%EC%B4%88%EB%93%B1%ED%95%99%EA%B5%90&SHL_IDF_CD=80c28529-4416-4acc-be5f-bd172f9a57b9&GS_TYPE=Y&JG_YEAR=2026&SORT=BR&CHOSEN_JG_YEAR=2026&PRE_JG_YEAR=2026&LOAD_TYPE=single,(심의)2026학년도 방과후교실 연간 운영 계획 심의(안).hwp,,,,,,,,,,
wave2_seoul,B000024775,서울금나래초등학교,서울특별시,2-가 문서에서 시정표를 찾지 못함(요약본이거나 표가 이미지일 수 있음),,https://www.schoolinfo.go.kr/ei/ss/Pneiss_b01_s0.do?SHL_IDF_CD=36dc865d-90ca-4c32-a7d3-41591dea6935,https://www.schoolinfo.go.kr/ei/pp/Pneipp_b14_s0p.do?GS_HANGMOK_CD=14&GS_HANGMOK_NO=2-%EA%B0%80&GS_HANGMOK_NM=%ED%95%99%EA%B5%90%EA%B5%90%EC%9C%A1%EA%B3%BC%EC%A0%95+%ED%8E%B8%EC%84%B1%E3%86%8D%EC%9A%B4%EC%98%81+%EB%B0%8F+%ED%8F%89%EA%B0%80%EC%97%90+%EA%B4%80%ED%95%9C+%EC%82%AC%ED%95%AD&GS_BURYU_CD=JG100&JG_BURYU_CD=JG020&JG_HANGMOK_CD=05&JG_GUBUN=1&JG_YEAR2=2026&HG_NM=%EC%84%9C%EC%9A%B8%EA%B8%88%EB%82%98%EB%9E%98%EC%B4%88%EB%93%B1%ED%95%99%EA%B5%90&SHL_IDF_CD=36dc865d-90ca-4c32-a7d3-41591dea6935&GS_TYPE=Y&JG_YEAR=2026&SORT=BR&CHOSEN_JG_YEAR=2026&PRE_JG_YEAR=2026&LOAD_TYPE=single,2026학년도 서울금나래초 학교교육과정 편성 운영 평가 계획.hwpx / 2026학년도 서울금나래초 연간학사일정.hwpx,https://www.schoolinfo.go.kr/ei/pp/Pneipp_b73_s0p.do?GS_HANGMOK_CD=73&GS_HANGMOK_NO=15-%EB%9D%BC&GS_HANGMOK_NM=%EB%B0%A9%EA%B3%BC%ED%9B%84%ED%95%99%EA%B5%90+%EC%9A%B4%EC%98%81+%EA%B3%84%ED%9A%8D+%EB%B0%8F+%EC%9A%B4%EC%98%81%E3%86%8D%EC%A7%80%EC%9B%90%ED%98%84%ED%99%A9&GS_BURYU_CD=JG130&JG_BURYU_CD=JG150&JG_HANGMOK_CD=59&JG_GUBUN=1&JG_YEAR2=2026&HG_NM=%EC%84%9C%EC%9A%B8%EA%B8%88%EB%82%98%EB%9E%98%EC%B4%88%EB%93%B1%ED%95%99%EA%B5%90&SHL_IDF_CD=36dc865d-90ca-4c32-a7d3-41591dea6935&GS_TYPE=Y&JG_YEAR=2026&SORT=BR&CHOSEN_JG_YEAR=2026&PRE_JG_YEAR=2026&LOAD_TYPE=single,(금나래)2026학년도 금나래 늘봄(방과후맞춤형돌봄) 연간운영계획(안).hwpx,,,,,,,,,,
wave2_seoul,B000025384,서울강빛초등학교,서울특별시,2-가 문서에서 시정표를 찾지 못함(요약본이거나 표가 이미지일 수 있음),,https://www.schoolinfo.go.kr/ei/ss/Pneiss_b01_s0.do?SHL_IDF_CD=a124fdc9-6314-4956-b129-8b2a9787eb9b,https://www.schoolinfo.go.kr/ei/pp/Pneipp_b14_s0p.do?GS_HANGMOK_CD=14&GS_HANGMOK_NO=2-%EA%B0%80&GS_HANGMOK_NM=%ED%95%99%EA%B5%90%EA%B5%90%EC%9C%A1%EA%B3%BC%EC%A0%95+%ED%8E%B8%EC%84%B1%E3%86%8D%EC%9A%B4%EC%98%81+%EB%B0%8F+%ED%8F%89%EA%B0%80%EC%97%90+%EA%B4%80%ED%95%9C+%EC%82%AC%ED%95%AD&GS_BURYU_CD=JG100&JG_BURYU_CD=JG020&JG_HANGMOK_CD=05&JG_GUBUN=1&JG_YEAR2=2026&HG_NM=%EC%84%9C%EC%9A%B8%EA%B0%95%EB%B9%9B%EC%B4%88%EB%93%B1%ED%95%99%EA%B5%90&SHL_IDF_CD=a124fdc9-6314-4956-b129-8b2a9787eb9b&GS_TYPE=Y&JG_YEAR=2026&SORT=BR&CHOSEN_JG_YEAR=2026&PRE_JG_YEAR=2026&LOAD_TYPE=single,(정보공시 자료) 학교교육과정 편성 운영 및 평가.hwp,https://www.schoolinfo.go.kr/ei/pp/Pneipp_b73_s0p.do?GS_HANGMOK_CD=73&GS_HANGMOK_NO=15-%EB%9D%BC&GS_HANGMOK_NM=%EB%B0%A9%EA%B3%BC%ED%9B%84%ED%95%99%EA%B5%90+%EC%9A%B4%EC%98%81+%EA%B3%84%ED%9A%8D+%EB%B0%8F+%EC%9A%B4%EC%98%81%E3%86%8D%EC%A7%80%EC%9B%90%ED%98%84%ED%99%A9&GS_BURYU_CD=JG130&JG_BURYU_CD=JG150&JG_HANGMOK_CD=59&JG_GUBUN=1&JG_YEAR2=2026&HG_NM=%EC%84%9C%EC%9A%B8%EA%B0%95%EB%B9%9B%EC%B4%88%EB%93%B1%ED%95%99%EA%B5%90&SHL_IDF_CD=a124fdc9-6314-4956-b129-8b2a9787eb9b&GS_TYPE=Y&JG_YEAR=2026&SORT=BR&CHOSEN_JG_YEAR=2026&PRE_JG_YEAR=2026&LOAD_TYPE=single,2026학년도 강빛초 방과후·돌봄 연간운영계획(정보공시).hwp,,,,,,,,,,
wave2_seoul,B000025614,서울하늘숲초등학교,서울특별시,,15-라 계획에 1학년 오후돌봄 종료 시각이 없음,https://www.schoolinfo.go.kr/ei/ss/Pneiss_b01_s0.do?SHL_IDF_CD=db21f5cf-1ef5-4358-86ac-b52ac43b735d,https://www.schoolinfo.go.kr/ei/pp/Pneipp_b14_s0p.do?GS_HANGMOK_CD=14&GS_HANGMOK_NO=2-%EA%B0%80&GS_HANGMOK_NM=%ED%95%99%EA%B5%90%EA%B5%90%EC%9C%A1%EA%B3%BC%EC%A0%95+%ED%8E%B8%EC%84%B1%E3%86%8D%EC%9A%B4%EC%98%81+%EB%B0%8F+%ED%8F%89%EA%B0%80%EC%97%90+%EA%B4%80%ED%95%9C+%EC%82%AC%ED%95%AD&GS_BURYU_CD=JG100&JG_BURYU_CD=JG020&JG_HANGMOK_CD=05&JG_GUBUN=1&JG_YEAR2=2026&HG_NM=%EC%84%9C%EC%9A%B8%ED%95%98%EB%8A%98%EC%88%B2%EC%B4%88%EB%93%B1%ED%95%99%EA%B5%90&SHL_IDF_CD=db21f5cf-1ef5-4358-86ac-b52ac43b735d&GS_TYPE=Y&JG_YEAR=2026&SORT=BR&CHOSEN_JG_YEAR=2026&PRE_JG_YEAR=2026&LOAD_TYPE=single,(정보공시)2026학년도 서울하늘숲초 학사일정.pdf / (정보공시)2026학년도 서울하늘숲초 교육과정 편성·운영 및 평가에 관한 사항.pdf,https://www.schoolinfo.go.kr/ei/pp/Pneipp_b73_s0p.do?GS_HANGMOK_CD=73&GS_HANGMOK_NO=15-%EB%9D%BC&GS_HANGMOK_NM=%EB%B0%A9%EA%B3%BC%ED%9B%84%ED%95%99%EA%B5%90+%EC%9A%B4%EC%98%81+%EA%B3%84%ED%9A%8D+%EB%B0%8F+%EC%9A%B4%EC%98%81%E3%86%8D%EC%A7%80%EC%9B%90%ED%98%84%ED%99%A9&GS_BURYU_CD=JG130&JG_BURYU_CD=JG150&JG_HANGMOK_CD=59&JG_GUBUN=1&JG_YEAR2=2026&HG_NM=%EC%84%9C%EC%9A%B8%ED%95%98%EB%8A%98%EC%88%B2%EC%B4%88%EB%93%B1%ED%95%99%EA%B5%90&SHL_IDF_CD=db21f5cf-1ef5-4358-86ac-b52ac43b735d&GS_TYPE=Y&JG_YEAR=2026&SORT=BR&CHOSEN_JG_YEAR=2026&PRE_JG_YEAR=2026&LOAD_TYPE=single,2026학년도 방과후·맞춤형 및 특수 방과후교실 연간운영계획.hwp,,,,,,,,,,
wave2_seoul,B000026183,서울항동초등학교,서울특별시,시정표 제목만 있고 표 글자가 없음(이미지 표 가능),,https://www.schoolinfo.go.kr/ei/ss/Pneiss_b01_s0.do?SHL_IDF_CD=ee97b897-b679-4be8-8674-ccf8c3a56549,https://www.schoolinfo.go.kr/ei/pp/Pneipp_b14_s0p.do?GS_HANGMOK_CD=14&GS_HANGMOK_NO=2-%EA%B0%80&GS_HANGMOK_NM=%ED%95%99%EA%B5%90%EA%B5%90%EC%9C%A1%EA%B3%BC%EC%A0%95+%ED%8E%B8%EC%84%B1%E3%86%8D%EC%9A%B4%EC%98%81+%EB%B0%8F+%ED%8F%89%EA%B0%80%EC%97%90+%EA%B4%80%ED%95%9C+%EC%82%AC%ED%95%AD&GS_BURYU_CD=JG100&JG_BURYU_CD=JG020&JG_HANGMOK_CD=05&JG_GUBUN=1&JG_YEAR2=2026&HG_NM=%EC%84%9C%EC%9A%B8%ED%95%AD%EB%8F%99%EC%B4%88%EB%93%B1%ED%95%99%EA%B5%90&SHL_IDF_CD=ee97b897-b679-4be8-8674-ccf8c3a56549&GS_TYPE=Y&JG_YEAR=2026&SORT=BR&CHOSEN_JG_YEAR=2026&PRE_JG_YEAR=2026&LOAD_TYPE=single,(서울항동초)2026 서울항동초 학교교육과정 세부운영계획.pdf / (서울항동초)2026 연간학사일정.pdf / (서울항동초)2026 학교교육과정 편성·운영·평가 계획.pdf / (서울항동초)2025 학교교육과정 편성·운영·평가 결과.pdf,https://www.schoolinfo.go.kr/ei/pp/Pneipp_b73_s0p.do?GS_HANGMOK_CD=73&GS_HANGMOK_NO=15-%EB%9D%BC&GS_HANGMOK_NM=%EB%B0%A9%EA%B3%BC%ED%9B%84%ED%95%99%EA%B5%90+%EC%9A%B4%EC%98%81+%EA%B3%84%ED%9A%8D+%EB%B0%8F+%EC%9A%B4%EC%98%81%E3%86%8D%EC%A7%80%EC%9B%90%ED%98%84%ED%99%A9&GS_BURYU_CD=JG130&JG_BURYU_CD=JG150&JG_HANGMOK_CD=59&JG_GUBUN=1&JG_YEAR2=2026&HG_NM=%EC%84%9C%EC%9A%B8%ED%95%AD%EB%8F%99%EC%B4%88%EB%93%B1%ED%95%99%EA%B5%90&SHL_IDF_CD=ee97b897-b679-4be8-8674-ccf8c3a56549&GS_TYPE=Y&JG_YEAR=2026&SORT=BR&CHOSEN_JG_YEAR=2026&PRE_JG_YEAR=2026&LOAD_TYPE=single,2026학년도 항동초 초등돌봄교실 운영 계획.hwp / 2026학년도 항동초 방과후학교 운영 계획.hwp,,,,,,,,,,
wave2_seoul,B000026371,서울숭신초등학교,서울특별시,2-가 문서에서 시정표를 찾지 못함(요약본이거나 표가 이미지일 수 있음),,https://www.schoolinfo.go.kr/ei/ss/Pneiss_b01_s0.do?SHL_IDF_CD=bb97d5de-48fd-4b22-a729-e82fe23718a6,https://www.schoolinfo.go.kr/ei/pp/Pneipp_b14_s0p.do?GS_HANGMOK_CD=14&GS_HANGMOK_NO=2-%EA%B0%80&GS_HANGMOK_NM=%ED%95%99%EA%B5%90%EA%B5%90%EC%9C%A1%EA%B3%BC%EC%A0%95+%ED%8E%B8%EC%84%B1%E3%86%8D%EC%9A%B4%EC%98%81+%EB%B0%8F+%ED%8F%89%EA%B0%80%EC%97%90+%EA%B4%80%ED%95%9C+%EC%82%AC%ED%95%AD&GS_BURYU_CD=JG100&JG_BURYU_CD=JG020&JG_HANGMOK_CD=05&JG_GUBUN=1&JG_YEAR2=2026&HG_NM=%EC%84%9C%EC%9A%B8%EC%88%AD%EC%8B%A0%EC%B4%88%EB%93%B1%ED%95%99%EA%B5%90&SHL_IDF_CD=bb97d5de-48fd-4b22-a729-e82fe23718a6&GS_TYPE=Y&JG_YEAR=2026&SORT=BR&CHOSEN_JG_YEAR=2026&PRE_JG_YEAR=2026&LOAD_TYPE=single,2026 주요 학사일정 및 월별 주요 교육활동.hwp / 2026 학교교육과정 편성 운영 평가 계획.hwp,https://www.schoolinfo.go.kr/ei/pp/Pneipp_b73_s0p.do?GS_HANGMOK_CD=73&GS_HANGMOK_NO=15-%EB%9D%BC&GS_HANGMOK_NM=%EB%B0%A9%EA%B3%BC%ED%9B%84%ED%95%99%EA%B5%90+%EC%9A%B4%EC%98%81+%EA%B3%84%ED%9A%8D+%EB%B0%8F+%EC%9A%B4%EC%98%81%E3%86%8D%EC%A7%80%EC%9B%90%ED%98%84%ED%99%A9&GS_BURYU_CD=JG130&JG_BURYU_CD=JG150&JG_HANGMOK_CD=59&JG_GUBUN=1&JG_YEAR2=2026&HG_NM=%EC%84%9C%EC%9A%B8%EC%88%AD%EC%8B%A0%EC%B4%88%EB%93%B1%ED%95%99%EA%B5%90&SHL_IDF_CD=bb97d5de-48fd-4b22-a729-e82fe23718a6&GS_TYPE=Y&JG_YEAR=2026&SORT=BR&CHOSEN_JG_YEAR=2026&PRE_JG_YEAR=2026&LOAD_TYPE=single,2025학년도 방과후학교 지원 현황.zip / 2026학년도 초등돌봄교실 연간운영계획(안).hwp / 2026학년도 방과후학교 운영계획(안).hwp,,,,,,,,,,
wave2_seoul,B000027451,서울양원숲초등학교,서울특별시,,15-라 계획에 1학년 오후돌봄 종료 시각이 없음,https://www.schoolinfo.go.kr/ei/ss/Pneiss_b01_s0.do?SHL_IDF_CD=1c2f06af-ac3c-4afd-9bf8-b085cbff7463,https://www.schoolinfo.go.kr/ei/pp/Pneipp_b14_s0p.do?GS_HANGMOK_CD=14&GS_HANGMOK_NO=2-%EA%B0%80&GS_HANGMOK_NM=%ED%95%99%EA%B5%90%EA%B5%90%EC%9C%A1%EA%B3%BC%EC%A0%95+%ED%8E%B8%EC%84%B1%E3%86%8D%EC%9A%B4%EC%98%81+%EB%B0%8F+%ED%8F%89%EA%B0%80%EC%97%90+%EA%B4%80%ED%95%9C+%EC%82%AC%ED%95%AD&GS_BURYU_CD=JG100&JG_BURYU_CD=JG020&JG_HANGMOK_CD=05&JG_GUBUN=1&JG_YEAR2=2026&HG_NM=%EC%84%9C%EC%9A%B8%EC%96%91%EC%9B%90%EC%88%B2%EC%B4%88%EB%93%B1%ED%95%99%EA%B5%90&SHL_IDF_CD=1c2f06af-ac3c-4afd-9bf8-b085cbff7463&GS_TYPE=Y&JG_YEAR=2026&SORT=BR&CHOSEN_JG_YEAR=2026&PRE_JG_YEAR=2026&LOAD_TYPE=single,2026학년도 학교교육과정 편성·운영 및 평가에 관한 사항.pdf,https://www.schoolinfo.go.kr/ei/pp/Pneipp_b73_s0p.do?GS_HANGMOK_CD=73&GS_HANGMOK_NO=15-%EB%9D%BC&GS_HANGMOK_NM=%EB%B0%A9%EA%B3%BC%ED%9B%84%ED%95%99%EA%B5%90+%EC%9A%B4%EC%98%81+%EA%B3%84%ED%9A%8D+%EB%B0%8F+%EC%9A%B4%EC%98%81%E3%86%8D%EC%A7%80%EC%9B%90%ED%98%84%ED%99%A9&GS_BURYU_CD=JG130&JG_BURYU_CD=JG150&JG_HANGMOK_CD=59&JG_GUBUN=1&JG_YEAR2=2026&HG_NM=%EC%84%9C%EC%9A%B8%EC%96%91%EC%9B%90%EC%88%B2%EC%B4%88%EB%93%B1%ED%95%99%EA%B5%90&SHL_IDF_CD=1c2f06af-ac3c-4afd-9bf8-b085cbff7463&GS_TYPE=Y&JG_YEAR=2026&SORT=BR&CHOSEN_JG_YEAR=2026&PRE_JG_YEAR=2026&LOAD_TYPE=single,(서울양원숲초) 2026학년도 방과후교실 연간 운영 계획.hwpx,,,,,,,,,,
